2026-05-14T00:23:52.427+02:00  WARN 42910 --- [e-shop-backend] [scheduling-1] com.zaxxer.hikari.pool.PoolBase          : HikariPool-1 - Failed to validate connection org.postgresql.jdbc.PgConnection@6af444c6 (This connection has been closed.). Possibly consider using a shorter maxLifetime value.
2026-05-14T00:23:52.431+02:00  WARN 42910 --- [e-shop-backend] [scheduling-1] com.zaxxer.hikari.pool.PoolBase          : HikariPool-1 - Failed to validate connection org.postgresql.jdbc.PgConnection@3c8b2b79 (This connection has been closed.). Possibly consider using a shorter maxLifetime value.
2026-05-14T00:23:52.431+02:00  WARN 42910 --- [e-shop-backend] [scheduling-1] com.zaxxer.hikari.pool.PoolBase          : HikariPool-1 - Failed to validate connection org.postgresql.jdbc.PgConnection@4a75735e (This connection has been closed.). Possibly consider using a shorter maxLifetime value.
2026-05-14T00:23:52.431+02:00  WARN 42910 --- [e-shop-backend] [scheduling-1] com.zaxxer.hikari.pool.PoolBase          : HikariPool-1 - Failed to validate connection org.postgresql.jdbc.PgConnection@486e9e63 (This connection has been closed.). Possibly consider using a shorter maxLifetime value.
2026-05-14T00:23:52.432+02:00  WARN 42910 --- [e-shop-backend] [scheduling-1] com.zaxxer.hikari.pool.PoolBase          : HikariPool-1 - Failed to validate connection org.postgresql.jdbc.PgConnection@698525b5 (This connection has been closed.). Possibly consider using a shorter maxLifetime value.
2026-05-14T00:30:21.016+02:00  WARN 42910 --- [e-shop-backend] [HikariPool-1:connection-adder] com.zaxxer.hikari.pool.PoolBase          : HikariPool-1 - Pool is empty, failed to create/setup connection (08e08603-3d9c-46c1-855c-5e6077048c2a)

org.postgresql.util.PSQLException: Connection to localhost:5433 refused. Check that the hostname and port are correct and that the postmaster is accepting TCP/IP connections.
	at org.postgresql.core.v3.ConnectionFactoryImpl.openConnectionImpl(ConnectionFactoryImpl.java:346) ~[postgresql-42.7.3.jar:42.7.3]
	at org.postgresql.core.ConnectionFactory.openConnection(ConnectionFactory.java:54) ~[postgresql-42.7.3.jar:42.7.3]
	at org.postgresql.jdbc.PgConnection.<init>(PgConnection.java:273) ~[postgresql-42.7.3.jar:42.7.3]
	at org.postgresql.Driver.makeConnection(Driver.java:446) ~[postgresql-42.7.3.jar:42.7.3]
	at org.postgresql.Driver.connect(Driver.java:298) ~[postgresql-42.7.3.jar:42.7.3]
	at com.zaxxer.hikari.util.DriverDataSource.getConnection(DriverDataSource.java:144) ~[HikariCP-7.0.2.jar:na]
	at com.zaxxer.hikari.pool.PoolBase.newConnection(PoolBase.java:373) ~[HikariCP-7.0.2.jar:na]
	at com.zaxxer.hikari.pool.PoolBase.newPoolEntry(PoolBase.java:210) ~[HikariCP-7.0.2.jar:na]
	at com.zaxxer.hikari.pool.HikariPool.createPoolEntry(HikariPool.java:488) ~[HikariCP-7.0.2.jar:na]
	at com.zaxxer.hikari.pool.HikariPool$PoolEntryCreator.call(HikariPool.java:752) ~[HikariCP-7.0.2.jar:na]
	at com.zaxxer.hikari.pool.HikariPool$PoolEntryCreator.call(HikariPool.java:731) ~[HikariCP-7.0.2.jar:na]
	at java.base/java.util.concurrent.FutureTask.run$$$capture(FutureTask.java:317) ~[na:na]
	at java.base/java.util.concurrent.FutureTask.run(FutureTask.java) ~[na:na]
	at java.base/java.util.concurrent.ThreadPoolExecutor.runWorker(ThreadPoolExecutor.java:1144) ~[na:na]
	at java.base/java.util.concurrent.ThreadPoolExecutor$Worker.run(ThreadPoolExecutor.java:642) ~[na:na]
	at java.base/java.lang.Thread.run(Thread.java:1583) ~[na:na]
Caused by: java.net.ConnectException: Connection refused
	at java.base/sun.nio.ch.Net.pollConnect(Native Method) ~[na:na]
	at java.base/sun.nio.ch.Net.pollConnectNow(Net.java:694) ~[na:na]
	at java.base/sun.nio.ch.NioSocketImpl.timedFinishConnect(NioSocketImpl.java:549) ~[na:na]
	at java.base/sun.nio.ch.NioSocketImpl.connect(NioSocketImpl.java:592) ~[na:na]
	at java.base/java.net.SocksSocketImpl.connect(SocksSocketImpl.java:327) ~[na:na]
	at java.base/java.net.Socket.connect(Socket.java:751) ~[na:na]
	at org.postgresql.core.PGStream.createSocket(PGStream.java:243) ~[postgresql-42.7.3.jar:42.7.3]
	at org.postgresql.core.PGStream.<init>(PGStream.java:98) ~[postgresql-42.7.3.jar:42.7.3]
	at org.postgresql.core.v3.ConnectionFactoryImpl.tryConnect(ConnectionFactoryImpl.java:136) ~[postgresql-42.7.3.jar:42.7.3]
	at org.postgresql.core.v3.ConnectionFactoryImpl.openConnectionImpl(ConnectionFactoryImpl.java:262) ~[postgresql-42.7.3.jar:42.7.3]
	... 15 common frames omitted

2026-05-14T00:30:21.904+02:00  WARN 42910 --- [e-shop-backend] [HikariPool-1:housekeeper] com.zaxxer.hikari.pool.HikariPool        : HikariPool-1 - Thread starvation or clock leap detected (housekeeper delta=1h28m19s645ms).
2026-05-14T00:46:02.995+02:00  WARN 42910 --- [e-shop-backend] [HikariPool-1:connection-adder] com.zaxxer.hikari.pool.PoolBase          : HikariPool-1 - Pool is empty, failed to create/setup connection (1b499c18-15e2-4cc3-9579-f09493a2d204)

org.postgresql.util.PSQLException: Connection to localhost:5433 refused. Check that the hostname and port are correct and that the postmaster is accepting TCP/IP connections.
	at org.postgresql.core.v3.ConnectionFactoryImpl.openConnectionImpl(ConnectionFactoryImpl.java:346) ~[postgresql-42.7.3.jar:42.7.3]
	at org.postgresql.core.ConnectionFactory.openConnection(ConnectionFactory.java:54) ~[postgresql-42.7.3.jar:42.7.3]
	at org.postgresql.jdbc.PgConnection.<init>(PgConnection.java:273) ~[postgresql-42.7.3.jar:42.7.3]
	at org.postgresql.Driver.makeConnection(Driver.java:446) ~[postgresql-42.7.3.jar:42.7.3]
	at org.postgresql.Driver.connect(Driver.java:298) ~[postgresql-42.7.3.jar:42.7.3]
	at com.zaxxer.hikari.util.DriverDataSource.getConnection(DriverDataSource.java:144) ~[HikariCP-7.0.2.jar:na]
	at com.zaxxer.hikari.pool.PoolBase.newConnection(PoolBase.java:373) ~[HikariCP-7.0.2.jar:na]
	at com.zaxxer.hikari.pool.PoolBase.newPoolEntry(PoolBase.java:210) ~[HikariCP-7.0.2.jar:na]
	at com.zaxxer.hikari.pool.HikariPool.createPoolEntry(HikariPool.java:488) ~[HikariCP-7.0.2.jar:na]
	at com.zaxxer.hikari.pool.HikariPool$PoolEntryCreator.call(HikariPool.java:752) ~[HikariCP-7.0.2.jar:na]
	at com.zaxxer.hikari.pool.HikariPool$PoolEntryCreator.call(HikariPool.java:731) ~[HikariCP-7.0.2.jar:na]
	at java.base/java.util.concurrent.FutureTask.run$$$capture(FutureTask.java:317) ~[na:na]
	at java.base/java.util.concurrent.FutureTask.run(FutureTask.java) ~[na:na]
	at java.base/java.util.concurrent.ThreadPoolExecutor.runWorker(ThreadPoolExecutor.java:1144) ~[na:na]
	at java.base/java.util.concurrent.ThreadPoolExecutor$Worker.run(ThreadPoolExecutor.java:642) ~[na:na]
	at java.base/java.lang.Thread.run(Thread.java:1583) ~[na:na]
Caused by: java.net.ConnectException: Connection refused
	at java.base/sun.nio.ch.Net.pollConnect(Native Method) ~[na:na]
	at java.base/sun.nio.ch.Net.pollConnectNow(Net.java:694) ~[na:na]
	at java.base/sun.nio.ch.NioSocketImpl.timedFinishConnect(NioSocketImpl.java:549) ~[na:na]
	at java.base/sun.nio.ch.NioSocketImpl.connect(NioSocketImpl.java:592) ~[na:na]
	at java.base/java.net.SocksSocketImpl.connect(SocksSocketImpl.java:327) ~[na:na]
	at java.base/java.net.Socket.connect(Socket.java:751) ~[na:na]
	at org.postgresql.core.PGStream.createSocket(PGStream.java:243) ~[postgresql-42.7.3.jar:42.7.3]
	at org.postgresql.core.PGStream.<init>(PGStream.java:98) ~[postgresql-42.7.3.jar:42.7.3]
	at org.postgresql.core.v3.ConnectionFactoryImpl.tryConnect(ConnectionFactoryImpl.java:136) ~[postgresql-42.7.3.jar:42.7.3]
	at org.postgresql.core.v3.ConnectionFactoryImpl.openConnectionImpl(ConnectionFactoryImpl.java:262) ~[postgresql-42.7.3.jar:42.7.3]
	... 15 common frames omitted

2026-05-14T01:19:42.566+02:00  WARN 42910 --- [e-shop-backend] [HikariPool-1:connection-adder] com.zaxxer.hikari.pool.PoolBase          : HikariPool-1 - Pool is empty, failed to create/setup connection (d36f6168-624e-40a6-99cb-27ffc0b0b680)

org.postgresql.util.PSQLException: Connection to localhost:5433 refused. Check that the hostname and port are correct and that the postmaster is accepting TCP/IP connections.
	at org.postgresql.core.v3.ConnectionFactoryImpl.openConnectionImpl(ConnectionFactoryImpl.java:346) ~[postgresql-42.7.3.jar:42.7.3]
	at org.postgresql.core.ConnectionFactory.openConnection(ConnectionFactory.java:54) ~[postgresql-42.7.3.jar:42.7.3]
	at org.postgresql.jdbc.PgConnection.<init>(PgConnection.java:273) ~[postgresql-42.7.3.jar:42.7.3]
	at org.postgresql.Driver.makeConnection(Driver.java:446) ~[postgresql-42.7.3.jar:42.7.3]
	at org.postgresql.Driver.connect(Driver.java:298) ~[postgresql-42.7.3.jar:42.7.3]
	at com.zaxxer.hikari.util.DriverDataSource.getConnection(DriverDataSource.java:144) ~[HikariCP-7.0.2.jar:na]
	at com.zaxxer.hikari.pool.PoolBase.newConnection(PoolBase.java:373) ~[HikariCP-7.0.2.jar:na]
	at com.zaxxer.hikari.pool.PoolBase.newPoolEntry(PoolBase.java:210) ~[HikariCP-7.0.2.jar:na]
	at com.zaxxer.hikari.pool.HikariPool.createPoolEntry(HikariPool.java:488) ~[HikariCP-7.0.2.jar:na]
	at com.zaxxer.hikari.pool.HikariPool$PoolEntryCreator.call(HikariPool.java:752) ~[HikariCP-7.0.2.jar:na]
	at com.zaxxer.hikari.pool.HikariPool$PoolEntryCreator.call(HikariPool.java:731) ~[HikariCP-7.0.2.jar:na]
	at java.base/java.util.concurrent.FutureTask.run$$$capture(FutureTask.java:317) ~[na:na]
	at java.base/java.util.concurrent.FutureTask.run(FutureTask.java) ~[na:na]
	at java.base/java.util.concurrent.ThreadPoolExecutor.runWorker(ThreadPoolExecutor.java:1144) ~[na:na]
	at java.base/java.util.concurrent.ThreadPoolExecutor$Worker.run(ThreadPoolExecutor.java:642) ~[na:na]
	at java.base/java.lang.Thread.run(Thread.java:1583) ~[na:na]
Caused by: java.net.ConnectException: Connection refused
	at java.base/sun.nio.ch.Net.pollConnect(Native Method) ~[na:na]
	at java.base/sun.nio.ch.Net.pollConnectNow(Net.java:694) ~[na:na]
	at java.base/sun.nio.ch.NioSocketImpl.timedFinishConnect(NioSocketImpl.java:549) ~[na:na]
	at java.base/sun.nio.ch.NioSocketImpl.connect(NioSocketImpl.java:592) ~[na:na]
	at java.base/java.net.SocksSocketImpl.connect(SocksSocketImpl.java:327) ~[na:na]
	at java.base/java.net.Socket.connect(Socket.java:751) ~[na:na]
	at org.postgresql.core.PGStream.createSocket(PGStream.java:243) ~[postgresql-42.7.3.jar:42.7.3]
	at org.postgresql.core.PGStream.<init>(PGStream.java:98) ~[postgresql-42.7.3.jar:42.7.3]
	at org.postgresql.core.v3.ConnectionFactoryImpl.tryConnect(ConnectionFactoryImpl.java:136) ~[postgresql-42.7.3.jar:42.7.3]
	at org.postgresql.core.v3.ConnectionFactoryImpl.openConnectionImpl(ConnectionFactoryImpl.java:262) ~[postgresql-42.7.3.jar:42.7.3]
	... 15 common frames omitted

2026-05-14T01:35:33.481+02:00  WARN 42910 --- [e-shop-backend] [scheduling-1] org.hibernate.orm.jdbc.error             : HHH000247: ErrorCode: 0, SQLState: 08001
2026-05-14T01:35:33.482+02:00  WARN 42910 --- [e-shop-backend] [scheduling-1] org.hibernate.orm.jdbc.error             : HikariPool-1 - Connection is not available, request timed out after 4301045ms (total=0, active=0, idle=0, waiting=0)
2026-05-14T01:35:33.482+02:00  WARN 42910 --- [e-shop-backend] [scheduling-1] org.hibernate.orm.jdbc.error             : HHH000247: ErrorCode: 0, SQLState: 08001
2026-05-14T01:35:33.482+02:00  WARN 42910 --- [e-shop-backend] [scheduling-1] org.hibernate.orm.jdbc.error             : HikariPool-1 - Connection is not available, request timed out after 4301045ms (total=0, active=0, idle=0, waiting=0)
2026-05-14T01:35:33.485+02:00 ERROR 42910 --- [e-shop-backend] [scheduling-1] o.s.s.s.TaskUtils$LoggingErrorHandler    : Unexpected error occurred in scheduled task

org.springframework.transaction.CannotCreateTransactionException: Could not open JPA EntityManager for transaction
	at org.springframework.orm.jpa.JpaTransactionManager.doBegin(JpaTransactionManager.java:457) ~[spring-orm-7.0.5.jar:7.0.5]
	at org.springframework.transaction.support.AbstractPlatformTransactionManager.startTransaction(AbstractPlatformTransactionManager.java:532) ~[spring-tx-7.0.5.jar:7.0.5]
	at org.springframework.transaction.support.AbstractPlatformTransactionManager.getTransaction(AbstractPlatformTransactionManager.java:405) ~[spring-tx-7.0.5.jar:7.0.5]
	at org.springframework.transaction.interceptor.TransactionAspectSupport.createTransactionIfNecessary(TransactionAspectSupport.java:628) ~[spring-tx-7.0.5.jar:7.0.5]
	at org.springframework.transaction.interceptor.TransactionAspectSupport.invokeWithinTransaction(TransactionAspectSupport.java:365) ~[spring-tx-7.0.5.jar:7.0.5]
	at org.springframework.transaction.interceptor.TransactionInterceptor.invoke(TransactionInterceptor.java:130) ~[spring-tx-7.0.5.jar:7.0.5]
	at org.springframework.aop.framework.ReflectiveMethodInvocation.proceed(ReflectiveMethodInvocation.java:179) ~[spring-aop-7.0.5.jar:7.0.5]
	at org.springframework.aop.framework.CglibAopProxy$DynamicAdvisedInterceptor.intercept(CglibAopProxy.java:719) ~[spring-aop-7.0.5.jar:7.0.5]
	at com.example.emtbackendlab.jobs.MaterializedViewRefreshScheduler$$SpringCGLIB$$0.refreshBooksStatsView(<generated>) ~[classes/:na]
	at java.base/jdk.internal.reflect.DirectMethodHandleAccessor.invoke(DirectMethodHandleAccessor.java:103) ~[na:na]
	at java.base/java.lang.reflect.Method.invoke(Method.java:580) ~[na:na]
	at org.springframework.scheduling.support.ScheduledMethodRunnable.runInternal(ScheduledMethodRunnable.java:128) ~[spring-context-7.0.5.jar:7.0.5]
	at org.springframework.scheduling.support.ScheduledMethodRunnable.lambda$run$1(ScheduledMethodRunnable.java:122) ~[spring-context-7.0.5.jar:7.0.5]
	at io.micrometer.observation.Observation.observe(Observation.java:564) ~[micrometer-observation-1.16.3.jar:1.16.3]
	at org.springframework.scheduling.support.ScheduledMethodRunnable.run(ScheduledMethodRunnable.java:122) ~[spring-context-7.0.5.jar:7.0.5]
	at org.springframework.scheduling.config.Task$OutcomeTrackingRunnable.run(Task.java:88) ~[spring-context-7.0.5.jar:7.0.5]
	at org.springframework.scheduling.support.DelegatingErrorHandlingRunnable.run(DelegatingErrorHandlingRunnable.java:54) ~[spring-context-7.0.5.jar:7.0.5]
	at org.springframework.scheduling.concurrent.ReschedulingRunnable.run(ReschedulingRunnable.java:94) ~[spring-context-7.0.5.jar:7.0.5]
	at java.base/java.util.concurrent.Executors$RunnableAdapter.call(Executors.java:572) ~[na:na]
	at java.base/java.util.concurrent.FutureTask.run$$$capture(FutureTask.java:317) ~[na:na]
	at java.base/java.util.concurrent.FutureTask.run(FutureTask.java) ~[na:na]
	at java.base/java.util.concurrent.ScheduledThreadPoolExecutor$ScheduledFutureTask.run(ScheduledThreadPoolExecutor.java:304) ~[na:na]
	at java.base/java.util.concurrent.ThreadPoolExecutor.runWorker(ThreadPoolExecutor.java:1144) ~[na:na]
	at java.base/java.util.concurrent.ThreadPoolExecutor$Worker.run(ThreadPoolExecutor.java:642) ~[na:na]
	at java.base/java.lang.Thread.run(Thread.java:1583) ~[na:na]
Caused by: org.hibernate.exception.JDBCConnectionException: Unable to acquire JDBC Connection [HikariPool-1 - Connection is not available, request timed out after 4301045ms (total=0, active=0, idle=0, waiting=0)] [n/a]
	at org.hibernate.exception.internal.SQLExceptionTypeDelegate.convert(SQLExceptionTypeDelegate.java:49) ~[hibernate-core-7.2.4.Final.jar:7.2.4.Final]
	at org.hibernate.exception.internal.StandardSQLExceptionConverter.convert(StandardSQLExceptionConverter.java:34) ~[hibernate-core-7.2.4.Final.jar:7.2.4.Final]
	at org.hibernate.engine.jdbc.spi.SqlExceptionHelper.convert(SqlExceptionHelper.java:115) ~[hibernate-core-7.2.4.Final.jar:7.2.4.Final]
	at org.hibernate.engine.jdbc.spi.SqlExceptionHelper.convert(SqlExceptionHelper.java:101) ~[hibernate-core-7.2.4.Final.jar:7.2.4.Final]
	at org.hibernate.resource.jdbc.internal.LogicalConnectionManagedImpl.acquire(LogicalConnectionManagedImpl.java:190) ~[hibernate-core-7.2.4.Final.jar:7.2.4.Final]
	at org.hibernate.resource.jdbc.internal.LogicalConnectionManagedImpl.acquireConnectionIfNeeded(LogicalConnectionManagedImpl.java:87) ~[hibernate-core-7.2.4.Final.jar:7.2.4.Final]
	at org.hibernate.resource.jdbc.internal.LogicalConnectionManagedImpl.getPhysicalConnection(LogicalConnectionManagedImpl.java:126) ~[hibernate-core-7.2.4.Final.jar:7.2.4.Final]
	at org.hibernate.resource.jdbc.internal.LogicalConnectionManagedImpl.getConnectionForTransactionManagement(LogicalConnectionManagedImpl.java:277) ~[hibernate-core-7.2.4.Final.jar:7.2.4.Final]
	at org.hibernate.resource.jdbc.internal.LogicalConnectionManagedImpl.begin(LogicalConnectionManagedImpl.java:286) ~[hibernate-core-7.2.4.Final.jar:7.2.4.Final]
	at org.hibernate.resource.transaction.backend.jdbc.internal.JdbcResourceLocalTransactionCoordinatorImpl$TransactionDriverControlImpl.begin(JdbcResourceLocalTransactionCoordinatorImpl.java:226) ~[hibernate-core-7.2.4.Final.jar:7.2.4.Final]
	at org.hibernate.engine.transaction.internal.TransactionImpl.begin(TransactionImpl.java:75) ~[hibernate-core-7.2.4.Final.jar:7.2.4.Final]
	at org.springframework.orm.jpa.vendor.HibernateJpaDialect.beginTransaction(HibernateJpaDialect.java:147) ~[spring-orm-7.0.5.jar:7.0.5]
	at org.springframework.orm.jpa.JpaTransactionManager.doBegin(JpaTransactionManager.java:411) ~[spring-orm-7.0.5.jar:7.0.5]
	... 24 common frames omitted
Caused by: java.sql.SQLTransientConnectionException: HikariPool-1 - Connection is not available, request timed out after 4301045ms (total=0, active=0, idle=0, waiting=0)
	at com.zaxxer.hikari.pool.HikariPool.createTimeoutException(HikariPool.java:714) ~[HikariCP-7.0.2.jar:na]
	at com.zaxxer.hikari.pool.HikariPool.getConnection(HikariPool.java:184) ~[HikariCP-7.0.2.jar:na]
	at com.zaxxer.hikari.pool.HikariPool.getConnection(HikariPool.java:142) ~[HikariCP-7.0.2.jar:na]
	at com.zaxxer.hikari.HikariDataSource.getConnection(HikariDataSource.java:127) ~[HikariCP-7.0.2.jar:na]
	at org.hibernate.engine.jdbc.connections.internal.DataSourceConnectionProvider.getConnection(DataSourceConnectionProvider.java:137) ~[hibernate-core-7.2.4.Final.jar:7.2.4.Final]
	at org.hibernate.internal.NonContextualJdbcConnectionAccess.obtainConnection(NonContextualJdbcConnectionAccess.java:47) ~[hibernate-core-7.2.4.Final.jar:7.2.4.Final]
	at org.hibernate.resource.jdbc.internal.LogicalConnectionManagedImpl.acquire(LogicalConnectionManagedImpl.java:187) ~[hibernate-core-7.2.4.Final.jar:7.2.4.Final]
	... 32 common frames omitted
Caused by: org.postgresql.util.PSQLException: Connection to localhost:5433 refused. Check that the hostname and port are correct and that the postmaster is accepting TCP/IP connections.
	at org.postgresql.core.v3.ConnectionFactoryImpl.openConnectionImpl(ConnectionFactoryImpl.java:346) ~[postgresql-42.7.3.jar:42.7.3]
	at org.postgresql.core.ConnectionFactory.openConnection(ConnectionFactory.java:54) ~[postgresql-42.7.3.jar:42.7.3]
	at org.postgresql.jdbc.PgConnection.<init>(PgConnection.java:273) ~[postgresql-42.7.3.jar:42.7.3]
	at org.postgresql.Driver.makeConnection(Driver.java:446) ~[postgresql-42.7.3.jar:42.7.3]
	at org.postgresql.Driver.connect(Driver.java:298) ~[postgresql-42.7.3.jar:42.7.3]
	at com.zaxxer.hikari.util.DriverDataSource.getConnection(DriverDataSource.java:144) ~[HikariCP-7.0.2.jar:na]
	at com.zaxxer.hikari.pool.PoolBase.newConnection(PoolBase.java:373) ~[HikariCP-7.0.2.jar:na]
	at com.zaxxer.hikari.pool.PoolBase.newPoolEntry(PoolBase.java:210) ~[HikariCP-7.0.2.jar:na]
	at com.zaxxer.hikari.pool.HikariPool.createPoolEntry(HikariPool.java:488) ~[HikariCP-7.0.2.jar:na]
	at com.zaxxer.hikari.pool.HikariPool$PoolEntryCreator.call(HikariPool.java:752) ~[HikariCP-7.0.2.jar:na]
	at com.zaxxer.hikari.pool.HikariPool$PoolEntryCreator.call(HikariPool.java:731) ~[HikariCP-7.0.2.jar:na]
	at java.base/java.util.concurrent.FutureTask.run$$$capture(FutureTask.java:317) ~[na:na]
	at java.base/java.util.concurrent.FutureTask.run(FutureTask.java) ~[na:na]
	... 3 common frames omitted
Caused by: java.net.ConnectException: Connection refused
	at java.base/sun.nio.ch.Net.pollConnect(Native Method) ~[na:na]
	at java.base/sun.nio.ch.Net.pollConnectNow(Net.java:694) ~[na:na]
	at java.base/sun.nio.ch.NioSocketImpl.timedFinishConnect(NioSocketImpl.java:549) ~[na:na]
	at java.base/sun.nio.ch.NioSocketImpl.connect(NioSocketImpl.java:592) ~[na:na]
	at java.base/java.net.SocksSocketImpl.connect(SocksSocketImpl.java:327) ~[na:na]
	at java.base/java.net.Socket.connect(Socket.java:751) ~[na:na]
	at org.postgresql.core.PGStream.createSocket(PGStream.java:243) ~[postgresql-42.7.3.jar:42.7.3]
	at org.postgresql.core.PGStream.<init>(PGStream.java:98) ~[postgresql-42.7.3.jar:42.7.3]
	at org.postgresql.core.v3.ConnectionFactoryImpl.tryConnect(ConnectionFactoryImpl.java:136) ~[postgresql-42.7.3.jar:42.7.3]
	at org.postgresql.core.v3.ConnectionFactoryImpl.openConnectionImpl(ConnectionFactoryImpl.java:262) ~[postgresql-42.7.3.jar:42.7.3]
	... 15 common frames omitted

2026-05-14T01:50:38.078+02:00  WARN 42910 --- [e-shop-backend] [HikariPool-1:connection-adder] com.zaxxer.hikari.pool.PoolBase          : HikariPool-1 - Pool is empty, failed to create/setup connection (11432edf-76f3-4258-9845-a84b987087c9)

org.postgresql.util.PSQLException: Connection to localhost:5433 refused. Check that the hostname and port are correct and that the postmaster is accepting TCP/IP connections.
	at org.postgresql.core.v3.ConnectionFactoryImpl.openConnectionImpl(ConnectionFactoryImpl.java:346) ~[postgresql-42.7.3.jar:42.7.3]
	at org.postgresql.core.ConnectionFactory.openConnection(ConnectionFactory.java:54) ~[postgresql-42.7.3.jar:42.7.3]
	at org.postgresql.jdbc.PgConnection.<init>(PgConnection.java:273) ~[postgresql-42.7.3.jar:42.7.3]
	at org.postgresql.Driver.makeConnection(Driver.java:446) ~[postgresql-42.7.3.jar:42.7.3]
	at org.postgresql.Driver.connect(Driver.java:298) ~[postgresql-42.7.3.jar:42.7.3]
	at com.zaxxer.hikari.util.DriverDataSource.getConnection(DriverDataSource.java:144) ~[HikariCP-7.0.2.jar:na]
	at com.zaxxer.hikari.pool.PoolBase.newConnection(PoolBase.java:373) ~[HikariCP-7.0.2.jar:na]
	at com.zaxxer.hikari.pool.PoolBase.newPoolEntry(PoolBase.java:210) ~[HikariCP-7.0.2.jar:na]
	at com.zaxxer.hikari.pool.HikariPool.createPoolEntry(HikariPool.java:488) ~[HikariCP-7.0.2.jar:na]
	at com.zaxxer.hikari.pool.HikariPool$PoolEntryCreator.call(HikariPool.java:752) ~[HikariCP-7.0.2.jar:na]
	at com.zaxxer.hikari.pool.HikariPool$PoolEntryCreator.call(HikariPool.java:731) ~[HikariCP-7.0.2.jar:na]
	at java.base/java.util.concurrent.FutureTask.run$$$capture(FutureTask.java:317) ~[na:na]
	at java.base/java.util.concurrent.FutureTask.run(FutureTask.java) ~[na:na]
	at java.base/java.util.concurrent.ThreadPoolExecutor.runWorker(ThreadPoolExecutor.java:1144) ~[na:na]
	at java.base/java.util.concurrent.ThreadPoolExecutor$Worker.run(ThreadPoolExecutor.java:642) ~[na:na]
	at java.base/java.lang.Thread.run(Thread.java:1583) ~[na:na]
Caused by: java.net.ConnectException: Connection refused
	at java.base/sun.nio.ch.Net.pollConnect(Native Method) ~[na:na]
	at java.base/sun.nio.ch.Net.pollConnectNow(Net.java:694) ~[na:na]
	at java.base/sun.nio.ch.NioSocketImpl.timedFinishConnect(NioSocketImpl.java:549) ~[na:na]
	at java.base/sun.nio.ch.NioSocketImpl.connect(NioSocketImpl.java:592) ~[na:na]
	at java.base/java.net.SocksSocketImpl.connect(SocksSocketImpl.java:327) ~[na:na]
	at java.base/java.net.Socket.connect(Socket.java:751) ~[na:na]
	at org.postgresql.core.PGStream.createSocket(PGStream.java:243) ~[postgresql-42.7.3.jar:42.7.3]
	at org.postgresql.core.PGStream.<init>(PGStream.java:98) ~[postgresql-42.7.3.jar:42.7.3]
	at org.postgresql.core.v3.ConnectionFactoryImpl.tryConnect(ConnectionFactoryImpl.java:136) ~[postgresql-42.7.3.jar:42.7.3]
	at org.postgresql.core.v3.ConnectionFactoryImpl.openConnectionImpl(ConnectionFactoryImpl.java:262) ~[postgresql-42.7.3.jar:42.7.3]
	... 15 common frames omitted

2026-05-14T01:50:38.899+02:00  WARN 42910 --- [e-shop-backend] [HikariPool-1:housekeeper] com.zaxxer.hikari.pool.HikariPool        : HikariPool-1 - Thread starvation or clock leap detected (housekeeper delta=1h20m16s995ms).
2026-05-14T02:22:50.640+02:00  WARN 42910 --- [e-shop-backend] [HikariPool-1:connection-adder] com.zaxxer.hikari.pool.PoolBase          : HikariPool-1 - Pool is empty, failed to create/setup connection (f7040c45-820e-48c2-aec9-16e46f2db2f5)

org.postgresql.util.PSQLException: Connection to localhost:5433 refused. Check that the hostname and port are correct and that the postmaster is accepting TCP/IP connections.
	at org.postgresql.core.v3.ConnectionFactoryImpl.openConnectionImpl(ConnectionFactoryImpl.java:346) ~[postgresql-42.7.3.jar:42.7.3]
	at org.postgresql.core.ConnectionFactory.openConnection(ConnectionFactory.java:54) ~[postgresql-42.7.3.jar:42.7.3]
	at org.postgresql.jdbc.PgConnection.<init>(PgConnection.java:273) ~[postgresql-42.7.3.jar:42.7.3]
	at org.postgresql.Driver.makeConnection(Driver.java:446) ~[postgresql-42.7.3.jar:42.7.3]
	at org.postgresql.Driver.connect(Driver.java:298) ~[postgresql-42.7.3.jar:42.7.3]
	at com.zaxxer.hikari.util.DriverDataSource.getConnection(DriverDataSource.java:144) ~[HikariCP-7.0.2.jar:na]
	at com.zaxxer.hikari.pool.PoolBase.newConnection(PoolBase.java:373) ~[HikariCP-7.0.2.jar:na]
	at com.zaxxer.hikari.pool.PoolBase.newPoolEntry(PoolBase.java:210) ~[HikariCP-7.0.2.jar:na]
	at com.zaxxer.hikari.pool.HikariPool.createPoolEntry(HikariPool.java:488) ~[HikariCP-7.0.2.jar:na]
	at com.zaxxer.hikari.pool.HikariPool$PoolEntryCreator.call(HikariPool.java:752) ~[HikariCP-7.0.2.jar:na]
	at com.zaxxer.hikari.pool.HikariPool$PoolEntryCreator.call(HikariPool.java:731) ~[HikariCP-7.0.2.jar:na]
	at java.base/java.util.concurrent.FutureTask.run$$$capture(FutureTask.java:317) ~[na:na]
	at java.base/java.util.concurrent.FutureTask.run(FutureTask.java) ~[na:na]
	at java.base/java.util.concurrent.ThreadPoolExecutor.runWorker(ThreadPoolExecutor.java:1144) ~[na:na]
	at java.base/java.util.concurrent.ThreadPoolExecutor$Worker.run(ThreadPoolExecutor.java:642) ~[na:na]
	at java.base/java.lang.Thread.run(Thread.java:1583) ~[na:na]
Caused by: java.net.ConnectException: Connection refused
	at java.base/sun.nio.ch.Net.pollConnect(Native Method) ~[na:na]
	at java.base/sun.nio.ch.Net.pollConnectNow(Net.java:694) ~[na:na]
	at java.base/sun.nio.ch.NioSocketImpl.timedFinishConnect(NioSocketImpl.java:549) ~[na:na]
	at java.base/sun.nio.ch.NioSocketImpl.connect(NioSocketImpl.java:592) ~[na:na]
	at java.base/java.net.SocksSocketImpl.connect(SocksSocketImpl.java:327) ~[na:na]
	at java.base/java.net.Socket.connect(Socket.java:751) ~[na:na]
	at org.postgresql.core.PGStream.createSocket(PGStream.java:243) ~[postgresql-42.7.3.jar:42.7.3]
	at org.postgresql.core.PGStream.<init>(PGStream.java:98) ~[postgresql-42.7.3.jar:42.7.3]
	at org.postgresql.core.v3.ConnectionFactoryImpl.tryConnect(ConnectionFactoryImpl.java:136) ~[postgresql-42.7.3.jar:42.7.3]
	at org.postgresql.core.v3.ConnectionFactoryImpl.openConnectionImpl(ConnectionFactoryImpl.java:262) ~[postgresql-42.7.3.jar:42.7.3]
	... 15 common frames omitted

2026-05-14T02:54:58.165+02:00  WARN 42910 --- [e-shop-backend] [HikariPool-1:connection-adder] com.zaxxer.hikari.pool.PoolBase          : HikariPool-1 - Pool is empty, failed to create/setup connection (46004460-7572-4f9c-9ebd-688ec2b29191)

org.postgresql.util.PSQLException: Connection to localhost:5433 refused. Check that the hostname and port are correct and that the postmaster is accepting TCP/IP connections.
	at org.postgresql.core.v3.ConnectionFactoryImpl.openConnectionImpl(ConnectionFactoryImpl.java:346) ~[postgresql-42.7.3.jar:42.7.3]
	at org.postgresql.core.ConnectionFactory.openConnection(ConnectionFactory.java:54) ~[postgresql-42.7.3.jar:42.7.3]
	at org.postgresql.jdbc.PgConnection.<init>(PgConnection.java:273) ~[postgresql-42.7.3.jar:42.7.3]
	at org.postgresql.Driver.makeConnection(Driver.java:446) ~[postgresql-42.7.3.jar:42.7.3]
	at org.postgresql.Driver.connect(Driver.java:298) ~[postgresql-42.7.3.jar:42.7.3]
	at com.zaxxer.hikari.util.DriverDataSource.getConnection(DriverDataSource.java:144) ~[HikariCP-7.0.2.jar:na]
	at com.zaxxer.hikari.pool.PoolBase.newConnection(PoolBase.java:373) ~[HikariCP-7.0.2.jar:na]
	at com.zaxxer.hikari.pool.PoolBase.newPoolEntry(PoolBase.java:210) ~[HikariCP-7.0.2.jar:na]
	at com.zaxxer.hikari.pool.HikariPool.createPoolEntry(HikariPool.java:488) ~[HikariCP-7.0.2.jar:na]
	at com.zaxxer.hikari.pool.HikariPool$PoolEntryCreator.call(HikariPool.java:752) ~[HikariCP-7.0.2.jar:na]
	at com.zaxxer.hikari.pool.HikariPool$PoolEntryCreator.call(HikariPool.java:731) ~[HikariCP-7.0.2.jar:na]
	at java.base/java.util.concurrent.FutureTask.run$$$capture(FutureTask.java:317) ~[na:na]
	at java.base/java.util.concurrent.FutureTask.run(FutureTask.java) ~[na:na]
	at java.base/java.util.concurrent.ThreadPoolExecutor.runWorker(ThreadPoolExecutor.java:1144) ~[na:na]
	at java.base/java.util.concurrent.ThreadPoolExecutor$Worker.run(ThreadPoolExecutor.java:642) ~[na:na]
	at java.base/java.lang.Thread.run(Thread.java:1583) ~[na:na]
Caused by: java.net.ConnectException: Connection refused
	at java.base/sun.nio.ch.Net.pollConnect(Native Method) ~[na:na]
	at java.base/sun.nio.ch.Net.pollConnectNow(Net.java:694) ~[na:na]
	at java.base/sun.nio.ch.NioSocketImpl.timedFinishConnect(NioSocketImpl.java:549) ~[na:na]
	at java.base/sun.nio.ch.NioSocketImpl.connect(NioSocketImpl.java:592) ~[na:na]
	at java.base/java.net.SocksSocketImpl.connect(SocksSocketImpl.java:327) ~[na:na]
	at java.base/java.net.Socket.connect(Socket.java:751) ~[na:na]
	at org.postgresql.core.PGStream.createSocket(PGStream.java:243) ~[postgresql-42.7.3.jar:42.7.3]
	at org.postgresql.core.PGStream.<init>(PGStream.java:98) ~[postgresql-42.7.3.jar:42.7.3]
	at org.postgresql.core.v3.ConnectionFactoryImpl.tryConnect(ConnectionFactoryImpl.java:136) ~[postgresql-42.7.3.jar:42.7.3]
	at org.postgresql.core.v3.ConnectionFactoryImpl.openConnectionImpl(ConnectionFactoryImpl.java:262) ~[postgresql-42.7.3.jar:42.7.3]
	... 15 common frames omitted

2026-05-14T03:28:09.732+02:00  WARN 42910 --- [e-shop-backend] [HikariPool-1:connection-adder] com.zaxxer.hikari.pool.PoolBase          : HikariPool-1 - Pool is empty, failed to create/setup connection (65f58ec5-c95d-4a5f-bc21-4f576f2b4ce0)

org.postgresql.util.PSQLException: Connection to localhost:5433 refused. Check that the hostname and port are correct and that the postmaster is accepting TCP/IP connections.
	at org.postgresql.core.v3.ConnectionFactoryImpl.openConnectionImpl(ConnectionFactoryImpl.java:346) ~[postgresql-42.7.3.jar:42.7.3]
	at org.postgresql.core.ConnectionFactory.openConnection(ConnectionFactory.java:54) ~[postgresql-42.7.3.jar:42.7.3]
	at org.postgresql.jdbc.PgConnection.<init>(PgConnection.java:273) ~[postgresql-42.7.3.jar:42.7.3]
	at org.postgresql.Driver.makeConnection(Driver.java:446) ~[postgresql-42.7.3.jar:42.7.3]
	at org.postgresql.Driver.connect(Driver.java:298) ~[postgresql-42.7.3.jar:42.7.3]
	at com.zaxxer.hikari.util.DriverDataSource.getConnection(DriverDataSource.java:144) ~[HikariCP-7.0.2.jar:na]
	at com.zaxxer.hikari.pool.PoolBase.newConnection(PoolBase.java:373) ~[HikariCP-7.0.2.jar:na]
	at com.zaxxer.hikari.pool.PoolBase.newPoolEntry(PoolBase.java:210) ~[HikariCP-7.0.2.jar:na]
	at com.zaxxer.hikari.pool.HikariPool.createPoolEntry(HikariPool.java:488) ~[HikariCP-7.0.2.jar:na]
	at com.zaxxer.hikari.pool.HikariPool$PoolEntryCreator.call(HikariPool.java:752) ~[HikariCP-7.0.2.jar:na]
	at com.zaxxer.hikari.pool.HikariPool$PoolEntryCreator.call(HikariPool.java:731) ~[HikariCP-7.0.2.jar:na]
	at java.base/java.util.concurrent.FutureTask.run$$$capture(FutureTask.java:317) ~[na:na]
	at java.base/java.util.concurrent.FutureTask.run(FutureTask.java) ~[na:na]
	at java.base/java.util.concurrent.ThreadPoolExecutor.runWorker(ThreadPoolExecutor.java:1144) ~[na:na]
	at java.base/java.util.concurrent.ThreadPoolExecutor$Worker.run(ThreadPoolExecutor.java:642) ~[na:na]
	at java.base/java.lang.Thread.run(Thread.java:1583) ~[na:na]
Caused by: java.net.ConnectException: Connection refused
	at java.base/sun.nio.ch.Net.pollConnect(Native Method) ~[na:na]
	at java.base/sun.nio.ch.Net.pollConnectNow(Net.java:694) ~[na:na]
	at java.base/sun.nio.ch.NioSocketImpl.timedFinishConnect(NioSocketImpl.java:549) ~[na:na]
	at java.base/sun.nio.ch.NioSocketImpl.connect(NioSocketImpl.java:592) ~[na:na]
	at java.base/java.net.SocksSocketImpl.connect(SocksSocketImpl.java:327) ~[na:na]
	at java.base/java.net.Socket.connect(Socket.java:751) ~[na:na]
	at org.postgresql.core.PGStream.createSocket(PGStream.java:243) ~[postgresql-42.7.3.jar:42.7.3]
	at org.postgresql.core.PGStream.<init>(PGStream.java:98) ~[postgresql-42.7.3.jar:42.7.3]
	at org.postgresql.core.v3.ConnectionFactoryImpl.tryConnect(ConnectionFactoryImpl.java:136) ~[postgresql-42.7.3.jar:42.7.3]
	at org.postgresql.core.v3.ConnectionFactoryImpl.openConnectionImpl(ConnectionFactoryImpl.java:262) ~[postgresql-42.7.3.jar:42.7.3]
	... 15 common frames omitted

2026-05-14T03:28:10.493+02:00  WARN 42910 --- [e-shop-backend] [HikariPool-1:housekeeper] com.zaxxer.hikari.pool.HikariPool        : HikariPool-1 - Thread starvation or clock leap detected (housekeeper delta=1h37m31s594ms).
2026-05-14T04:01:00.258+02:00  WARN 42910 --- [e-shop-backend] [HikariPool-1:connection-adder] com.zaxxer.hikari.pool.PoolBase          : HikariPool-1 - Pool is empty, failed to create/setup connection (79b9f9a5-6676-414d-90fd-86fb4d430e12)

org.postgresql.util.PSQLException: Connection to localhost:5433 refused. Check that the hostname and port are correct and that the postmaster is accepting TCP/IP connections.
	at org.postgresql.core.v3.ConnectionFactoryImpl.openConnectionImpl(ConnectionFactoryImpl.java:346) ~[postgresql-42.7.3.jar:42.7.3]
	at org.postgresql.core.ConnectionFactory.openConnection(ConnectionFactory.java:54) ~[postgresql-42.7.3.jar:42.7.3]
	at org.postgresql.jdbc.PgConnection.<init>(PgConnection.java:273) ~[postgresql-42.7.3.jar:42.7.3]
	at org.postgresql.Driver.makeConnection(Driver.java:446) ~[postgresql-42.7.3.jar:42.7.3]
	at org.postgresql.Driver.connect(Driver.java:298) ~[postgresql-42.7.3.jar:42.7.3]
	at com.zaxxer.hikari.util.DriverDataSource.getConnection(DriverDataSource.java:144) ~[HikariCP-7.0.2.jar:na]
	at com.zaxxer.hikari.pool.PoolBase.newConnection(PoolBase.java:373) ~[HikariCP-7.0.2.jar:na]
	at com.zaxxer.hikari.pool.PoolBase.newPoolEntry(PoolBase.java:210) ~[HikariCP-7.0.2.jar:na]
	at com.zaxxer.hikari.pool.HikariPool.createPoolEntry(HikariPool.java:488) ~[HikariCP-7.0.2.jar:na]
	at com.zaxxer.hikari.pool.HikariPool$PoolEntryCreator.call(HikariPool.java:752) ~[HikariCP-7.0.2.jar:na]
	at com.zaxxer.hikari.pool.HikariPool$PoolEntryCreator.call(HikariPool.java:731) ~[HikariCP-7.0.2.jar:na]
	at java.base/java.util.concurrent.FutureTask.run$$$capture(FutureTask.java:317) ~[na:na]
	at java.base/java.util.concurrent.FutureTask.run(FutureTask.java) ~[na:na]
	at java.base/java.util.concurrent.ThreadPoolExecutor.runWorker(ThreadPoolExecutor.java:1144) ~[na:na]
	at java.base/java.util.concurrent.ThreadPoolExecutor$Worker.run(ThreadPoolExecutor.java:642) ~[na:na]
	at java.base/java.lang.Thread.run(Thread.java:1583) ~[na:na]
Caused by: java.net.ConnectException: Connection refused
	at java.base/sun.nio.ch.Net.pollConnect(Native Method) ~[na:na]
	at java.base/sun.nio.ch.Net.pollConnectNow(Net.java:694) ~[na:na]
	at java.base/sun.nio.ch.NioSocketImpl.timedFinishConnect(NioSocketImpl.java:549) ~[na:na]
	at java.base/sun.nio.ch.NioSocketImpl.connect(NioSocketImpl.java:592) ~[na:na]
	at java.base/java.net.SocksSocketImpl.connect(SocksSocketImpl.java:327) ~[na:na]
	at java.base/java.net.Socket.connect(Socket.java:751) ~[na:na]
	at org.postgresql.core.PGStream.createSocket(PGStream.java:243) ~[postgresql-42.7.3.jar:42.7.3]
	at org.postgresql.core.PGStream.<init>(PGStream.java:98) ~[postgresql-42.7.3.jar:42.7.3]
	at org.postgresql.core.v3.ConnectionFactoryImpl.tryConnect(ConnectionFactoryImpl.java:136) ~[postgresql-42.7.3.jar:42.7.3]
	at org.postgresql.core.v3.ConnectionFactoryImpl.openConnectionImpl(ConnectionFactoryImpl.java:262) ~[postgresql-42.7.3.jar:42.7.3]
	... 15 common frames omitted

2026-05-14T04:25:04.700+02:00  WARN 42910 --- [e-shop-backend] [HikariPool-1:connection-adder] com.zaxxer.hikari.pool.PoolBase          : HikariPool-1 - Pool is empty, failed to create/setup connection (bdda8411-38d8-4dbc-b26f-ed7c2b910e33)

org.postgresql.util.PSQLException: Connection to localhost:5433 refused. Check that the hostname and port are correct and that the postmaster is accepting TCP/IP connections.
	at org.postgresql.core.v3.ConnectionFactoryImpl.openConnectionImpl(ConnectionFactoryImpl.java:346) ~[postgresql-42.7.3.jar:42.7.3]
	at org.postgresql.core.ConnectionFactory.openConnection(ConnectionFactory.java:54) ~[postgresql-42.7.3.jar:42.7.3]
	at org.postgresql.jdbc.PgConnection.<init>(PgConnection.java:273) ~[postgresql-42.7.3.jar:42.7.3]
	at org.postgresql.Driver.makeConnection(Driver.java:446) ~[postgresql-42.7.3.jar:42.7.3]
	at org.postgresql.Driver.connect(Driver.java:298) ~[postgresql-42.7.3.jar:42.7.3]
	at com.zaxxer.hikari.util.DriverDataSource.getConnection(DriverDataSource.java:144) ~[HikariCP-7.0.2.jar:na]
	at com.zaxxer.hikari.pool.PoolBase.newConnection(PoolBase.java:373) ~[HikariCP-7.0.2.jar:na]
	at com.zaxxer.hikari.pool.PoolBase.newPoolEntry(PoolBase.java:210) ~[HikariCP-7.0.2.jar:na]
	at com.zaxxer.hikari.pool.HikariPool.createPoolEntry(HikariPool.java:488) ~[HikariCP-7.0.2.jar:na]
	at com.zaxxer.hikari.pool.HikariPool$PoolEntryCreator.call(HikariPool.java:752) ~[HikariCP-7.0.2.jar:na]
	at com.zaxxer.hikari.pool.HikariPool$PoolEntryCreator.call(HikariPool.java:731) ~[HikariCP-7.0.2.jar:na]
	at java.base/java.util.concurrent.FutureTask.run$$$capture(FutureTask.java:317) ~[na:na]
	at java.base/java.util.concurrent.FutureTask.run(FutureTask.java) ~[na:na]
	at java.base/java.util.concurrent.ThreadPoolExecutor.runWorker(ThreadPoolExecutor.java:1144) ~[na:na]
	at java.base/java.util.concurrent.ThreadPoolExecutor$Worker.run(ThreadPoolExecutor.java:642) ~[na:na]
	at java.base/java.lang.Thread.run(Thread.java:1583) ~[na:na]
Caused by: java.net.ConnectException: Connection refused
	at java.base/sun.nio.ch.Net.pollConnect(Native Method) ~[na:na]
	at java.base/sun.nio.ch.Net.pollConnectNow(Net.java:694) ~[na:na]
	at java.base/sun.nio.ch.NioSocketImpl.timedFinishConnect(NioSocketImpl.java:549) ~[na:na]
	at java.base/sun.nio.ch.NioSocketImpl.connect(NioSocketImpl.java:592) ~[na:na]
	at java.base/java.net.SocksSocketImpl.connect(SocksSocketImpl.java:327) ~[na:na]
	at java.base/java.net.Socket.connect(Socket.java:751) ~[na:na]
	at org.postgresql.core.PGStream.createSocket(PGStream.java:243) ~[postgresql-42.7.3.jar:42.7.3]
	at org.postgresql.core.PGStream.<init>(PGStream.java:98) ~[postgresql-42.7.3.jar:42.7.3]
	at org.postgresql.core.v3.ConnectionFactoryImpl.tryConnect(ConnectionFactoryImpl.java:136) ~[postgresql-42.7.3.jar:42.7.3]
	at org.postgresql.core.v3.ConnectionFactoryImpl.openConnectionImpl(ConnectionFactoryImpl.java:262) ~[postgresql-42.7.3.jar:42.7.3]
	... 15 common frames omitted

2026-05-14T04:25:07.211+02:00  WARN 42910 --- [e-shop-backend] [scheduling-1] org.hibernate.orm.jdbc.error             : HHH000247: ErrorCode: 0, SQLState: 08001
2026-05-14T04:25:07.211+02:00  WARN 42910 --- [e-shop-backend] [scheduling-1] org.hibernate.orm.jdbc.error             : HikariPool-1 - Connection is not available, request timed out after 5406411ms (total=0, active=0, idle=0, waiting=0)
2026-05-14T04:25:07.211+02:00  WARN 42910 --- [e-shop-backend] [scheduling-1] org.hibernate.orm.jdbc.error             : HHH000247: ErrorCode: 0, SQLState: 08001
2026-05-14T04:25:07.212+02:00  WARN 42910 --- [e-shop-backend] [scheduling-1] org.hibernate.orm.jdbc.error             : HikariPool-1 - Connection is not available, request timed out after 5406411ms (total=0, active=0, idle=0, waiting=0)
2026-05-14T04:25:07.212+02:00 ERROR 42910 --- [e-shop-backend] [scheduling-1] o.s.s.s.TaskUtils$LoggingErrorHandler    : Unexpected error occurred in scheduled task

org.springframework.transaction.CannotCreateTransactionException: Could not open JPA EntityManager for transaction
	at org.springframework.orm.jpa.JpaTransactionManager.doBegin(JpaTransactionManager.java:457) ~[spring-orm-7.0.5.jar:7.0.5]
	at org.springframework.transaction.support.AbstractPlatformTransactionManager.startTransaction(AbstractPlatformTransactionManager.java:532) ~[spring-tx-7.0.5.jar:7.0.5]
	at org.springframework.transaction.support.AbstractPlatformTransactionManager.getTransaction(AbstractPlatformTransactionManager.java:405) ~[spring-tx-7.0.5.jar:7.0.5]
	at org.springframework.transaction.interceptor.TransactionAspectSupport.createTransactionIfNecessary(TransactionAspectSupport.java:628) ~[spring-tx-7.0.5.jar:7.0.5]
	at org.springframework.transaction.interceptor.TransactionAspectSupport.invokeWithinTransaction(TransactionAspectSupport.java:365) ~[spring-tx-7.0.5.jar:7.0.5]
	at org.springframework.transaction.interceptor.TransactionInterceptor.invoke(TransactionInterceptor.java:130) ~[spring-tx-7.0.5.jar:7.0.5]
	at org.springframework.aop.framework.ReflectiveMethodInvocation.proceed(ReflectiveMethodInvocation.java:179) ~[spring-aop-7.0.5.jar:7.0.5]
	at org.springframework.aop.framework.CglibAopProxy$DynamicAdvisedInterceptor.intercept(CglibAopProxy.java:719) ~[spring-aop-7.0.5.jar:7.0.5]
	at com.example.emtbackendlab.jobs.MaterializedViewRefreshScheduler$$SpringCGLIB$$0.refreshBooksStatsView(<generated>) ~[classes/:na]
	at java.base/jdk.internal.reflect.DirectMethodHandleAccessor.invoke(DirectMethodHandleAccessor.java:103) ~[na:na]
	at java.base/java.lang.reflect.Method.invoke(Method.java:580) ~[na:na]
	at org.springframework.scheduling.support.ScheduledMethodRunnable.runInternal(ScheduledMethodRunnable.java:128) ~[spring-context-7.0.5.jar:7.0.5]
	at org.springframework.scheduling.support.ScheduledMethodRunnable.lambda$run$1(ScheduledMethodRunnable.java:122) ~[spring-context-7.0.5.jar:7.0.5]
	at io.micrometer.observation.Observation.observe(Observation.java:564) ~[micrometer-observation-1.16.3.jar:1.16.3]
	at org.springframework.scheduling.support.ScheduledMethodRunnable.run(ScheduledMethodRunnable.java:122) ~[spring-context-7.0.5.jar:7.0.5]
	at org.springframework.scheduling.config.Task$OutcomeTrackingRunnable.run(Task.java:88) ~[spring-context-7.0.5.jar:7.0.5]
	at org.springframework.scheduling.support.DelegatingErrorHandlingRunnable.run(DelegatingErrorHandlingRunnable.java:54) ~[spring-context-7.0.5.jar:7.0.5]
	at org.springframework.scheduling.concurrent.ReschedulingRunnable.run(ReschedulingRunnable.java:94) ~[spring-context-7.0.5.jar:7.0.5]
	at java.base/java.util.concurrent.Executors$RunnableAdapter.call(Executors.java:572) ~[na:na]
	at java.base/java.util.concurrent.FutureTask.run$$$capture(FutureTask.java:317) ~[na:na]
	at java.base/java.util.concurrent.FutureTask.run(FutureTask.java) ~[na:na]
	at java.base/java.util.concurrent.ScheduledThreadPoolExecutor$ScheduledFutureTask.run(ScheduledThreadPoolExecutor.java:304) ~[na:na]
	at java.base/java.util.concurrent.ThreadPoolExecutor.runWorker(ThreadPoolExecutor.java:1144) ~[na:na]
	at java.base/java.util.concurrent.ThreadPoolExecutor$Worker.run(ThreadPoolExecutor.java:642) ~[na:na]
	at java.base/java.lang.Thread.run(Thread.java:1583) ~[na:na]
Caused by: org.hibernate.exception.JDBCConnectionException: Unable to acquire JDBC Connection [HikariPool-1 - Connection is not available, request timed out after 5406411ms (total=0, active=0, idle=0, waiting=0)] [n/a]
	at org.hibernate.exception.internal.SQLExceptionTypeDelegate.convert(SQLExceptionTypeDelegate.java:49) ~[hibernate-core-7.2.4.Final.jar:7.2.4.Final]
	at org.hibernate.exception.internal.StandardSQLExceptionConverter.convert(StandardSQLExceptionConverter.java:34) ~[hibernate-core-7.2.4.Final.jar:7.2.4.Final]
	at org.hibernate.engine.jdbc.spi.SqlExceptionHelper.convert(SqlExceptionHelper.java:115) ~[hibernate-core-7.2.4.Final.jar:7.2.4.Final]
	at org.hibernate.engine.jdbc.spi.SqlExceptionHelper.convert(SqlExceptionHelper.java:101) ~[hibernate-core-7.2.4.Final.jar:7.2.4.Final]
	at org.hibernate.resource.jdbc.internal.LogicalConnectionManagedImpl.acquire(LogicalConnectionManagedImpl.java:190) ~[hibernate-core-7.2.4.Final.jar:7.2.4.Final]
	at org.hibernate.resource.jdbc.internal.LogicalConnectionManagedImpl.acquireConnectionIfNeeded(LogicalConnectionManagedImpl.java:87) ~[hibernate-core-7.2.4.Final.jar:7.2.4.Final]
	at org.hibernate.resource.jdbc.internal.LogicalConnectionManagedImpl.getPhysicalConnection(LogicalConnectionManagedImpl.java:126) ~[hibernate-core-7.2.4.Final.jar:7.2.4.Final]
	at org.hibernate.resource.jdbc.internal.LogicalConnectionManagedImpl.getConnectionForTransactionManagement(LogicalConnectionManagedImpl.java:277) ~[hibernate-core-7.2.4.Final.jar:7.2.4.Final]
	at org.hibernate.resource.jdbc.internal.LogicalConnectionManagedImpl.begin(LogicalConnectionManagedImpl.java:286) ~[hibernate-core-7.2.4.Final.jar:7.2.4.Final]
	at org.hibernate.resource.transaction.backend.jdbc.internal.JdbcResourceLocalTransactionCoordinatorImpl$TransactionDriverControlImpl.begin(JdbcResourceLocalTransactionCoordinatorImpl.java:226) ~[hibernate-core-7.2.4.Final.jar:7.2.4.Final]
	at org.hibernate.engine.transaction.internal.TransactionImpl.begin(TransactionImpl.java:75) ~[hibernate-core-7.2.4.Final.jar:7.2.4.Final]
	at org.springframework.orm.jpa.vendor.HibernateJpaDialect.beginTransaction(HibernateJpaDialect.java:147) ~[spring-orm-7.0.5.jar:7.0.5]
	at org.springframework.orm.jpa.JpaTransactionManager.doBegin(JpaTransactionManager.java:411) ~[spring-orm-7.0.5.jar:7.0.5]
	... 24 common frames omitted
Caused by: java.sql.SQLTransientConnectionException: HikariPool-1 - Connection is not available, request timed out after 5406411ms (total=0, active=0, idle=0, waiting=0)
	at com.zaxxer.hikari.pool.HikariPool.createTimeoutException(HikariPool.java:714) ~[HikariCP-7.0.2.jar:na]
	at com.zaxxer.hikari.pool.HikariPool.getConnection(HikariPool.java:184) ~[HikariCP-7.0.2.jar:na]
	at com.zaxxer.hikari.pool.HikariPool.getConnection(HikariPool.java:142) ~[HikariCP-7.0.2.jar:na]
	at com.zaxxer.hikari.HikariDataSource.getConnection(HikariDataSource.java:127) ~[HikariCP-7.0.2.jar:na]
	at org.hibernate.engine.jdbc.connections.internal.DataSourceConnectionProvider.getConnection(DataSourceConnectionProvider.java:137) ~[hibernate-core-7.2.4.Final.jar:7.2.4.Final]
	at org.hibernate.internal.NonContextualJdbcConnectionAccess.obtainConnection(NonContextualJdbcConnectionAccess.java:47) ~[hibernate-core-7.2.4.Final.jar:7.2.4.Final]
	at org.hibernate.resource.jdbc.internal.LogicalConnectionManagedImpl.acquire(LogicalConnectionManagedImpl.java:187) ~[hibernate-core-7.2.4.Final.jar:7.2.4.Final]
	... 32 common frames omitted
Caused by: org.postgresql.util.PSQLException: Connection to localhost:5433 refused. Check that the hostname and port are correct and that the postmaster is accepting TCP/IP connections.
	at org.postgresql.core.v3.ConnectionFactoryImpl.openConnectionImpl(ConnectionFactoryImpl.java:346) ~[postgresql-42.7.3.jar:42.7.3]
	at org.postgresql.core.ConnectionFactory.openConnection(ConnectionFactory.java:54) ~[postgresql-42.7.3.jar:42.7.3]
	at org.postgresql.jdbc.PgConnection.<init>(PgConnection.java:273) ~[postgresql-42.7.3.jar:42.7.3]
	at org.postgresql.Driver.makeConnection(Driver.java:446) ~[postgresql-42.7.3.jar:42.7.3]
	at org.postgresql.Driver.connect(Driver.java:298) ~[postgresql-42.7.3.jar:42.7.3]
	at com.zaxxer.hikari.util.DriverDataSource.getConnection(DriverDataSource.java:144) ~[HikariCP-7.0.2.jar:na]
	at com.zaxxer.hikari.pool.PoolBase.newConnection(PoolBase.java:373) ~[HikariCP-7.0.2.jar:na]
	at com.zaxxer.hikari.pool.PoolBase.newPoolEntry(PoolBase.java:210) ~[HikariCP-7.0.2.jar:na]
	at com.zaxxer.hikari.pool.HikariPool.createPoolEntry(HikariPool.java:488) ~[HikariCP-7.0.2.jar:na]
	at com.zaxxer.hikari.pool.HikariPool$PoolEntryCreator.call(HikariPool.java:752) ~[HikariCP-7.0.2.jar:na]
	at com.zaxxer.hikari.pool.HikariPool$PoolEntryCreator.call(HikariPool.java:731) ~[HikariCP-7.0.2.jar:na]
	at java.base/java.util.concurrent.FutureTask.run$$$capture(FutureTask.java:317) ~[na:na]
	at java.base/java.util.concurrent.FutureTask.run(FutureTask.java) ~[na:na]
	... 3 common frames omitted
Caused by: java.net.ConnectException: Connection refused
	at java.base/sun.nio.ch.Net.pollConnect(Native Method) ~[na:na]
	at java.base/sun.nio.ch.Net.pollConnectNow(Net.java:694) ~[na:na]
	at java.base/sun.nio.ch.NioSocketImpl.timedFinishConnect(NioSocketImpl.java:549) ~[na:na]
	at java.base/sun.nio.ch.NioSocketImpl.connect(NioSocketImpl.java:592) ~[na:na]
	at java.base/java.net.SocksSocketImpl.connect(SocksSocketImpl.java:327) ~[na:na]
	at java.base/java.net.Socket.connect(Socket.java:751) ~[na:na]
	at org.postgresql.core.PGStream.createSocket(PGStream.java:243) ~[postgresql-42.7.3.jar:42.7.3]
	at org.postgresql.core.PGStream.<init>(PGStream.java:98) ~[postgresql-42.7.3.jar:42.7.3]
	at org.postgresql.core.v3.ConnectionFactoryImpl.tryConnect(ConnectionFactoryImpl.java:136) ~[postgresql-42.7.3.jar:42.7.3]
	at org.postgresql.core.v3.ConnectionFactoryImpl.openConnectionImpl(ConnectionFactoryImpl.java:262) ~[postgresql-42.7.3.jar:42.7.3]
	... 15 common frames omitted

2026-05-14T04:25:15.361+02:00  WARN 42910 --- [e-shop-backend] [HikariPool-1:housekeeper] com.zaxxer.hikari.pool.HikariPool        : HikariPool-1 - Thread starvation or clock leap detected (housekeeper delta=57m4s868ms).
2026-05-14T04:41:39.073+02:00  WARN 42910 --- [e-shop-backend] [HikariPool-1:connection-adder] com.zaxxer.hikari.pool.PoolBase          : HikariPool-1 - Pool is empty, failed to create/setup connection (d975204e-5316-4509-bfb2-d46e4b957a93)

org.postgresql.util.PSQLException: Connection to localhost:5433 refused. Check that the hostname and port are correct and that the postmaster is accepting TCP/IP connections.
	at org.postgresql.core.v3.ConnectionFactoryImpl.openConnectionImpl(ConnectionFactoryImpl.java:346) ~[postgresql-42.7.3.jar:42.7.3]
	at org.postgresql.core.ConnectionFactory.openConnection(ConnectionFactory.java:54) ~[postgresql-42.7.3.jar:42.7.3]
	at org.postgresql.jdbc.PgConnection.<init>(PgConnection.java:273) ~[postgresql-42.7.3.jar:42.7.3]
	at org.postgresql.Driver.makeConnection(Driver.java:446) ~[postgresql-42.7.3.jar:42.7.3]
	at org.postgresql.Driver.connect(Driver.java:298) ~[postgresql-42.7.3.jar:42.7.3]
	at com.zaxxer.hikari.util.DriverDataSource.getConnection(DriverDataSource.java:144) ~[HikariCP-7.0.2.jar:na]
	at com.zaxxer.hikari.pool.PoolBase.newConnection(PoolBase.java:373) ~[HikariCP-7.0.2.jar:na]
	at com.zaxxer.hikari.pool.PoolBase.newPoolEntry(PoolBase.java:210) ~[HikariCP-7.0.2.jar:na]
	at com.zaxxer.hikari.pool.HikariPool.createPoolEntry(HikariPool.java:488) ~[HikariCP-7.0.2.jar:na]
	at com.zaxxer.hikari.pool.HikariPool$PoolEntryCreator.call(HikariPool.java:752) ~[HikariCP-7.0.2.jar:na]
	at com.zaxxer.hikari.pool.HikariPool$PoolEntryCreator.call(HikariPool.java:731) ~[HikariCP-7.0.2.jar:na]
	at java.base/java.util.concurrent.FutureTask.run$$$capture(FutureTask.java:317) ~[na:na]
	at java.base/java.util.concurrent.FutureTask.run(FutureTask.java) ~[na:na]
	at java.base/java.util.concurrent.ThreadPoolExecutor.runWorker(ThreadPoolExecutor.java:1144) ~[na:na]
	at java.base/java.util.concurrent.ThreadPoolExecutor$Worker.run(ThreadPoolExecutor.java:642) ~[na:na]
	at java.base/java.lang.Thread.run(Thread.java:1583) ~[na:na]
Caused by: java.net.ConnectException: Connection refused
	at java.base/sun.nio.ch.Net.pollConnect(Native Method) ~[na:na]
	at java.base/sun.nio.ch.Net.pollConnectNow(Net.java:694) ~[na:na]
	at java.base/sun.nio.ch.NioSocketImpl.timedFinishConnect(NioSocketImpl.java:542) ~[na:na]
	at java.base/sun.nio.ch.NioSocketImpl.connect(NioSocketImpl.java:592) ~[na:na]
	at java.base/java.net.SocksSocketImpl.connect(SocksSocketImpl.java:327) ~[na:na]
	at java.base/java.net.Socket.connect(Socket.java:751) ~[na:na]
	at org.postgresql.core.PGStream.createSocket(PGStream.java:243) ~[postgresql-42.7.3.jar:42.7.3]
	at org.postgresql.core.PGStream.<init>(PGStream.java:98) ~[postgresql-42.7.3.jar:42.7.3]
	at org.postgresql.core.v3.ConnectionFactoryImpl.tryConnect(ConnectionFactoryImpl.java:136) ~[postgresql-42.7.3.jar:42.7.3]
	at org.postgresql.core.v3.ConnectionFactoryImpl.openConnectionImpl(ConnectionFactoryImpl.java:262) ~[postgresql-42.7.3.jar:42.7.3]
	... 15 common frames omitted

2026-05-14T05:15:12.658+02:00  WARN 42910 --- [e-shop-backend] [HikariPool-1:connection-adder] com.zaxxer.hikari.pool.PoolBase          : HikariPool-1 - Pool is empty, failed to create/setup connection (28738b15-6560-4840-8ddb-b1acbb27e351)

org.postgresql.util.PSQLException: Connection to localhost:5433 refused. Check that the hostname and port are correct and that the postmaster is accepting TCP/IP connections.
	at org.postgresql.core.v3.ConnectionFactoryImpl.openConnectionImpl(ConnectionFactoryImpl.java:346) ~[postgresql-42.7.3.jar:42.7.3]
	at org.postgresql.core.ConnectionFactory.openConnection(ConnectionFactory.java:54) ~[postgresql-42.7.3.jar:42.7.3]
	at org.postgresql.jdbc.PgConnection.<init>(PgConnection.java:273) ~[postgresql-42.7.3.jar:42.7.3]
	at org.postgresql.Driver.makeConnection(Driver.java:446) ~[postgresql-42.7.3.jar:42.7.3]
	at org.postgresql.Driver.connect(Driver.java:298) ~[postgresql-42.7.3.jar:42.7.3]
	at com.zaxxer.hikari.util.DriverDataSource.getConnection(DriverDataSource.java:144) ~[HikariCP-7.0.2.jar:na]
	at com.zaxxer.hikari.pool.PoolBase.newConnection(PoolBase.java:373) ~[HikariCP-7.0.2.jar:na]
	at com.zaxxer.hikari.pool.PoolBase.newPoolEntry(PoolBase.java:210) ~[HikariCP-7.0.2.jar:na]
	at com.zaxxer.hikari.pool.HikariPool.createPoolEntry(HikariPool.java:488) ~[HikariCP-7.0.2.jar:na]
	at com.zaxxer.hikari.pool.HikariPool$PoolEntryCreator.call(HikariPool.java:752) ~[HikariCP-7.0.2.jar:na]
	at com.zaxxer.hikari.pool.HikariPool$PoolEntryCreator.call(HikariPool.java:731) ~[HikariCP-7.0.2.jar:na]
	at java.base/java.util.concurrent.FutureTask.run$$$capture(FutureTask.java:317) ~[na:na]
	at java.base/java.util.concurrent.FutureTask.run(FutureTask.java) ~[na:na]
	at java.base/java.util.concurrent.ThreadPoolExecutor.runWorker(ThreadPoolExecutor.java:1144) ~[na:na]
	at java.base/java.util.concurrent.ThreadPoolExecutor$Worker.run(ThreadPoolExecutor.java:642) ~[na:na]
	at java.base/java.lang.Thread.run(Thread.java:1583) ~[na:na]
Caused by: java.net.ConnectException: Connection refused
	at java.base/sun.nio.ch.Net.pollConnect(Native Method) ~[na:na]
	at java.base/sun.nio.ch.Net.pollConnectNow(Net.java:694) ~[na:na]
	at java.base/sun.nio.ch.NioSocketImpl.timedFinishConnect(NioSocketImpl.java:549) ~[na:na]
	at java.base/sun.nio.ch.NioSocketImpl.connect(NioSocketImpl.java:592) ~[na:na]
	at java.base/java.net.SocksSocketImpl.connect(SocksSocketImpl.java:327) ~[na:na]
	at java.base/java.net.Socket.connect(Socket.java:751) ~[na:na]
	at org.postgresql.core.PGStream.createSocket(PGStream.java:243) ~[postgresql-42.7.3.jar:42.7.3]
	at org.postgresql.core.PGStream.<init>(PGStream.java:98) ~[postgresql-42.7.3.jar:42.7.3]
	at org.postgresql.core.v3.ConnectionFactoryImpl.tryConnect(ConnectionFactoryImpl.java:136) ~[postgresql-42.7.3.jar:42.7.3]
	at org.postgresql.core.v3.ConnectionFactoryImpl.openConnectionImpl(ConnectionFactoryImpl.java:262) ~[postgresql-42.7.3.jar:42.7.3]
	... 15 common frames omitted

2026-05-14T05:46:35.245+02:00  WARN 42910 --- [e-shop-backend] [HikariPool-1:connection-adder] com.zaxxer.hikari.pool.PoolBase          : HikariPool-1 - Pool is empty, failed to create/setup connection (df62e49a-e6a3-471d-a2aa-63494681ac5a)

org.postgresql.util.PSQLException: Connection to localhost:5433 refused. Check that the hostname and port are correct and that the postmaster is accepting TCP/IP connections.
	at org.postgresql.core.v3.ConnectionFactoryImpl.openConnectionImpl(ConnectionFactoryImpl.java:346) ~[postgresql-42.7.3.jar:42.7.3]
	at org.postgresql.core.ConnectionFactory.openConnection(ConnectionFactory.java:54) ~[postgresql-42.7.3.jar:42.7.3]
	at org.postgresql.jdbc.PgConnection.<init>(PgConnection.java:273) ~[postgresql-42.7.3.jar:42.7.3]
	at org.postgresql.Driver.makeConnection(Driver.java:446) ~[postgresql-42.7.3.jar:42.7.3]
	at org.postgresql.Driver.connect(Driver.java:298) ~[postgresql-42.7.3.jar:42.7.3]
	at com.zaxxer.hikari.util.DriverDataSource.getConnection(DriverDataSource.java:144) ~[HikariCP-7.0.2.jar:na]
	at com.zaxxer.hikari.pool.PoolBase.newConnection(PoolBase.java:373) ~[HikariCP-7.0.2.jar:na]
	at com.zaxxer.hikari.pool.PoolBase.newPoolEntry(PoolBase.java:210) ~[HikariCP-7.0.2.jar:na]
	at com.zaxxer.hikari.pool.HikariPool.createPoolEntry(HikariPool.java:488) ~[HikariCP-7.0.2.jar:na]
	at com.zaxxer.hikari.pool.HikariPool$PoolEntryCreator.call(HikariPool.java:752) ~[HikariCP-7.0.2.jar:na]
	at com.zaxxer.hikari.pool.HikariPool$PoolEntryCreator.call(HikariPool.java:731) ~[HikariCP-7.0.2.jar:na]
	at java.base/java.util.concurrent.FutureTask.run$$$capture(FutureTask.java:317) ~[na:na]
	at java.base/java.util.concurrent.FutureTask.run(FutureTask.java) ~[na:na]
	at java.base/java.util.concurrent.ThreadPoolExecutor.runWorker(ThreadPoolExecutor.java:1144) ~[na:na]
	at java.base/java.util.concurrent.ThreadPoolExecutor$Worker.run(ThreadPoolExecutor.java:642) ~[na:na]
	at java.base/java.lang.Thread.run(Thread.java:1583) ~[na:na]
Caused by: java.net.ConnectException: Connection refused
	at java.base/sun.nio.ch.Net.pollConnect(Native Method) ~[na:na]
	at java.base/sun.nio.ch.Net.pollConnectNow(Net.java:694) ~[na:na]
	at java.base/sun.nio.ch.NioSocketImpl.timedFinishConnect(NioSocketImpl.java:549) ~[na:na]
	at java.base/sun.nio.ch.NioSocketImpl.connect(NioSocketImpl.java:592) ~[na:na]
	at java.base/java.net.SocksSocketImpl.connect(SocksSocketImpl.java:327) ~[na:na]
	at java.base/java.net.Socket.connect(Socket.java:751) ~[na:na]
	at org.postgresql.core.PGStream.createSocket(PGStream.java:243) ~[postgresql-42.7.3.jar:42.7.3]
	at org.postgresql.core.PGStream.<init>(PGStream.java:98) ~[postgresql-42.7.3.jar:42.7.3]
	at org.postgresql.core.v3.ConnectionFactoryImpl.tryConnect(ConnectionFactoryImpl.java:136) ~[postgresql-42.7.3.jar:42.7.3]
	at org.postgresql.core.v3.ConnectionFactoryImpl.openConnectionImpl(ConnectionFactoryImpl.java:262) ~[postgresql-42.7.3.jar:42.7.3]
	... 15 common frames omitted

2026-05-14T06:00:31.577+02:00  WARN 42910 --- [e-shop-backend] [HikariPool-1:housekeeper] com.zaxxer.hikari.pool.HikariPool        : HikariPool-1 - Thread starvation or clock leap detected (housekeeper delta=1h35m16s216ms).
2026-05-14T06:15:36.987+02:00  WARN 42910 --- [e-shop-backend] [HikariPool-1:connection-adder] com.zaxxer.hikari.pool.PoolBase          : HikariPool-1 - Pool is empty, failed to create/setup connection (8a6ec349-fec6-4734-9a0b-3efd26212e96)

org.postgresql.util.PSQLException: Connection to localhost:5433 refused. Check that the hostname and port are correct and that the postmaster is accepting TCP/IP connections.
	at org.postgresql.core.v3.ConnectionFactoryImpl.openConnectionImpl(ConnectionFactoryImpl.java:346) ~[postgresql-42.7.3.jar:42.7.3]
	at org.postgresql.core.ConnectionFactory.openConnection(ConnectionFactory.java:54) ~[postgresql-42.7.3.jar:42.7.3]
	at org.postgresql.jdbc.PgConnection.<init>(PgConnection.java:273) ~[postgresql-42.7.3.jar:42.7.3]
	at org.postgresql.Driver.makeConnection(Driver.java:446) ~[postgresql-42.7.3.jar:42.7.3]
	at org.postgresql.Driver.connect(Driver.java:298) ~[postgresql-42.7.3.jar:42.7.3]
	at com.zaxxer.hikari.util.DriverDataSource.getConnection(DriverDataSource.java:144) ~[HikariCP-7.0.2.jar:na]
	at com.zaxxer.hikari.pool.PoolBase.newConnection(PoolBase.java:373) ~[HikariCP-7.0.2.jar:na]
	at com.zaxxer.hikari.pool.PoolBase.newPoolEntry(PoolBase.java:210) ~[HikariCP-7.0.2.jar:na]
	at com.zaxxer.hikari.pool.HikariPool.createPoolEntry(HikariPool.java:488) ~[HikariCP-7.0.2.jar:na]
	at com.zaxxer.hikari.pool.HikariPool$PoolEntryCreator.call(HikariPool.java:752) ~[HikariCP-7.0.2.jar:na]
	at com.zaxxer.hikari.pool.HikariPool$PoolEntryCreator.call(HikariPool.java:731) ~[HikariCP-7.0.2.jar:na]
	at java.base/java.util.concurrent.FutureTask.run$$$capture(FutureTask.java:317) ~[na:na]
	at java.base/java.util.concurrent.FutureTask.run(FutureTask.java) ~[na:na]
	at java.base/java.util.concurrent.ThreadPoolExecutor.runWorker(ThreadPoolExecutor.java:1144) ~[na:na]
	at java.base/java.util.concurrent.ThreadPoolExecutor$Worker.run(ThreadPoolExecutor.java:642) ~[na:na]
	at java.base/java.lang.Thread.run(Thread.java:1583) ~[na:na]
Caused by: java.net.ConnectException: Connection refused
	at java.base/sun.nio.ch.Net.pollConnect(Native Method) ~[na:na]
	at java.base/sun.nio.ch.Net.pollConnectNow(Net.java:694) ~[na:na]
	at java.base/sun.nio.ch.NioSocketImpl.timedFinishConnect(NioSocketImpl.java:549) ~[na:na]
	at java.base/sun.nio.ch.NioSocketImpl.connect(NioSocketImpl.java:592) ~[na:na]
	at java.base/java.net.SocksSocketImpl.connect(SocksSocketImpl.java:327) ~[na:na]
	at java.base/java.net.Socket.connect(Socket.java:751) ~[na:na]
	at org.postgresql.core.PGStream.createSocket(PGStream.java:243) ~[postgresql-42.7.3.jar:42.7.3]
	at org.postgresql.core.PGStream.<init>(PGStream.java:98) ~[postgresql-42.7.3.jar:42.7.3]
	at org.postgresql.core.v3.ConnectionFactoryImpl.tryConnect(ConnectionFactoryImpl.java:136) ~[postgresql-42.7.3.jar:42.7.3]
	at org.postgresql.core.v3.ConnectionFactoryImpl.openConnectionImpl(ConnectionFactoryImpl.java:262) ~[postgresql-42.7.3.jar:42.7.3]
	... 15 common frames omitted

2026-05-14T06:43:32.817+02:00  WARN 42910 --- [e-shop-backend] [HikariPool-1:connection-adder] com.zaxxer.hikari.pool.PoolBase          : HikariPool-1 - Pool is empty, failed to create/setup connection (71c77f3d-e924-4aaa-ad7c-051c8de3a273)

org.postgresql.util.PSQLException: Connection to localhost:5433 refused. Check that the hostname and port are correct and that the postmaster is accepting TCP/IP connections.
	at org.postgresql.core.v3.ConnectionFactoryImpl.openConnectionImpl(ConnectionFactoryImpl.java:346) ~[postgresql-42.7.3.jar:42.7.3]
	at org.postgresql.core.ConnectionFactory.openConnection(ConnectionFactory.java:54) ~[postgresql-42.7.3.jar:42.7.3]
	at org.postgresql.jdbc.PgConnection.<init>(PgConnection.java:273) ~[postgresql-42.7.3.jar:42.7.3]
	at org.postgresql.Driver.makeConnection(Driver.java:446) ~[postgresql-42.7.3.jar:42.7.3]
	at org.postgresql.Driver.connect(Driver.java:298) ~[postgresql-42.7.3.jar:42.7.3]
	at com.zaxxer.hikari.util.DriverDataSource.getConnection(DriverDataSource.java:144) ~[HikariCP-7.0.2.jar:na]
	at com.zaxxer.hikari.pool.PoolBase.newConnection(PoolBase.java:373) ~[HikariCP-7.0.2.jar:na]
	at com.zaxxer.hikari.pool.PoolBase.newPoolEntry(PoolBase.java:210) ~[HikariCP-7.0.2.jar:na]
	at com.zaxxer.hikari.pool.HikariPool.createPoolEntry(HikariPool.java:488) ~[HikariCP-7.0.2.jar:na]
	at com.zaxxer.hikari.pool.HikariPool$PoolEntryCreator.call(HikariPool.java:752) ~[HikariCP-7.0.2.jar:na]
	at com.zaxxer.hikari.pool.HikariPool$PoolEntryCreator.call(HikariPool.java:731) ~[HikariCP-7.0.2.jar:na]
	at java.base/java.util.concurrent.FutureTask.run$$$capture(FutureTask.java:317) ~[na:na]
	at java.base/java.util.concurrent.FutureTask.run(FutureTask.java) ~[na:na]
	at java.base/java.util.concurrent.ThreadPoolExecutor.runWorker(ThreadPoolExecutor.java:1144) ~[na:na]
	at java.base/java.util.concurrent.ThreadPoolExecutor$Worker.run(ThreadPoolExecutor.java:642) ~[na:na]
	at java.base/java.lang.Thread.run(Thread.java:1583) ~[na:na]
Caused by: java.net.ConnectException: Connection refused
	at java.base/sun.nio.ch.Net.pollConnect(Native Method) ~[na:na]
	at java.base/sun.nio.ch.Net.pollConnectNow(Net.java:694) ~[na:na]
	at java.base/sun.nio.ch.NioSocketImpl.timedFinishConnect(NioSocketImpl.java:542) ~[na:na]
	at java.base/sun.nio.ch.NioSocketImpl.connect(NioSocketImpl.java:592) ~[na:na]
	at java.base/java.net.SocksSocketImpl.connect(SocksSocketImpl.java:327) ~[na:na]
	at java.base/java.net.Socket.connect(Socket.java:751) ~[na:na]
	at org.postgresql.core.PGStream.createSocket(PGStream.java:243) ~[postgresql-42.7.3.jar:42.7.3]
	at org.postgresql.core.PGStream.<init>(PGStream.java:98) ~[postgresql-42.7.3.jar:42.7.3]
	at org.postgresql.core.v3.ConnectionFactoryImpl.tryConnect(ConnectionFactoryImpl.java:136) ~[postgresql-42.7.3.jar:42.7.3]
	at org.postgresql.core.v3.ConnectionFactoryImpl.openConnectionImpl(ConnectionFactoryImpl.java:262) ~[postgresql-42.7.3.jar:42.7.3]
	... 15 common frames omitted

2026-05-14T07:16:03.373+02:00  WARN 42910 --- [e-shop-backend] [HikariPool-1:connection-adder] com.zaxxer.hikari.pool.PoolBase          : HikariPool-1 - Pool is empty, failed to create/setup connection (c2d1d3fc-4729-4a6c-b870-f3c3b92d0a5e)

org.postgresql.util.PSQLException: Connection to localhost:5433 refused. Check that the hostname and port are correct and that the postmaster is accepting TCP/IP connections.
	at org.postgresql.core.v3.ConnectionFactoryImpl.openConnectionImpl(ConnectionFactoryImpl.java:346) ~[postgresql-42.7.3.jar:42.7.3]
	at org.postgresql.core.ConnectionFactory.openConnection(ConnectionFactory.java:54) ~[postgresql-42.7.3.jar:42.7.3]
	at org.postgresql.jdbc.PgConnection.<init>(PgConnection.java:273) ~[postgresql-42.7.3.jar:42.7.3]
	at org.postgresql.Driver.makeConnection(Driver.java:446) ~[postgresql-42.7.3.jar:42.7.3]
	at org.postgresql.Driver.connect(Driver.java:298) ~[postgresql-42.7.3.jar:42.7.3]
	at com.zaxxer.hikari.util.DriverDataSource.getConnection(DriverDataSource.java:144) ~[HikariCP-7.0.2.jar:na]
	at com.zaxxer.hikari.pool.PoolBase.newConnection(PoolBase.java:373) ~[HikariCP-7.0.2.jar:na]
	at com.zaxxer.hikari.pool.PoolBase.newPoolEntry(PoolBase.java:210) ~[HikariCP-7.0.2.jar:na]
	at com.zaxxer.hikari.pool.HikariPool.createPoolEntry(HikariPool.java:488) ~[HikariCP-7.0.2.jar:na]
	at com.zaxxer.hikari.pool.HikariPool$PoolEntryCreator.call(HikariPool.java:752) ~[HikariCP-7.0.2.jar:na]
	at com.zaxxer.hikari.pool.HikariPool$PoolEntryCreator.call(HikariPool.java:731) ~[HikariCP-7.0.2.jar:na]
	at java.base/java.util.concurrent.FutureTask.run$$$capture(FutureTask.java:317) ~[na:na]
	at java.base/java.util.concurrent.FutureTask.run(FutureTask.java) ~[na:na]
	at java.base/java.util.concurrent.ThreadPoolExecutor.runWorker(ThreadPoolExecutor.java:1144) ~[na:na]
	at java.base/java.util.concurrent.ThreadPoolExecutor$Worker.run(ThreadPoolExecutor.java:642) ~[na:na]
	at java.base/java.lang.Thread.run(Thread.java:1583) ~[na:na]
Caused by: java.net.ConnectException: Connection refused
	at java.base/sun.nio.ch.Net.pollConnect(Native Method) ~[na:na]
	at java.base/sun.nio.ch.Net.pollConnectNow(Net.java:694) ~[na:na]
	at java.base/sun.nio.ch.NioSocketImpl.timedFinishConnect(NioSocketImpl.java:549) ~[na:na]
	at java.base/sun.nio.ch.NioSocketImpl.connect(NioSocketImpl.java:592) ~[na:na]
	at java.base/java.net.SocksSocketImpl.connect(SocksSocketImpl.java:327) ~[na:na]
	at java.base/java.net.Socket.connect(Socket.java:751) ~[na:na]
	at org.postgresql.core.PGStream.createSocket(PGStream.java:243) ~[postgresql-42.7.3.jar:42.7.3]
	at org.postgresql.core.PGStream.<init>(PGStream.java:98) ~[postgresql-42.7.3.jar:42.7.3]
	at org.postgresql.core.v3.ConnectionFactoryImpl.tryConnect(ConnectionFactoryImpl.java:136) ~[postgresql-42.7.3.jar:42.7.3]
	at org.postgresql.core.v3.ConnectionFactoryImpl.openConnectionImpl(ConnectionFactoryImpl.java:262) ~[postgresql-42.7.3.jar:42.7.3]
	... 15 common frames omitted

2026-05-14T07:16:03.909+02:00  WARN 42910 --- [e-shop-backend] [HikariPool-1:housekeeper] com.zaxxer.hikari.pool.HikariPool        : HikariPool-1 - Thread starvation or clock leap detected (housekeeper delta=1h15m32s332ms).
2026-05-14T07:26:58.317+02:00  WARN 42910 --- [e-shop-backend] [scheduling-1] org.hibernate.orm.jdbc.error             : HHH000247: ErrorCode: 0, SQLState: 08001
2026-05-14T07:26:58.318+02:00  WARN 42910 --- [e-shop-backend] [scheduling-1] org.hibernate.orm.jdbc.error             : HikariPool-1 - Connection is not available, request timed out after 3648291ms (total=0, active=0, idle=0, waiting=0)
2026-05-14T07:26:58.318+02:00  WARN 42910 --- [e-shop-backend] [scheduling-1] org.hibernate.orm.jdbc.error             : HHH000247: ErrorCode: 0, SQLState: 08001
2026-05-14T07:26:58.318+02:00  WARN 42910 --- [e-shop-backend] [scheduling-1] org.hibernate.orm.jdbc.error             : HikariPool-1 - Connection is not available, request timed out after 3648291ms (total=0, active=0, idle=0, waiting=0)
2026-05-14T07:26:58.319+02:00 ERROR 42910 --- [e-shop-backend] [scheduling-1] o.s.s.s.TaskUtils$LoggingErrorHandler    : Unexpected error occurred in scheduled task

org.springframework.transaction.CannotCreateTransactionException: Could not open JPA EntityManager for transaction
	at org.springframework.orm.jpa.JpaTransactionManager.doBegin(JpaTransactionManager.java:457) ~[spring-orm-7.0.5.jar:7.0.5]
	at org.springframework.transaction.support.AbstractPlatformTransactionManager.startTransaction(AbstractPlatformTransactionManager.java:532) ~[spring-tx-7.0.5.jar:7.0.5]
	at org.springframework.transaction.support.AbstractPlatformTransactionManager.getTransaction(AbstractPlatformTransactionManager.java:405) ~[spring-tx-7.0.5.jar:7.0.5]
	at org.springframework.transaction.interceptor.TransactionAspectSupport.createTransactionIfNecessary(TransactionAspectSupport.java:628) ~[spring-tx-7.0.5.jar:7.0.5]
	at org.springframework.transaction.interceptor.TransactionAspectSupport.invokeWithinTransaction(TransactionAspectSupport.java:365) ~[spring-tx-7.0.5.jar:7.0.5]
	at org.springframework.transaction.interceptor.TransactionInterceptor.invoke(TransactionInterceptor.java:130) ~[spring-tx-7.0.5.jar:7.0.5]
	at org.springframework.aop.framework.ReflectiveMethodInvocation.proceed(ReflectiveMethodInvocation.java:179) ~[spring-aop-7.0.5.jar:7.0.5]
	at org.springframework.aop.framework.CglibAopProxy$DynamicAdvisedInterceptor.intercept(CglibAopProxy.java:719) ~[spring-aop-7.0.5.jar:7.0.5]
	at com.example.emtbackendlab.jobs.MaterializedViewRefreshScheduler$$SpringCGLIB$$0.refreshBooksStatsView(<generated>) ~[classes/:na]
	at java.base/jdk.internal.reflect.DirectMethodHandleAccessor.invoke(DirectMethodHandleAccessor.java:103) ~[na:na]
	at java.base/java.lang.reflect.Method.invoke(Method.java:580) ~[na:na]
	at org.springframework.scheduling.support.ScheduledMethodRunnable.runInternal(ScheduledMethodRunnable.java:128) ~[spring-context-7.0.5.jar:7.0.5]
	at org.springframework.scheduling.support.ScheduledMethodRunnable.lambda$run$1(ScheduledMethodRunnable.java:122) ~[spring-context-7.0.5.jar:7.0.5]
	at io.micrometer.observation.Observation.observe(Observation.java:564) ~[micrometer-observation-1.16.3.jar:1.16.3]
	at org.springframework.scheduling.support.ScheduledMethodRunnable.run(ScheduledMethodRunnable.java:122) ~[spring-context-7.0.5.jar:7.0.5]
	at org.springframework.scheduling.config.Task$OutcomeTrackingRunnable.run(Task.java:88) ~[spring-context-7.0.5.jar:7.0.5]
	at org.springframework.scheduling.support.DelegatingErrorHandlingRunnable.run(DelegatingErrorHandlingRunnable.java:54) ~[spring-context-7.0.5.jar:7.0.5]
	at org.springframework.scheduling.concurrent.ReschedulingRunnable.run(ReschedulingRunnable.java:94) ~[spring-context-7.0.5.jar:7.0.5]
	at java.base/java.util.concurrent.Executors$RunnableAdapter.call(Executors.java:572) ~[na:na]
	at java.base/java.util.concurrent.FutureTask.run$$$capture(FutureTask.java:317) ~[na:na]
	at java.base/java.util.concurrent.FutureTask.run(FutureTask.java) ~[na:na]
	at java.base/java.util.concurrent.ScheduledThreadPoolExecutor$ScheduledFutureTask.run(ScheduledThreadPoolExecutor.java:304) ~[na:na]
	at java.base/java.util.concurrent.ThreadPoolExecutor.runWorker(ThreadPoolExecutor.java:1144) ~[na:na]
	at java.base/java.util.concurrent.ThreadPoolExecutor$Worker.run(ThreadPoolExecutor.java:642) ~[na:na]
	at java.base/java.lang.Thread.run(Thread.java:1583) ~[na:na]
Caused by: org.hibernate.exception.JDBCConnectionException: Unable to acquire JDBC Connection [HikariPool-1 - Connection is not available, request timed out after 3648291ms (total=0, active=0, idle=0, waiting=0)] [n/a]
	at org.hibernate.exception.internal.SQLExceptionTypeDelegate.convert(SQLExceptionTypeDelegate.java:49) ~[hibernate-core-7.2.4.Final.jar:7.2.4.Final]
	at org.hibernate.exception.internal.StandardSQLExceptionConverter.convert(StandardSQLExceptionConverter.java:34) ~[hibernate-core-7.2.4.Final.jar:7.2.4.Final]
	at org.hibernate.engine.jdbc.spi.SqlExceptionHelper.convert(SqlExceptionHelper.java:115) ~[hibernate-core-7.2.4.Final.jar:7.2.4.Final]
	at org.hibernate.engine.jdbc.spi.SqlExceptionHelper.convert(SqlExceptionHelper.java:101) ~[hibernate-core-7.2.4.Final.jar:7.2.4.Final]
	at org.hibernate.resource.jdbc.internal.LogicalConnectionManagedImpl.acquire(LogicalConnectionManagedImpl.java:190) ~[hibernate-core-7.2.4.Final.jar:7.2.4.Final]
	at org.hibernate.resource.jdbc.internal.LogicalConnectionManagedImpl.acquireConnectionIfNeeded(LogicalConnectionManagedImpl.java:87) ~[hibernate-core-7.2.4.Final.jar:7.2.4.Final]
	at org.hibernate.resource.jdbc.internal.LogicalConnectionManagedImpl.getPhysicalConnection(LogicalConnectionManagedImpl.java:126) ~[hibernate-core-7.2.4.Final.jar:7.2.4.Final]
	at org.hibernate.resource.jdbc.internal.LogicalConnectionManagedImpl.getConnectionForTransactionManagement(LogicalConnectionManagedImpl.java:277) ~[hibernate-core-7.2.4.Final.jar:7.2.4.Final]
	at org.hibernate.resource.jdbc.internal.LogicalConnectionManagedImpl.begin(LogicalConnectionManagedImpl.java:286) ~[hibernate-core-7.2.4.Final.jar:7.2.4.Final]
	at org.hibernate.resource.transaction.backend.jdbc.internal.JdbcResourceLocalTransactionCoordinatorImpl$TransactionDriverControlImpl.begin(JdbcResourceLocalTransactionCoordinatorImpl.java:226) ~[hibernate-core-7.2.4.Final.jar:7.2.4.Final]
	at org.hibernate.engine.transaction.internal.TransactionImpl.begin(TransactionImpl.java:75) ~[hibernate-core-7.2.4.Final.jar:7.2.4.Final]
	at org.springframework.orm.jpa.vendor.HibernateJpaDialect.beginTransaction(HibernateJpaDialect.java:147) ~[spring-orm-7.0.5.jar:7.0.5]
	at org.springframework.orm.jpa.JpaTransactionManager.doBegin(JpaTransactionManager.java:411) ~[spring-orm-7.0.5.jar:7.0.5]
	... 24 common frames omitted
Caused by: java.sql.SQLTransientConnectionException: HikariPool-1 - Connection is not available, request timed out after 3648291ms (total=0, active=0, idle=0, waiting=0)
	at com.zaxxer.hikari.pool.HikariPool.createTimeoutException(HikariPool.java:714) ~[HikariCP-7.0.2.jar:na]
	at com.zaxxer.hikari.pool.HikariPool.getConnection(HikariPool.java:184) ~[HikariCP-7.0.2.jar:na]
	at com.zaxxer.hikari.pool.HikariPool.getConnection(HikariPool.java:142) ~[HikariCP-7.0.2.jar:na]
	at com.zaxxer.hikari.HikariDataSource.getConnection(HikariDataSource.java:127) ~[HikariCP-7.0.2.jar:na]
	at org.hibernate.engine.jdbc.connections.internal.DataSourceConnectionProvider.getConnection(DataSourceConnectionProvider.java:137) ~[hibernate-core-7.2.4.Final.jar:7.2.4.Final]
	at org.hibernate.internal.NonContextualJdbcConnectionAccess.obtainConnection(NonContextualJdbcConnectionAccess.java:47) ~[hibernate-core-7.2.4.Final.jar:7.2.4.Final]
	at org.hibernate.resource.jdbc.internal.LogicalConnectionManagedImpl.acquire(LogicalConnectionManagedImpl.java:187) ~[hibernate-core-7.2.4.Final.jar:7.2.4.Final]
	... 32 common frames omitted
Caused by: org.postgresql.util.PSQLException: Connection to localhost:5433 refused. Check that the hostname and port are correct and that the postmaster is accepting TCP/IP connections.
	at org.postgresql.core.v3.ConnectionFactoryImpl.openConnectionImpl(ConnectionFactoryImpl.java:346) ~[postgresql-42.7.3.jar:42.7.3]
	at org.postgresql.core.ConnectionFactory.openConnection(ConnectionFactory.java:54) ~[postgresql-42.7.3.jar:42.7.3]
	at org.postgresql.jdbc.PgConnection.<init>(PgConnection.java:273) ~[postgresql-42.7.3.jar:42.7.3]
	at org.postgresql.Driver.makeConnection(Driver.java:446) ~[postgresql-42.7.3.jar:42.7.3]
	at org.postgresql.Driver.connect(Driver.java:298) ~[postgresql-42.7.3.jar:42.7.3]
	at com.zaxxer.hikari.util.DriverDataSource.getConnection(DriverDataSource.java:144) ~[HikariCP-7.0.2.jar:na]
	at com.zaxxer.hikari.pool.PoolBase.newConnection(PoolBase.java:373) ~[HikariCP-7.0.2.jar:na]
	at com.zaxxer.hikari.pool.PoolBase.newPoolEntry(PoolBase.java:210) ~[HikariCP-7.0.2.jar:na]
	at com.zaxxer.hikari.pool.HikariPool.createPoolEntry(HikariPool.java:488) ~[HikariCP-7.0.2.jar:na]
	at com.zaxxer.hikari.pool.HikariPool$PoolEntryCreator.call(HikariPool.java:752) ~[HikariCP-7.0.2.jar:na]
	at com.zaxxer.hikari.pool.HikariPool$PoolEntryCreator.call(HikariPool.java:731) ~[HikariCP-7.0.2.jar:na]
	at java.base/java.util.concurrent.FutureTask.run$$$capture(FutureTask.java:317) ~[na:na]
	at java.base/java.util.concurrent.FutureTask.run(FutureTask.java) ~[na:na]
	... 3 common frames omitted
Caused by: java.net.ConnectException: Connection refused
	at java.base/sun.nio.ch.Net.pollConnect(Native Method) ~[na:na]
	at java.base/sun.nio.ch.Net.pollConnectNow(Net.java:694) ~[na:na]
	at java.base/sun.nio.ch.NioSocketImpl.timedFinishConnect(NioSocketImpl.java:549) ~[na:na]
	at java.base/sun.nio.ch.NioSocketImpl.connect(NioSocketImpl.java:592) ~[na:na]
	at java.base/java.net.SocksSocketImpl.connect(SocksSocketImpl.java:327) ~[na:na]
	at java.base/java.net.Socket.connect(Socket.java:751) ~[na:na]
	at org.postgresql.core.PGStream.createSocket(PGStream.java:243) ~[postgresql-42.7.3.jar:42.7.3]
	at org.postgresql.core.PGStream.<init>(PGStream.java:98) ~[postgresql-42.7.3.jar:42.7.3]
	at org.postgresql.core.v3.ConnectionFactoryImpl.tryConnect(ConnectionFactoryImpl.java:136) ~[postgresql-42.7.3.jar:42.7.3]
	at org.postgresql.core.v3.ConnectionFactoryImpl.openConnectionImpl(ConnectionFactoryImpl.java:262) ~[postgresql-42.7.3.jar:42.7.3]
	... 15 common frames omitted

2026-05-14T07:27:49.800+02:00  WARN 42910 --- [e-shop-backend] [HikariPool-1:connection-adder] com.zaxxer.hikari.pool.PoolBase          : HikariPool-1 - Pool is empty, failed to create/setup connection (5d59b3cd-d46a-48b7-ae9f-d75bd80002c6)

org.postgresql.util.PSQLException: Connection to localhost:5433 refused. Check that the hostname and port are correct and that the postmaster is accepting TCP/IP connections.
	at org.postgresql.core.v3.ConnectionFactoryImpl.openConnectionImpl(ConnectionFactoryImpl.java:346) ~[postgresql-42.7.3.jar:42.7.3]
	at org.postgresql.core.ConnectionFactory.openConnection(ConnectionFactory.java:54) ~[postgresql-42.7.3.jar:42.7.3]
	at org.postgresql.jdbc.PgConnection.<init>(PgConnection.java:273) ~[postgresql-42.7.3.jar:42.7.3]
	at org.postgresql.Driver.makeConnection(Driver.java:446) ~[postgresql-42.7.3.jar:42.7.3]
	at org.postgresql.Driver.connect(Driver.java:298) ~[postgresql-42.7.3.jar:42.7.3]
	at com.zaxxer.hikari.util.DriverDataSource.getConnection(DriverDataSource.java:144) ~[HikariCP-7.0.2.jar:na]
	at com.zaxxer.hikari.pool.PoolBase.newConnection(PoolBase.java:373) ~[HikariCP-7.0.2.jar:na]
	at com.zaxxer.hikari.pool.PoolBase.newPoolEntry(PoolBase.java:210) ~[HikariCP-7.0.2.jar:na]
	at com.zaxxer.hikari.pool.HikariPool.createPoolEntry(HikariPool.java:488) ~[HikariCP-7.0.2.jar:na]
	at com.zaxxer.hikari.pool.HikariPool$PoolEntryCreator.call(HikariPool.java:752) ~[HikariCP-7.0.2.jar:na]
	at com.zaxxer.hikari.pool.HikariPool$PoolEntryCreator.call(HikariPool.java:731) ~[HikariCP-7.0.2.jar:na]
	at java.base/java.util.concurrent.FutureTask.run$$$capture(FutureTask.java:317) ~[na:na]
	at java.base/java.util.concurrent.FutureTask.run(FutureTask.java) ~[na:na]
	at java.base/java.util.concurrent.ThreadPoolExecutor.runWorker(ThreadPoolExecutor.java:1144) ~[na:na]
	at java.base/java.util.concurrent.ThreadPoolExecutor$Worker.run(ThreadPoolExecutor.java:642) ~[na:na]
	at java.base/java.lang.Thread.run(Thread.java:1583) ~[na:na]
Caused by: java.net.ConnectException: Connection refused
	at java.base/sun.nio.ch.Net.pollConnect(Native Method) ~[na:na]
	at java.base/sun.nio.ch.Net.pollConnectNow(Net.java:694) ~[na:na]
	at java.base/sun.nio.ch.NioSocketImpl.timedFinishConnect(NioSocketImpl.java:549) ~[na:na]
	at java.base/sun.nio.ch.NioSocketImpl.connect(NioSocketImpl.java:592) ~[na:na]
	at java.base/java.net.SocksSocketImpl.connect(SocksSocketImpl.java:327) ~[na:na]
	at java.base/java.net.Socket.connect(Socket.java:751) ~[na:na]
	at org.postgresql.core.PGStream.createSocket(PGStream.java:243) ~[postgresql-42.7.3.jar:42.7.3]
	at org.postgresql.core.PGStream.<init>(PGStream.java:98) ~[postgresql-42.7.3.jar:42.7.3]
	at org.postgresql.core.v3.ConnectionFactoryImpl.tryConnect(ConnectionFactoryImpl.java:136) ~[postgresql-42.7.3.jar:42.7.3]
	at org.postgresql.core.v3.ConnectionFactoryImpl.openConnectionImpl(ConnectionFactoryImpl.java:262) ~[postgresql-42.7.3.jar:42.7.3]
	... 15 common frames omitted

2026-05-14T07:28:46.235+02:00  WARN 42910 --- [e-shop-backend] [HikariPool-1:housekeeper] com.zaxxer.hikari.pool.HikariPool        : HikariPool-1 - Thread starvation or clock leap detected (housekeeper delta=12m42s326ms).
2026-05-14T07:30:23.746+02:00  WARN 42910 --- [e-shop-backend] [HikariPool-1:connection-adder] com.zaxxer.hikari.pool.PoolBase          : HikariPool-1 - Pool is empty, failed to create/setup connection (892a5669-1dbc-409b-8055-a4ea44dfcdbf)

org.postgresql.util.PSQLException: Connection to localhost:5433 refused. Check that the hostname and port are correct and that the postmaster is accepting TCP/IP connections.
	at org.postgresql.core.v3.ConnectionFactoryImpl.openConnectionImpl(ConnectionFactoryImpl.java:346) ~[postgresql-42.7.3.jar:42.7.3]
	at org.postgresql.core.ConnectionFactory.openConnection(ConnectionFactory.java:54) ~[postgresql-42.7.3.jar:42.7.3]
	at org.postgresql.jdbc.PgConnection.<init>(PgConnection.java:273) ~[postgresql-42.7.3.jar:42.7.3]
	at org.postgresql.Driver.makeConnection(Driver.java:446) ~[postgresql-42.7.3.jar:42.7.3]
	at org.postgresql.Driver.connect(Driver.java:298) ~[postgresql-42.7.3.jar:42.7.3]
	at com.zaxxer.hikari.util.DriverDataSource.getConnection(DriverDataSource.java:144) ~[HikariCP-7.0.2.jar:na]
	at com.zaxxer.hikari.pool.PoolBase.newConnection(PoolBase.java:373) ~[HikariCP-7.0.2.jar:na]
	at com.zaxxer.hikari.pool.PoolBase.newPoolEntry(PoolBase.java:210) ~[HikariCP-7.0.2.jar:na]
	at com.zaxxer.hikari.pool.HikariPool.createPoolEntry(HikariPool.java:488) ~[HikariCP-7.0.2.jar:na]
	at com.zaxxer.hikari.pool.HikariPool$PoolEntryCreator.call(HikariPool.java:752) ~[HikariCP-7.0.2.jar:na]
	at com.zaxxer.hikari.pool.HikariPool$PoolEntryCreator.call(HikariPool.java:731) ~[HikariCP-7.0.2.jar:na]
	at java.base/java.util.concurrent.FutureTask.run$$$capture(FutureTask.java:317) ~[na:na]
	at java.base/java.util.concurrent.FutureTask.run(FutureTask.java) ~[na:na]
	at java.base/java.util.concurrent.ThreadPoolExecutor.runWorker(ThreadPoolExecutor.java:1144) ~[na:na]
	at java.base/java.util.concurrent.ThreadPoolExecutor$Worker.run(ThreadPoolExecutor.java:642) ~[na:na]
	at java.base/java.lang.Thread.run(Thread.java:1583) ~[na:na]
Caused by: java.net.ConnectException: Connection refused
	at java.base/sun.nio.ch.Net.pollConnect(Native Method) ~[na:na]
	at java.base/sun.nio.ch.Net.pollConnectNow(Net.java:694) ~[na:na]
	at java.base/sun.nio.ch.NioSocketImpl.timedFinishConnect(NioSocketImpl.java:549) ~[na:na]
	at java.base/sun.nio.ch.NioSocketImpl.connect(NioSocketImpl.java:592) ~[na:na]
	at java.base/java.net.SocksSocketImpl.connect(SocksSocketImpl.java:327) ~[na:na]
	at java.base/java.net.Socket.connect(Socket.java:751) ~[na:na]
	at org.postgresql.core.PGStream.createSocket(PGStream.java:243) ~[postgresql-42.7.3.jar:42.7.3]
	at org.postgresql.core.PGStream.<init>(PGStream.java:98) ~[postgresql-42.7.3.jar:42.7.3]
	at org.postgresql.core.v3.ConnectionFactoryImpl.tryConnect(ConnectionFactoryImpl.java:136) ~[postgresql-42.7.3.jar:42.7.3]
	at org.postgresql.core.v3.ConnectionFactoryImpl.openConnectionImpl(ConnectionFactoryImpl.java:262) ~[postgresql-42.7.3.jar:42.7.3]
	... 15 common frames omitted

2026-05-14T07:31:06.840+02:00  WARN 42910 --- [e-shop-backend] [scheduling-1] org.hibernate.orm.jdbc.error             : HHH000247: ErrorCode: 0, SQLState: 08001
2026-05-14T07:31:06.840+02:00  WARN 42910 --- [e-shop-backend] [scheduling-1] org.hibernate.orm.jdbc.error             : HikariPool-1 - Connection is not available, request timed out after 200211ms (total=0, active=0, idle=0, waiting=0)
2026-05-14T07:31:06.840+02:00  WARN 42910 --- [e-shop-backend] [scheduling-1] org.hibernate.orm.jdbc.error             : HHH000247: ErrorCode: 0, SQLState: 08001
2026-05-14T07:31:06.840+02:00  WARN 42910 --- [e-shop-backend] [scheduling-1] org.hibernate.orm.jdbc.error             : HikariPool-1 - Connection is not available, request timed out after 200211ms (total=0, active=0, idle=0, waiting=0)
2026-05-14T07:31:06.840+02:00 ERROR 42910 --- [e-shop-backend] [scheduling-1] o.s.s.s.TaskUtils$LoggingErrorHandler    : Unexpected error occurred in scheduled task

org.springframework.transaction.CannotCreateTransactionException: Could not open JPA EntityManager for transaction
	at org.springframework.orm.jpa.JpaTransactionManager.doBegin(JpaTransactionManager.java:457) ~[spring-orm-7.0.5.jar:7.0.5]
	at org.springframework.transaction.support.AbstractPlatformTransactionManager.startTransaction(AbstractPlatformTransactionManager.java:532) ~[spring-tx-7.0.5.jar:7.0.5]
	at org.springframework.transaction.support.AbstractPlatformTransactionManager.getTransaction(AbstractPlatformTransactionManager.java:405) ~[spring-tx-7.0.5.jar:7.0.5]
	at org.springframework.transaction.interceptor.TransactionAspectSupport.createTransactionIfNecessary(TransactionAspectSupport.java:628) ~[spring-tx-7.0.5.jar:7.0.5]
	at org.springframework.transaction.interceptor.TransactionAspectSupport.invokeWithinTransaction(TransactionAspectSupport.java:365) ~[spring-tx-7.0.5.jar:7.0.5]
	at org.springframework.transaction.interceptor.TransactionInterceptor.invoke(TransactionInterceptor.java:130) ~[spring-tx-7.0.5.jar:7.0.5]
	at org.springframework.aop.framework.ReflectiveMethodInvocation.proceed(ReflectiveMethodInvocation.java:179) ~[spring-aop-7.0.5.jar:7.0.5]
	at org.springframework.aop.framework.CglibAopProxy$DynamicAdvisedInterceptor.intercept(CglibAopProxy.java:719) ~[spring-aop-7.0.5.jar:7.0.5]
	at com.example.emtbackendlab.jobs.MaterializedViewRefreshScheduler$$SpringCGLIB$$0.refreshBooksStatsView(<generated>) ~[classes/:na]
	at java.base/jdk.internal.reflect.DirectMethodHandleAccessor.invoke(DirectMethodHandleAccessor.java:103) ~[na:na]
	at java.base/java.lang.reflect.Method.invoke(Method.java:580) ~[na:na]
	at org.springframework.scheduling.support.ScheduledMethodRunnable.runInternal(ScheduledMethodRunnable.java:128) ~[spring-context-7.0.5.jar:7.0.5]
	at org.springframework.scheduling.support.ScheduledMethodRunnable.lambda$run$1(ScheduledMethodRunnable.java:122) ~[spring-context-7.0.5.jar:7.0.5]
	at io.micrometer.observation.Observation.observe(Observation.java:564) ~[micrometer-observation-1.16.3.jar:1.16.3]
	at org.springframework.scheduling.support.ScheduledMethodRunnable.run(ScheduledMethodRunnable.java:122) ~[spring-context-7.0.5.jar:7.0.5]
	at org.springframework.scheduling.config.Task$OutcomeTrackingRunnable.run(Task.java:88) ~[spring-context-7.0.5.jar:7.0.5]
	at org.springframework.scheduling.support.DelegatingErrorHandlingRunnable.run(DelegatingErrorHandlingRunnable.java:54) ~[spring-context-7.0.5.jar:7.0.5]
	at org.springframework.scheduling.concurrent.ReschedulingRunnable.run(ReschedulingRunnable.java:94) ~[spring-context-7.0.5.jar:7.0.5]
	at java.base/java.util.concurrent.Executors$RunnableAdapter.call(Executors.java:572) ~[na:na]
	at java.base/java.util.concurrent.FutureTask.run$$$capture(FutureTask.java:317) ~[na:na]
	at java.base/java.util.concurrent.FutureTask.run(FutureTask.java) ~[na:na]
	at java.base/java.util.concurrent.ScheduledThreadPoolExecutor$ScheduledFutureTask.run(ScheduledThreadPoolExecutor.java:304) ~[na:na]
	at java.base/java.util.concurrent.ThreadPoolExecutor.runWorker(ThreadPoolExecutor.java:1144) ~[na:na]
	at java.base/java.util.concurrent.ThreadPoolExecutor$Worker.run(ThreadPoolExecutor.java:642) ~[na:na]
	at java.base/java.lang.Thread.run(Thread.java:1583) ~[na:na]
Caused by: org.hibernate.exception.JDBCConnectionException: Unable to acquire JDBC Connection [HikariPool-1 - Connection is not available, request timed out after 200211ms (total=0, active=0, idle=0, waiting=0)] [n/a]
	at org.hibernate.exception.internal.SQLExceptionTypeDelegate.convert(SQLExceptionTypeDelegate.java:49) ~[hibernate-core-7.2.4.Final.jar:7.2.4.Final]
	at org.hibernate.exception.internal.StandardSQLExceptionConverter.convert(StandardSQLExceptionConverter.java:34) ~[hibernate-core-7.2.4.Final.jar:7.2.4.Final]
	at org.hibernate.engine.jdbc.spi.SqlExceptionHelper.convert(SqlExceptionHelper.java:115) ~[hibernate-core-7.2.4.Final.jar:7.2.4.Final]
	at org.hibernate.engine.jdbc.spi.SqlExceptionHelper.convert(SqlExceptionHelper.java:101) ~[hibernate-core-7.2.4.Final.jar:7.2.4.Final]
	at org.hibernate.resource.jdbc.internal.LogicalConnectionManagedImpl.acquire(LogicalConnectionManagedImpl.java:190) ~[hibernate-core-7.2.4.Final.jar:7.2.4.Final]
	at org.hibernate.resource.jdbc.internal.LogicalConnectionManagedImpl.acquireConnectionIfNeeded(LogicalConnectionManagedImpl.java:87) ~[hibernate-core-7.2.4.Final.jar:7.2.4.Final]
	at org.hibernate.resource.jdbc.internal.LogicalConnectionManagedImpl.getPhysicalConnection(LogicalConnectionManagedImpl.java:126) ~[hibernate-core-7.2.4.Final.jar:7.2.4.Final]
	at org.hibernate.resource.jdbc.internal.LogicalConnectionManagedImpl.getConnectionForTransactionManagement(LogicalConnectionManagedImpl.java:277) ~[hibernate-core-7.2.4.Final.jar:7.2.4.Final]
	at org.hibernate.resource.jdbc.internal.LogicalConnectionManagedImpl.begin(LogicalConnectionManagedImpl.java:286) ~[hibernate-core-7.2.4.Final.jar:7.2.4.Final]
	at org.hibernate.resource.transaction.backend.jdbc.internal.JdbcResourceLocalTransactionCoordinatorImpl$TransactionDriverControlImpl.begin(JdbcResourceLocalTransactionCoordinatorImpl.java:226) ~[hibernate-core-7.2.4.Final.jar:7.2.4.Final]
	at org.hibernate.engine.transaction.internal.TransactionImpl.begin(TransactionImpl.java:75) ~[hibernate-core-7.2.4.Final.jar:7.2.4.Final]
	at org.springframework.orm.jpa.vendor.HibernateJpaDialect.beginTransaction(HibernateJpaDialect.java:147) ~[spring-orm-7.0.5.jar:7.0.5]
	at org.springframework.orm.jpa.JpaTransactionManager.doBegin(JpaTransactionManager.java:411) ~[spring-orm-7.0.5.jar:7.0.5]
	... 24 common frames omitted
Caused by: java.sql.SQLTransientConnectionException: HikariPool-1 - Connection is not available, request timed out after 200211ms (total=0, active=0, idle=0, waiting=0)
	at com.zaxxer.hikari.pool.HikariPool.createTimeoutException(HikariPool.java:714) ~[HikariCP-7.0.2.jar:na]
	at com.zaxxer.hikari.pool.HikariPool.getConnection(HikariPool.java:184) ~[HikariCP-7.0.2.jar:na]
	at com.zaxxer.hikari.pool.HikariPool.getConnection(HikariPool.java:142) ~[HikariCP-7.0.2.jar:na]
	at com.zaxxer.hikari.HikariDataSource.getConnection(HikariDataSource.java:127) ~[HikariCP-7.0.2.jar:na]
	at org.hibernate.engine.jdbc.connections.internal.DataSourceConnectionProvider.getConnection(DataSourceConnectionProvider.java:137) ~[hibernate-core-7.2.4.Final.jar:7.2.4.Final]
	at org.hibernate.internal.NonContextualJdbcConnectionAccess.obtainConnection(NonContextualJdbcConnectionAccess.java:47) ~[hibernate-core-7.2.4.Final.jar:7.2.4.Final]
	at org.hibernate.resource.jdbc.internal.LogicalConnectionManagedImpl.acquire(LogicalConnectionManagedImpl.java:187) ~[hibernate-core-7.2.4.Final.jar:7.2.4.Final]
	... 32 common frames omitted
Caused by: org.postgresql.util.PSQLException: Connection to localhost:5433 refused. Check that the hostname and port are correct and that the postmaster is accepting TCP/IP connections.
	at org.postgresql.core.v3.ConnectionFactoryImpl.openConnectionImpl(ConnectionFactoryImpl.java:346) ~[postgresql-42.7.3.jar:42.7.3]
	at org.postgresql.core.ConnectionFactory.openConnection(ConnectionFactory.java:54) ~[postgresql-42.7.3.jar:42.7.3]
	at org.postgresql.jdbc.PgConnection.<init>(PgConnection.java:273) ~[postgresql-42.7.3.jar:42.7.3]
	at org.postgresql.Driver.makeConnection(Driver.java:446) ~[postgresql-42.7.3.jar:42.7.3]
	at org.postgresql.Driver.connect(Driver.java:298) ~[postgresql-42.7.3.jar:42.7.3]
	at com.zaxxer.hikari.util.DriverDataSource.getConnection(DriverDataSource.java:144) ~[HikariCP-7.0.2.jar:na]
	at com.zaxxer.hikari.pool.PoolBase.newConnection(PoolBase.java:373) ~[HikariCP-7.0.2.jar:na]
	at com.zaxxer.hikari.pool.PoolBase.newPoolEntry(PoolBase.java:210) ~[HikariCP-7.0.2.jar:na]
	at com.zaxxer.hikari.pool.HikariPool.createPoolEntry(HikariPool.java:488) ~[HikariCP-7.0.2.jar:na]
	at com.zaxxer.hikari.pool.HikariPool$PoolEntryCreator.call(HikariPool.java:752) ~[HikariCP-7.0.2.jar:na]
	at com.zaxxer.hikari.pool.HikariPool$PoolEntryCreator.call(HikariPool.java:731) ~[HikariCP-7.0.2.jar:na]
	at java.base/java.util.concurrent.FutureTask.run$$$capture(FutureTask.java:317) ~[na:na]
	at java.base/java.util.concurrent.FutureTask.run(FutureTask.java) ~[na:na]
	... 3 common frames omitted
Caused by: java.net.ConnectException: Connection refused
	at java.base/sun.nio.ch.Net.pollConnect(Native Method) ~[na:na]
	at java.base/sun.nio.ch.Net.pollConnectNow(Net.java:694) ~[na:na]
	at java.base/sun.nio.ch.NioSocketImpl.timedFinishConnect(NioSocketImpl.java:549) ~[na:na]
	at java.base/sun.nio.ch.NioSocketImpl.connect(NioSocketImpl.java:592) ~[na:na]
	at java.base/java.net.SocksSocketImpl.connect(SocksSocketImpl.java:327) ~[na:na]
	at java.base/java.net.Socket.connect(Socket.java:751) ~[na:na]
	at org.postgresql.core.PGStream.createSocket(PGStream.java:243) ~[postgresql-42.7.3.jar:42.7.3]
	at org.postgresql.core.PGStream.<init>(PGStream.java:98) ~[postgresql-42.7.3.jar:42.7.3]
	at org.postgresql.core.v3.ConnectionFactoryImpl.tryConnect(ConnectionFactoryImpl.java:136) ~[postgresql-42.7.3.jar:42.7.3]
	at org.postgresql.core.v3.ConnectionFactoryImpl.openConnectionImpl(ConnectionFactoryImpl.java:262) ~[postgresql-42.7.3.jar:42.7.3]
	... 15 common frames omitted

2026-05-14T07:31:20.516+02:00  WARN 42910 --- [e-shop-backend] [HikariPool-1:housekeeper] com.zaxxer.hikari.pool.HikariPool        : HikariPool-1 - Thread starvation or clock leap detected (housekeeper delta=2m34s281ms).
2026-05-14T07:31:48.579+02:00  WARN 42910 --- [e-shop-backend] [HikariPool-1:housekeeper] com.zaxxer.hikari.pool.HikariPool        : HikariPool-1 - Retrograde clock change detected (housekeeper delta=28s62ms), soft-evicting connections from pool.
2026-05-14T07:32:08.172+02:00  WARN 42910 --- [e-shop-backend] [HikariPool-1:connection-adder] com.zaxxer.hikari.pool.PoolBase          : HikariPool-1 - Pool is empty, failed to create/setup connection (bbba0f8e-7e72-4b91-889b-86140bf06e1d)

org.postgresql.util.PSQLException: Connection to localhost:5433 refused. Check that the hostname and port are correct and that the postmaster is accepting TCP/IP connections.
	at org.postgresql.core.v3.ConnectionFactoryImpl.openConnectionImpl(ConnectionFactoryImpl.java:346) ~[postgresql-42.7.3.jar:42.7.3]
	at org.postgresql.core.ConnectionFactory.openConnection(ConnectionFactory.java:54) ~[postgresql-42.7.3.jar:42.7.3]
	at org.postgresql.jdbc.PgConnection.<init>(PgConnection.java:273) ~[postgresql-42.7.3.jar:42.7.3]
	at org.postgresql.Driver.makeConnection(Driver.java:446) ~[postgresql-42.7.3.jar:42.7.3]
	at org.postgresql.Driver.connect(Driver.java:298) ~[postgresql-42.7.3.jar:42.7.3]
	at com.zaxxer.hikari.util.DriverDataSource.getConnection(DriverDataSource.java:144) ~[HikariCP-7.0.2.jar:na]
	at com.zaxxer.hikari.pool.PoolBase.newConnection(PoolBase.java:373) ~[HikariCP-7.0.2.jar:na]
	at com.zaxxer.hikari.pool.PoolBase.newPoolEntry(PoolBase.java:210) ~[HikariCP-7.0.2.jar:na]
	at com.zaxxer.hikari.pool.HikariPool.createPoolEntry(HikariPool.java:488) ~[HikariCP-7.0.2.jar:na]
	at com.zaxxer.hikari.pool.HikariPool$PoolEntryCreator.call(HikariPool.java:752) ~[HikariCP-7.0.2.jar:na]
	at com.zaxxer.hikari.pool.HikariPool$PoolEntryCreator.call(HikariPool.java:731) ~[HikariCP-7.0.2.jar:na]
	at java.base/java.util.concurrent.FutureTask.run$$$capture(FutureTask.java:317) ~[na:na]
	at java.base/java.util.concurrent.FutureTask.run(FutureTask.java) ~[na:na]
	at java.base/java.util.concurrent.ThreadPoolExecutor.runWorker(ThreadPoolExecutor.java:1144) ~[na:na]
	at java.base/java.util.concurrent.ThreadPoolExecutor$Worker.run(ThreadPoolExecutor.java:642) ~[na:na]
	at java.base/java.lang.Thread.run(Thread.java:1583) ~[na:na]
Caused by: java.net.ConnectException: Connection refused
	at java.base/sun.nio.ch.Net.pollConnect(Native Method) ~[na:na]
	at java.base/sun.nio.ch.Net.pollConnectNow(Net.java:694) ~[na:na]
	at java.base/sun.nio.ch.NioSocketImpl.timedFinishConnect(NioSocketImpl.java:549) ~[na:na]
	at java.base/sun.nio.ch.NioSocketImpl.connect(NioSocketImpl.java:592) ~[na:na]
	at java.base/java.net.SocksSocketImpl.connect(SocksSocketImpl.java:327) ~[na:na]
	at java.base/java.net.Socket.connect(Socket.java:751) ~[na:na]
	at org.postgresql.core.PGStream.createSocket(PGStream.java:243) ~[postgresql-42.7.3.jar:42.7.3]
	at org.postgresql.core.PGStream.<init>(PGStream.java:98) ~[postgresql-42.7.3.jar:42.7.3]
	at org.postgresql.core.v3.ConnectionFactoryImpl.tryConnect(ConnectionFactoryImpl.java:136) ~[postgresql-42.7.3.jar:42.7.3]
	at org.postgresql.core.v3.ConnectionFactoryImpl.openConnectionImpl(ConnectionFactoryImpl.java:262) ~[postgresql-42.7.3.jar:42.7.3]
	... 15 common frames omitted

2026-05-14T07:32:28.062+02:00  WARN 42910 --- [e-shop-backend] [scheduling-1] org.hibernate.orm.jdbc.error             : HHH000247: ErrorCode: 0, SQLState: 08001
2026-05-14T07:32:28.062+02:00  WARN 42910 --- [e-shop-backend] [scheduling-1] org.hibernate.orm.jdbc.error             : HikariPool-1 - Connection is not available, request timed out after 30002ms (total=0, active=0, idle=0, waiting=0)
2026-05-14T07:32:28.062+02:00  WARN 42910 --- [e-shop-backend] [scheduling-1] org.hibernate.orm.jdbc.error             : HHH000247: ErrorCode: 0, SQLState: 08001
2026-05-14T07:32:28.062+02:00  WARN 42910 --- [e-shop-backend] [scheduling-1] org.hibernate.orm.jdbc.error             : HikariPool-1 - Connection is not available, request timed out after 30002ms (total=0, active=0, idle=0, waiting=0)
2026-05-14T07:32:28.063+02:00 ERROR 42910 --- [e-shop-backend] [scheduling-1] o.s.s.s.TaskUtils$LoggingErrorHandler    : Unexpected error occurred in scheduled task

org.springframework.transaction.CannotCreateTransactionException: Could not open JPA EntityManager for transaction
	at org.springframework.orm.jpa.JpaTransactionManager.doBegin(JpaTransactionManager.java:457) ~[spring-orm-7.0.5.jar:7.0.5]
	at org.springframework.transaction.support.AbstractPlatformTransactionManager.startTransaction(AbstractPlatformTransactionManager.java:532) ~[spring-tx-7.0.5.jar:7.0.5]
	at org.springframework.transaction.support.AbstractPlatformTransactionManager.getTransaction(AbstractPlatformTransactionManager.java:405) ~[spring-tx-7.0.5.jar:7.0.5]
	at org.springframework.transaction.interceptor.TransactionAspectSupport.createTransactionIfNecessary(TransactionAspectSupport.java:628) ~[spring-tx-7.0.5.jar:7.0.5]
	at org.springframework.transaction.interceptor.TransactionAspectSupport.invokeWithinTransaction(TransactionAspectSupport.java:365) ~[spring-tx-7.0.5.jar:7.0.5]
	at org.springframework.transaction.interceptor.TransactionInterceptor.invoke(TransactionInterceptor.java:130) ~[spring-tx-7.0.5.jar:7.0.5]
	at org.springframework.aop.framework.ReflectiveMethodInvocation.proceed(ReflectiveMethodInvocation.java:179) ~[spring-aop-7.0.5.jar:7.0.5]
	at org.springframework.aop.framework.CglibAopProxy$DynamicAdvisedInterceptor.intercept(CglibAopProxy.java:719) ~[spring-aop-7.0.5.jar:7.0.5]
	at com.example.emtbackendlab.jobs.MaterializedViewRefreshScheduler$$SpringCGLIB$$0.refreshBooksStatsView(<generated>) ~[classes/:na]
	at java.base/jdk.internal.reflect.DirectMethodHandleAccessor.invoke(DirectMethodHandleAccessor.java:103) ~[na:na]
	at java.base/java.lang.reflect.Method.invoke(Method.java:580) ~[na:na]
	at org.springframework.scheduling.support.ScheduledMethodRunnable.runInternal(ScheduledMethodRunnable.java:128) ~[spring-context-7.0.5.jar:7.0.5]
	at org.springframework.scheduling.support.ScheduledMethodRunnable.lambda$run$1(ScheduledMethodRunnable.java:122) ~[spring-context-7.0.5.jar:7.0.5]
	at io.micrometer.observation.Observation.observe(Observation.java:564) ~[micrometer-observation-1.16.3.jar:1.16.3]
	at org.springframework.scheduling.support.ScheduledMethodRunnable.run(ScheduledMethodRunnable.java:122) ~[spring-context-7.0.5.jar:7.0.5]
	at org.springframework.scheduling.config.Task$OutcomeTrackingRunnable.run(Task.java:88) ~[spring-context-7.0.5.jar:7.0.5]
	at org.springframework.scheduling.support.DelegatingErrorHandlingRunnable.run(DelegatingErrorHandlingRunnable.java:54) ~[spring-context-7.0.5.jar:7.0.5]
	at org.springframework.scheduling.concurrent.ReschedulingRunnable.run(ReschedulingRunnable.java:94) ~[spring-context-7.0.5.jar:7.0.5]
	at java.base/java.util.concurrent.Executors$RunnableAdapter.call(Executors.java:572) ~[na:na]
	at java.base/java.util.concurrent.FutureTask.run$$$capture(FutureTask.java:317) ~[na:na]
	at java.base/java.util.concurrent.FutureTask.run(FutureTask.java) ~[na:na]
	at java.base/java.util.concurrent.ScheduledThreadPoolExecutor$ScheduledFutureTask.run(ScheduledThreadPoolExecutor.java:304) ~[na:na]
	at java.base/java.util.concurrent.ThreadPoolExecutor.runWorker(ThreadPoolExecutor.java:1144) ~[na:na]
	at java.base/java.util.concurrent.ThreadPoolExecutor$Worker.run(ThreadPoolExecutor.java:642) ~[na:na]
	at java.base/java.lang.Thread.run(Thread.java:1583) ~[na:na]
Caused by: org.hibernate.exception.JDBCConnectionException: Unable to acquire JDBC Connection [HikariPool-1 - Connection is not available, request timed out after 30002ms (total=0, active=0, idle=0, waiting=0)] [n/a]
	at org.hibernate.exception.internal.SQLExceptionTypeDelegate.convert(SQLExceptionTypeDelegate.java:49) ~[hibernate-core-7.2.4.Final.jar:7.2.4.Final]
	at org.hibernate.exception.internal.StandardSQLExceptionConverter.convert(StandardSQLExceptionConverter.java:34) ~[hibernate-core-7.2.4.Final.jar:7.2.4.Final]
	at org.hibernate.engine.jdbc.spi.SqlExceptionHelper.convert(SqlExceptionHelper.java:115) ~[hibernate-core-7.2.4.Final.jar:7.2.4.Final]
	at org.hibernate.engine.jdbc.spi.SqlExceptionHelper.convert(SqlExceptionHelper.java:101) ~[hibernate-core-7.2.4.Final.jar:7.2.4.Final]
	at org.hibernate.resource.jdbc.internal.LogicalConnectionManagedImpl.acquire(LogicalConnectionManagedImpl.java:190) ~[hibernate-core-7.2.4.Final.jar:7.2.4.Final]
	at org.hibernate.resource.jdbc.internal.LogicalConnectionManagedImpl.acquireConnectionIfNeeded(LogicalConnectionManagedImpl.java:87) ~[hibernate-core-7.2.4.Final.jar:7.2.4.Final]
	at org.hibernate.resource.jdbc.internal.LogicalConnectionManagedImpl.getPhysicalConnection(LogicalConnectionManagedImpl.java:126) ~[hibernate-core-7.2.4.Final.jar:7.2.4.Final]
	at org.hibernate.resource.jdbc.internal.LogicalConnectionManagedImpl.getConnectionForTransactionManagement(LogicalConnectionManagedImpl.java:277) ~[hibernate-core-7.2.4.Final.jar:7.2.4.Final]
	at org.hibernate.resource.jdbc.internal.LogicalConnectionManagedImpl.begin(LogicalConnectionManagedImpl.java:286) ~[hibernate-core-7.2.4.Final.jar:7.2.4.Final]
	at org.hibernate.resource.transaction.backend.jdbc.internal.JdbcResourceLocalTransactionCoordinatorImpl$TransactionDriverControlImpl.begin(JdbcResourceLocalTransactionCoordinatorImpl.java:226) ~[hibernate-core-7.2.4.Final.jar:7.2.4.Final]
	at org.hibernate.engine.transaction.internal.TransactionImpl.begin(TransactionImpl.java:75) ~[hibernate-core-7.2.4.Final.jar:7.2.4.Final]
	at org.springframework.orm.jpa.vendor.HibernateJpaDialect.beginTransaction(HibernateJpaDialect.java:147) ~[spring-orm-7.0.5.jar:7.0.5]
	at org.springframework.orm.jpa.JpaTransactionManager.doBegin(JpaTransactionManager.java:411) ~[spring-orm-7.0.5.jar:7.0.5]
	... 24 common frames omitted
Caused by: java.sql.SQLTransientConnectionException: HikariPool-1 - Connection is not available, request timed out after 30002ms (total=0, active=0, idle=0, waiting=0)
	at com.zaxxer.hikari.pool.HikariPool.createTimeoutException(HikariPool.java:714) ~[HikariCP-7.0.2.jar:na]
	at com.zaxxer.hikari.pool.HikariPool.getConnection(HikariPool.java:184) ~[HikariCP-7.0.2.jar:na]
	at com.zaxxer.hikari.pool.HikariPool.getConnection(HikariPool.java:142) ~[HikariCP-7.0.2.jar:na]
	at com.zaxxer.hikari.HikariDataSource.getConnection(HikariDataSource.java:127) ~[HikariCP-7.0.2.jar:na]
	at org.hibernate.engine.jdbc.connections.internal.DataSourceConnectionProvider.getConnection(DataSourceConnectionProvider.java:137) ~[hibernate-core-7.2.4.Final.jar:7.2.4.Final]
	at org.hibernate.internal.NonContextualJdbcConnectionAccess.obtainConnection(NonContextualJdbcConnectionAccess.java:47) ~[hibernate-core-7.2.4.Final.jar:7.2.4.Final]
	at org.hibernate.resource.jdbc.internal.LogicalConnectionManagedImpl.acquire(LogicalConnectionManagedImpl.java:187) ~[hibernate-core-7.2.4.Final.jar:7.2.4.Final]
	... 32 common frames omitted
Caused by: org.postgresql.util.PSQLException: Connection to localhost:5433 refused. Check that the hostname and port are correct and that the postmaster is accepting TCP/IP connections.
	at org.postgresql.core.v3.ConnectionFactoryImpl.openConnectionImpl(ConnectionFactoryImpl.java:346) ~[postgresql-42.7.3.jar:42.7.3]
	at org.postgresql.core.ConnectionFactory.openConnection(ConnectionFactory.java:54) ~[postgresql-42.7.3.jar:42.7.3]
	at org.postgresql.jdbc.PgConnection.<init>(PgConnection.java:273) ~[postgresql-42.7.3.jar:42.7.3]
	at org.postgresql.Driver.makeConnection(Driver.java:446) ~[postgresql-42.7.3.jar:42.7.3]
	at org.postgresql.Driver.connect(Driver.java:298) ~[postgresql-42.7.3.jar:42.7.3]
	at com.zaxxer.hikari.util.DriverDataSource.getConnection(DriverDataSource.java:144) ~[HikariCP-7.0.2.jar:na]
	at com.zaxxer.hikari.pool.PoolBase.newConnection(PoolBase.java:373) ~[HikariCP-7.0.2.jar:na]
	at com.zaxxer.hikari.pool.PoolBase.newPoolEntry(PoolBase.java:210) ~[HikariCP-7.0.2.jar:na]
	at com.zaxxer.hikari.pool.HikariPool.createPoolEntry(HikariPool.java:488) ~[HikariCP-7.0.2.jar:na]
	at com.zaxxer.hikari.pool.HikariPool$PoolEntryCreator.call(HikariPool.java:752) ~[HikariCP-7.0.2.jar:na]
	at com.zaxxer.hikari.pool.HikariPool$PoolEntryCreator.call(HikariPool.java:731) ~[HikariCP-7.0.2.jar:na]
	at java.base/java.util.concurrent.FutureTask.run$$$capture(FutureTask.java:317) ~[na:na]
	at java.base/java.util.concurrent.FutureTask.run(FutureTask.java) ~[na:na]
	... 3 common frames omitted
Caused by: java.net.ConnectException: Connection refused
	at java.base/sun.nio.ch.Net.pollConnect(Native Method) ~[na:na]
	at java.base/sun.nio.ch.Net.pollConnectNow(Net.java:694) ~[na:na]
	at java.base/sun.nio.ch.NioSocketImpl.timedFinishConnect(NioSocketImpl.java:549) ~[na:na]
	at java.base/sun.nio.ch.NioSocketImpl.connect(NioSocketImpl.java:592) ~[na:na]
	at java.base/java.net.SocksSocketImpl.connect(SocksSocketImpl.java:327) ~[na:na]
	at java.base/java.net.Socket.connect(Socket.java:751) ~[na:na]
	at org.postgresql.core.PGStream.createSocket(PGStream.java:243) ~[postgresql-42.7.3.jar:42.7.3]
	at org.postgresql.core.PGStream.<init>(PGStream.java:98) ~[postgresql-42.7.3.jar:42.7.3]
	at org.postgresql.core.v3.ConnectionFactoryImpl.tryConnect(ConnectionFactoryImpl.java:136) ~[postgresql-42.7.3.jar:42.7.3]
	at org.postgresql.core.v3.ConnectionFactoryImpl.openConnectionImpl(ConnectionFactoryImpl.java:262) ~[postgresql-42.7.3.jar:42.7.3]
	... 15 common frames omitted

2026-05-14T07:33:13.234+02:00  WARN 42910 --- [e-shop-backend] [HikariPool-1:connection-adder] com.zaxxer.hikari.pool.PoolBase          : HikariPool-1 - Pool is empty, failed to create/setup connection (c85e216d-0cbd-45a9-8502-bb44ae36769c)

org.postgresql.util.PSQLException: Connection to localhost:5433 refused. Check that the hostname and port are correct and that the postmaster is accepting TCP/IP connections.
	at org.postgresql.core.v3.ConnectionFactoryImpl.openConnectionImpl(ConnectionFactoryImpl.java:346) ~[postgresql-42.7.3.jar:42.7.3]
	at org.postgresql.core.ConnectionFactory.openConnection(ConnectionFactory.java:54) ~[postgresql-42.7.3.jar:42.7.3]
	at org.postgresql.jdbc.PgConnection.<init>(PgConnection.java:273) ~[postgresql-42.7.3.jar:42.7.3]
	at org.postgresql.Driver.makeConnection(Driver.java:446) ~[postgresql-42.7.3.jar:42.7.3]
	at org.postgresql.Driver.connect(Driver.java:298) ~[postgresql-42.7.3.jar:42.7.3]
	at com.zaxxer.hikari.util.DriverDataSource.getConnection(DriverDataSource.java:144) ~[HikariCP-7.0.2.jar:na]
	at com.zaxxer.hikari.pool.PoolBase.newConnection(PoolBase.java:373) ~[HikariCP-7.0.2.jar:na]
	at com.zaxxer.hikari.pool.PoolBase.newPoolEntry(PoolBase.java:210) ~[HikariCP-7.0.2.jar:na]
	at com.zaxxer.hikari.pool.HikariPool.createPoolEntry(HikariPool.java:488) ~[HikariCP-7.0.2.jar:na]
	at com.zaxxer.hikari.pool.HikariPool$PoolEntryCreator.call(HikariPool.java:752) ~[HikariCP-7.0.2.jar:na]
	at com.zaxxer.hikari.pool.HikariPool$PoolEntryCreator.call(HikariPool.java:731) ~[HikariCP-7.0.2.jar:na]
	at java.base/java.util.concurrent.FutureTask.run$$$capture(FutureTask.java:317) ~[na:na]
	at java.base/java.util.concurrent.FutureTask.run(FutureTask.java) ~[na:na]
	at java.base/java.util.concurrent.ThreadPoolExecutor.runWorker(ThreadPoolExecutor.java:1144) ~[na:na]
	at java.base/java.util.concurrent.ThreadPoolExecutor$Worker.run(ThreadPoolExecutor.java:642) ~[na:na]
	at java.base/java.lang.Thread.run(Thread.java:1583) ~[na:na]
Caused by: java.net.ConnectException: Connection refused
	at java.base/sun.nio.ch.Net.pollConnect(Native Method) ~[na:na]
	at java.base/sun.nio.ch.Net.pollConnectNow(Net.java:694) ~[na:na]
	at java.base/sun.nio.ch.NioSocketImpl.timedFinishConnect(NioSocketImpl.java:549) ~[na:na]
	at java.base/sun.nio.ch.NioSocketImpl.connect(NioSocketImpl.java:592) ~[na:na]
	at java.base/java.net.SocksSocketImpl.connect(SocksSocketImpl.java:327) ~[na:na]
	at java.base/java.net.Socket.connect(Socket.java:751) ~[na:na]
	at org.postgresql.core.PGStream.createSocket(PGStream.java:243) ~[postgresql-42.7.3.jar:42.7.3]
	at org.postgresql.core.PGStream.<init>(PGStream.java:98) ~[postgresql-42.7.3.jar:42.7.3]
	at org.postgresql.core.v3.ConnectionFactoryImpl.tryConnect(ConnectionFactoryImpl.java:136) ~[postgresql-42.7.3.jar:42.7.3]
	at org.postgresql.core.v3.ConnectionFactoryImpl.openConnectionImpl(ConnectionFactoryImpl.java:262) ~[postgresql-42.7.3.jar:42.7.3]
	... 15 common frames omitted

2026-05-14T07:33:30.002+02:00  WARN 42910 --- [e-shop-backend] [scheduling-1] org.hibernate.orm.jdbc.error             : HHH000247: ErrorCode: 0, SQLState: 08001
2026-05-14T07:33:30.003+02:00  WARN 42910 --- [e-shop-backend] [scheduling-1] org.hibernate.orm.jdbc.error             : HikariPool-1 - Connection is not available, request timed out after 29999ms (total=0, active=0, idle=0, waiting=0)
2026-05-14T07:33:30.003+02:00  WARN 42910 --- [e-shop-backend] [scheduling-1] org.hibernate.orm.jdbc.error             : HHH000247: ErrorCode: 0, SQLState: 08001
2026-05-14T07:33:30.003+02:00  WARN 42910 --- [e-shop-backend] [scheduling-1] org.hibernate.orm.jdbc.error             : HikariPool-1 - Connection is not available, request timed out after 29999ms (total=0, active=0, idle=0, waiting=0)
2026-05-14T07:33:30.003+02:00 ERROR 42910 --- [e-shop-backend] [scheduling-1] o.s.s.s.TaskUtils$LoggingErrorHandler    : Unexpected error occurred in scheduled task

org.springframework.transaction.CannotCreateTransactionException: Could not open JPA EntityManager for transaction
	at org.springframework.orm.jpa.JpaTransactionManager.doBegin(JpaTransactionManager.java:457) ~[spring-orm-7.0.5.jar:7.0.5]
	at org.springframework.transaction.support.AbstractPlatformTransactionManager.startTransaction(AbstractPlatformTransactionManager.java:532) ~[spring-tx-7.0.5.jar:7.0.5]
	at org.springframework.transaction.support.AbstractPlatformTransactionManager.getTransaction(AbstractPlatformTransactionManager.java:405) ~[spring-tx-7.0.5.jar:7.0.5]
	at org.springframework.transaction.interceptor.TransactionAspectSupport.createTransactionIfNecessary(TransactionAspectSupport.java:628) ~[spring-tx-7.0.5.jar:7.0.5]
	at org.springframework.transaction.interceptor.TransactionAspectSupport.invokeWithinTransaction(TransactionAspectSupport.java:365) ~[spring-tx-7.0.5.jar:7.0.5]
	at org.springframework.transaction.interceptor.TransactionInterceptor.invoke(TransactionInterceptor.java:130) ~[spring-tx-7.0.5.jar:7.0.5]
	at org.springframework.aop.framework.ReflectiveMethodInvocation.proceed(ReflectiveMethodInvocation.java:179) ~[spring-aop-7.0.5.jar:7.0.5]
	at org.springframework.aop.framework.CglibAopProxy$DynamicAdvisedInterceptor.intercept(CglibAopProxy.java:719) ~[spring-aop-7.0.5.jar:7.0.5]
	at com.example.emtbackendlab.jobs.MaterializedViewRefreshScheduler$$SpringCGLIB$$0.refreshBooksStatsView(<generated>) ~[classes/:na]
	at java.base/jdk.internal.reflect.DirectMethodHandleAccessor.invoke(DirectMethodHandleAccessor.java:103) ~[na:na]
	at java.base/java.lang.reflect.Method.invoke(Method.java:580) ~[na:na]
	at org.springframework.scheduling.support.ScheduledMethodRunnable.runInternal(ScheduledMethodRunnable.java:128) ~[spring-context-7.0.5.jar:7.0.5]
	at org.springframework.scheduling.support.ScheduledMethodRunnable.lambda$run$1(ScheduledMethodRunnable.java:122) ~[spring-context-7.0.5.jar:7.0.5]
	at io.micrometer.observation.Observation.observe(Observation.java:564) ~[micrometer-observation-1.16.3.jar:1.16.3]
	at org.springframework.scheduling.support.ScheduledMethodRunnable.run(ScheduledMethodRunnable.java:122) ~[spring-context-7.0.5.jar:7.0.5]
	at org.springframework.scheduling.config.Task$OutcomeTrackingRunnable.run(Task.java:88) ~[spring-context-7.0.5.jar:7.0.5]
	at org.springframework.scheduling.support.DelegatingErrorHandlingRunnable.run(DelegatingErrorHandlingRunnable.java:54) ~[spring-context-7.0.5.jar:7.0.5]
	at org.springframework.scheduling.concurrent.ReschedulingRunnable.run(ReschedulingRunnable.java:94) ~[spring-context-7.0.5.jar:7.0.5]
	at java.base/java.util.concurrent.Executors$RunnableAdapter.call(Executors.java:572) ~[na:na]
	at java.base/java.util.concurrent.FutureTask.run$$$capture(FutureTask.java:317) ~[na:na]
	at java.base/java.util.concurrent.FutureTask.run(FutureTask.java) ~[na:na]
	at java.base/java.util.concurrent.ScheduledThreadPoolExecutor$ScheduledFutureTask.run(ScheduledThreadPoolExecutor.java:304) ~[na:na]
	at java.base/java.util.concurrent.ThreadPoolExecutor.runWorker(ThreadPoolExecutor.java:1144) ~[na:na]
	at java.base/java.util.concurrent.ThreadPoolExecutor$Worker.run(ThreadPoolExecutor.java:642) ~[na:na]
	at java.base/java.lang.Thread.run(Thread.java:1583) ~[na:na]
Caused by: org.hibernate.exception.JDBCConnectionException: Unable to acquire JDBC Connection [HikariPool-1 - Connection is not available, request timed out after 29999ms (total=0, active=0, idle=0, waiting=0)] [n/a]
	at org.hibernate.exception.internal.SQLExceptionTypeDelegate.convert(SQLExceptionTypeDelegate.java:49) ~[hibernate-core-7.2.4.Final.jar:7.2.4.Final]
	at org.hibernate.exception.internal.StandardSQLExceptionConverter.convert(StandardSQLExceptionConverter.java:34) ~[hibernate-core-7.2.4.Final.jar:7.2.4.Final]
	at org.hibernate.engine.jdbc.spi.SqlExceptionHelper.convert(SqlExceptionHelper.java:115) ~[hibernate-core-7.2.4.Final.jar:7.2.4.Final]
	at org.hibernate.engine.jdbc.spi.SqlExceptionHelper.convert(SqlExceptionHelper.java:101) ~[hibernate-core-7.2.4.Final.jar:7.2.4.Final]
	at org.hibernate.resource.jdbc.internal.LogicalConnectionManagedImpl.acquire(LogicalConnectionManagedImpl.java:190) ~[hibernate-core-7.2.4.Final.jar:7.2.4.Final]
	at org.hibernate.resource.jdbc.internal.LogicalConnectionManagedImpl.acquireConnectionIfNeeded(LogicalConnectionManagedImpl.java:87) ~[hibernate-core-7.2.4.Final.jar:7.2.4.Final]
	at org.hibernate.resource.jdbc.internal.LogicalConnectionManagedImpl.getPhysicalConnection(LogicalConnectionManagedImpl.java:126) ~[hibernate-core-7.2.4.Final.jar:7.2.4.Final]
	at org.hibernate.resource.jdbc.internal.LogicalConnectionManagedImpl.getConnectionForTransactionManagement(LogicalConnectionManagedImpl.java:277) ~[hibernate-core-7.2.4.Final.jar:7.2.4.Final]
	at org.hibernate.resource.jdbc.internal.LogicalConnectionManagedImpl.begin(LogicalConnectionManagedImpl.java:286) ~[hibernate-core-7.2.4.Final.jar:7.2.4.Final]
	at org.hibernate.resource.transaction.backend.jdbc.internal.JdbcResourceLocalTransactionCoordinatorImpl$TransactionDriverControlImpl.begin(JdbcResourceLocalTransactionCoordinatorImpl.java:226) ~[hibernate-core-7.2.4.Final.jar:7.2.4.Final]
	at org.hibernate.engine.transaction.internal.TransactionImpl.begin(TransactionImpl.java:75) ~[hibernate-core-7.2.4.Final.jar:7.2.4.Final]
	at org.springframework.orm.jpa.vendor.HibernateJpaDialect.beginTransaction(HibernateJpaDialect.java:147) ~[spring-orm-7.0.5.jar:7.0.5]
	at org.springframework.orm.jpa.JpaTransactionManager.doBegin(JpaTransactionManager.java:411) ~[spring-orm-7.0.5.jar:7.0.5]
	... 24 common frames omitted
Caused by: java.sql.SQLTransientConnectionException: HikariPool-1 - Connection is not available, request timed out after 29999ms (total=0, active=0, idle=0, waiting=0)
	at com.zaxxer.hikari.pool.HikariPool.createTimeoutException(HikariPool.java:714) ~[HikariCP-7.0.2.jar:na]
	at com.zaxxer.hikari.pool.HikariPool.getConnection(HikariPool.java:184) ~[HikariCP-7.0.2.jar:na]
	at com.zaxxer.hikari.pool.HikariPool.getConnection(HikariPool.java:142) ~[HikariCP-7.0.2.jar:na]
	at com.zaxxer.hikari.HikariDataSource.getConnection(HikariDataSource.java:127) ~[HikariCP-7.0.2.jar:na]
	at org.hibernate.engine.jdbc.connections.internal.DataSourceConnectionProvider.getConnection(DataSourceConnectionProvider.java:137) ~[hibernate-core-7.2.4.Final.jar:7.2.4.Final]
	at org.hibernate.internal.NonContextualJdbcConnectionAccess.obtainConnection(NonContextualJdbcConnectionAccess.java:47) ~[hibernate-core-7.2.4.Final.jar:7.2.4.Final]
	at org.hibernate.resource.jdbc.internal.LogicalConnectionManagedImpl.acquire(LogicalConnectionManagedImpl.java:187) ~[hibernate-core-7.2.4.Final.jar:7.2.4.Final]
	... 32 common frames omitted
Caused by: org.postgresql.util.PSQLException: Connection to localhost:5433 refused. Check that the hostname and port are correct and that the postmaster is accepting TCP/IP connections.
	at org.postgresql.core.v3.ConnectionFactoryImpl.openConnectionImpl(ConnectionFactoryImpl.java:346) ~[postgresql-42.7.3.jar:42.7.3]
	at org.postgresql.core.ConnectionFactory.openConnection(ConnectionFactory.java:54) ~[postgresql-42.7.3.jar:42.7.3]
	at org.postgresql.jdbc.PgConnection.<init>(PgConnection.java:273) ~[postgresql-42.7.3.jar:42.7.3]
	at org.postgresql.Driver.makeConnection(Driver.java:446) ~[postgresql-42.7.3.jar:42.7.3]
	at org.postgresql.Driver.connect(Driver.java:298) ~[postgresql-42.7.3.jar:42.7.3]
	at com.zaxxer.hikari.util.DriverDataSource.getConnection(DriverDataSource.java:144) ~[HikariCP-7.0.2.jar:na]
	at com.zaxxer.hikari.pool.PoolBase.newConnection(PoolBase.java:373) ~[HikariCP-7.0.2.jar:na]
	at com.zaxxer.hikari.pool.PoolBase.newPoolEntry(PoolBase.java:210) ~[HikariCP-7.0.2.jar:na]
	at com.zaxxer.hikari.pool.HikariPool.createPoolEntry(HikariPool.java:488) ~[HikariCP-7.0.2.jar:na]
	at com.zaxxer.hikari.pool.HikariPool$PoolEntryCreator.call(HikariPool.java:752) ~[HikariCP-7.0.2.jar:na]
	at com.zaxxer.hikari.pool.HikariPool$PoolEntryCreator.call(HikariPool.java:731) ~[HikariCP-7.0.2.jar:na]
	at java.base/java.util.concurrent.FutureTask.run$$$capture(FutureTask.java:317) ~[na:na]
	at java.base/java.util.concurrent.FutureTask.run(FutureTask.java) ~[na:na]
	... 3 common frames omitted
Caused by: java.net.ConnectException: Connection refused
	at java.base/sun.nio.ch.Net.pollConnect(Native Method) ~[na:na]
	at java.base/sun.nio.ch.Net.pollConnectNow(Net.java:694) ~[na:na]
	at java.base/sun.nio.ch.NioSocketImpl.timedFinishConnect(NioSocketImpl.java:549) ~[na:na]
	at java.base/sun.nio.ch.NioSocketImpl.connect(NioSocketImpl.java:592) ~[na:na]
	at java.base/java.net.SocksSocketImpl.connect(SocksSocketImpl.java:327) ~[na:na]
	at java.base/java.net.Socket.connect(Socket.java:751) ~[na:na]
	at org.postgresql.core.PGStream.createSocket(PGStream.java:243) ~[postgresql-42.7.3.jar:42.7.3]
	at org.postgresql.core.PGStream.<init>(PGStream.java:98) ~[postgresql-42.7.3.jar:42.7.3]
	at org.postgresql.core.v3.ConnectionFactoryImpl.tryConnect(ConnectionFactoryImpl.java:136) ~[postgresql-42.7.3.jar:42.7.3]
	at org.postgresql.core.v3.ConnectionFactoryImpl.openConnectionImpl(ConnectionFactoryImpl.java:262) ~[postgresql-42.7.3.jar:42.7.3]
	... 15 common frames omitted

2026-05-14T07:34:18.308+02:00  WARN 42910 --- [e-shop-backend] [HikariPool-1:connection-adder] com.zaxxer.hikari.pool.PoolBase          : HikariPool-1 - Pool is empty, failed to create/setup connection (b6289455-8ee1-42cf-b276-b7815aa4a000)

org.postgresql.util.PSQLException: Connection to localhost:5433 refused. Check that the hostname and port are correct and that the postmaster is accepting TCP/IP connections.
	at org.postgresql.core.v3.ConnectionFactoryImpl.openConnectionImpl(ConnectionFactoryImpl.java:346) ~[postgresql-42.7.3.jar:42.7.3]
	at org.postgresql.core.ConnectionFactory.openConnection(ConnectionFactory.java:54) ~[postgresql-42.7.3.jar:42.7.3]
	at org.postgresql.jdbc.PgConnection.<init>(PgConnection.java:273) ~[postgresql-42.7.3.jar:42.7.3]
	at org.postgresql.Driver.makeConnection(Driver.java:446) ~[postgresql-42.7.3.jar:42.7.3]
	at org.postgresql.Driver.connect(Driver.java:298) ~[postgresql-42.7.3.jar:42.7.3]
	at com.zaxxer.hikari.util.DriverDataSource.getConnection(DriverDataSource.java:144) ~[HikariCP-7.0.2.jar:na]
	at com.zaxxer.hikari.pool.PoolBase.newConnection(PoolBase.java:373) ~[HikariCP-7.0.2.jar:na]
	at com.zaxxer.hikari.pool.PoolBase.newPoolEntry(PoolBase.java:210) ~[HikariCP-7.0.2.jar:na]
	at com.zaxxer.hikari.pool.HikariPool.createPoolEntry(HikariPool.java:488) ~[HikariCP-7.0.2.jar:na]
	at com.zaxxer.hikari.pool.HikariPool$PoolEntryCreator.call(HikariPool.java:752) ~[HikariCP-7.0.2.jar:na]
	at com.zaxxer.hikari.pool.HikariPool$PoolEntryCreator.call(HikariPool.java:731) ~[HikariCP-7.0.2.jar:na]
	at java.base/java.util.concurrent.FutureTask.run$$$capture(FutureTask.java:317) ~[na:na]
	at java.base/java.util.concurrent.FutureTask.run(FutureTask.java) ~[na:na]
	at java.base/java.util.concurrent.ThreadPoolExecutor.runWorker(ThreadPoolExecutor.java:1144) ~[na:na]
	at java.base/java.util.concurrent.ThreadPoolExecutor$Worker.run(ThreadPoolExecutor.java:642) ~[na:na]
	at java.base/java.lang.Thread.run(Thread.java:1583) ~[na:na]
Caused by: java.net.ConnectException: Connection refused
	at java.base/sun.nio.ch.Net.pollConnect(Native Method) ~[na:na]
	at java.base/sun.nio.ch.Net.pollConnectNow(Net.java:694) ~[na:na]
	at java.base/sun.nio.ch.NioSocketImpl.timedFinishConnect(NioSocketImpl.java:549) ~[na:na]
	at java.base/sun.nio.ch.NioSocketImpl.connect(NioSocketImpl.java:592) ~[na:na]
	at java.base/java.net.SocksSocketImpl.connect(SocksSocketImpl.java:327) ~[na:na]
	at java.base/java.net.Socket.connect(Socket.java:751) ~[na:na]
	at org.postgresql.core.PGStream.createSocket(PGStream.java:243) ~[postgresql-42.7.3.jar:42.7.3]
	at org.postgresql.core.PGStream.<init>(PGStream.java:98) ~[postgresql-42.7.3.jar:42.7.3]
	at org.postgresql.core.v3.ConnectionFactoryImpl.tryConnect(ConnectionFactoryImpl.java:136) ~[postgresql-42.7.3.jar:42.7.3]
	at org.postgresql.core.v3.ConnectionFactoryImpl.openConnectionImpl(ConnectionFactoryImpl.java:262) ~[postgresql-42.7.3.jar:42.7.3]
	... 15 common frames omitted

2026-05-14T07:34:30.006+02:00  WARN 42910 --- [e-shop-backend] [scheduling-1] org.hibernate.orm.jdbc.error             : HHH000247: ErrorCode: 0, SQLState: 08001
2026-05-14T07:34:30.007+02:00  WARN 42910 --- [e-shop-backend] [scheduling-1] org.hibernate.orm.jdbc.error             : HikariPool-1 - Connection is not available, request timed out after 30002ms (total=0, active=0, idle=0, waiting=0)
2026-05-14T07:34:30.007+02:00  WARN 42910 --- [e-shop-backend] [scheduling-1] org.hibernate.orm.jdbc.error             : HHH000247: ErrorCode: 0, SQLState: 08001
2026-05-14T07:34:30.007+02:00  WARN 42910 --- [e-shop-backend] [scheduling-1] org.hibernate.orm.jdbc.error             : HikariPool-1 - Connection is not available, request timed out after 30002ms (total=0, active=0, idle=0, waiting=0)
2026-05-14T07:34:30.007+02:00 ERROR 42910 --- [e-shop-backend] [scheduling-1] o.s.s.s.TaskUtils$LoggingErrorHandler    : Unexpected error occurred in scheduled task

org.springframework.transaction.CannotCreateTransactionException: Could not open JPA EntityManager for transaction
	at org.springframework.orm.jpa.JpaTransactionManager.doBegin(JpaTransactionManager.java:457) ~[spring-orm-7.0.5.jar:7.0.5]
	at org.springframework.transaction.support.AbstractPlatformTransactionManager.startTransaction(AbstractPlatformTransactionManager.java:532) ~[spring-tx-7.0.5.jar:7.0.5]
	at org.springframework.transaction.support.AbstractPlatformTransactionManager.getTransaction(AbstractPlatformTransactionManager.java:405) ~[spring-tx-7.0.5.jar:7.0.5]
	at org.springframework.transaction.interceptor.TransactionAspectSupport.createTransactionIfNecessary(TransactionAspectSupport.java:628) ~[spring-tx-7.0.5.jar:7.0.5]
	at org.springframework.transaction.interceptor.TransactionAspectSupport.invokeWithinTransaction(TransactionAspectSupport.java:365) ~[spring-tx-7.0.5.jar:7.0.5]
	at org.springframework.transaction.interceptor.TransactionInterceptor.invoke(TransactionInterceptor.java:130) ~[spring-tx-7.0.5.jar:7.0.5]
	at org.springframework.aop.framework.ReflectiveMethodInvocation.proceed(ReflectiveMethodInvocation.java:179) ~[spring-aop-7.0.5.jar:7.0.5]
	at org.springframework.aop.framework.CglibAopProxy$DynamicAdvisedInterceptor.intercept(CglibAopProxy.java:719) ~[spring-aop-7.0.5.jar:7.0.5]
	at com.example.emtbackendlab.jobs.MaterializedViewRefreshScheduler$$SpringCGLIB$$0.refreshBooksStatsView(<generated>) ~[classes/:na]
	at java.base/jdk.internal.reflect.DirectMethodHandleAccessor.invoke(DirectMethodHandleAccessor.java:103) ~[na:na]
	at java.base/java.lang.reflect.Method.invoke(Method.java:580) ~[na:na]
	at org.springframework.scheduling.support.ScheduledMethodRunnable.runInternal(ScheduledMethodRunnable.java:128) ~[spring-context-7.0.5.jar:7.0.5]
	at org.springframework.scheduling.support.ScheduledMethodRunnable.lambda$run$1(ScheduledMethodRunnable.java:122) ~[spring-context-7.0.5.jar:7.0.5]
	at io.micrometer.observation.Observation.observe(Observation.java:564) ~[micrometer-observation-1.16.3.jar:1.16.3]
	at org.springframework.scheduling.support.ScheduledMethodRunnable.run(ScheduledMethodRunnable.java:122) ~[spring-context-7.0.5.jar:7.0.5]
	at org.springframework.scheduling.config.Task$OutcomeTrackingRunnable.run(Task.java:88) ~[spring-context-7.0.5.jar:7.0.5]
	at org.springframework.scheduling.support.DelegatingErrorHandlingRunnable.run(DelegatingErrorHandlingRunnable.java:54) ~[spring-context-7.0.5.jar:7.0.5]
	at org.springframework.scheduling.concurrent.ReschedulingRunnable.run(ReschedulingRunnable.java:94) ~[spring-context-7.0.5.jar:7.0.5]
	at java.base/java.util.concurrent.Executors$RunnableAdapter.call(Executors.java:572) ~[na:na]
	at java.base/java.util.concurrent.FutureTask.run$$$capture(FutureTask.java:317) ~[na:na]
	at java.base/java.util.concurrent.FutureTask.run(FutureTask.java) ~[na:na]
	at java.base/java.util.concurrent.ScheduledThreadPoolExecutor$ScheduledFutureTask.run(ScheduledThreadPoolExecutor.java:304) ~[na:na]
	at java.base/java.util.concurrent.ThreadPoolExecutor.runWorker(ThreadPoolExecutor.java:1144) ~[na:na]
	at java.base/java.util.concurrent.ThreadPoolExecutor$Worker.run(ThreadPoolExecutor.java:642) ~[na:na]
	at java.base/java.lang.Thread.run(Thread.java:1583) ~[na:na]
Caused by: org.hibernate.exception.JDBCConnectionException: Unable to acquire JDBC Connection [HikariPool-1 - Connection is not available, request timed out after 30002ms (total=0, active=0, idle=0, waiting=0)] [n/a]
	at org.hibernate.exception.internal.SQLExceptionTypeDelegate.convert(SQLExceptionTypeDelegate.java:49) ~[hibernate-core-7.2.4.Final.jar:7.2.4.Final]
	at org.hibernate.exception.internal.StandardSQLExceptionConverter.convert(StandardSQLExceptionConverter.java:34) ~[hibernate-core-7.2.4.Final.jar:7.2.4.Final]
	at org.hibernate.engine.jdbc.spi.SqlExceptionHelper.convert(SqlExceptionHelper.java:115) ~[hibernate-core-7.2.4.Final.jar:7.2.4.Final]
	at org.hibernate.engine.jdbc.spi.SqlExceptionHelper.convert(SqlExceptionHelper.java:101) ~[hibernate-core-7.2.4.Final.jar:7.2.4.Final]
	at org.hibernate.resource.jdbc.internal.LogicalConnectionManagedImpl.acquire(LogicalConnectionManagedImpl.java:190) ~[hibernate-core-7.2.4.Final.jar:7.2.4.Final]
	at org.hibernate.resource.jdbc.internal.LogicalConnectionManagedImpl.acquireConnectionIfNeeded(LogicalConnectionManagedImpl.java:87) ~[hibernate-core-7.2.4.Final.jar:7.2.4.Final]
	at org.hibernate.resource.jdbc.internal.LogicalConnectionManagedImpl.getPhysicalConnection(LogicalConnectionManagedImpl.java:126) ~[hibernate-core-7.2.4.Final.jar:7.2.4.Final]
	at org.hibernate.resource.jdbc.internal.LogicalConnectionManagedImpl.getConnectionForTransactionManagement(LogicalConnectionManagedImpl.java:277) ~[hibernate-core-7.2.4.Final.jar:7.2.4.Final]
	at org.hibernate.resource.jdbc.internal.LogicalConnectionManagedImpl.begin(LogicalConnectionManagedImpl.java:286) ~[hibernate-core-7.2.4.Final.jar:7.2.4.Final]
	at org.hibernate.resource.transaction.backend.jdbc.internal.JdbcResourceLocalTransactionCoordinatorImpl$TransactionDriverControlImpl.begin(JdbcResourceLocalTransactionCoordinatorImpl.java:226) ~[hibernate-core-7.2.4.Final.jar:7.2.4.Final]
	at org.hibernate.engine.transaction.internal.TransactionImpl.begin(TransactionImpl.java:75) ~[hibernate-core-7.2.4.Final.jar:7.2.4.Final]
	at org.springframework.orm.jpa.vendor.HibernateJpaDialect.beginTransaction(HibernateJpaDialect.java:147) ~[spring-orm-7.0.5.jar:7.0.5]
	at org.springframework.orm.jpa.JpaTransactionManager.doBegin(JpaTransactionManager.java:411) ~[spring-orm-7.0.5.jar:7.0.5]
	... 24 common frames omitted
Caused by: java.sql.SQLTransientConnectionException: HikariPool-1 - Connection is not available, request timed out after 30002ms (total=0, active=0, idle=0, waiting=0)
	at com.zaxxer.hikari.pool.HikariPool.createTimeoutException(HikariPool.java:714) ~[HikariCP-7.0.2.jar:na]
	at com.zaxxer.hikari.pool.HikariPool.getConnection(HikariPool.java:184) ~[HikariCP-7.0.2.jar:na]
	at com.zaxxer.hikari.pool.HikariPool.getConnection(HikariPool.java:142) ~[HikariCP-7.0.2.jar:na]
	at com.zaxxer.hikari.HikariDataSource.getConnection(HikariDataSource.java:127) ~[HikariCP-7.0.2.jar:na]
	at org.hibernate.engine.jdbc.connections.internal.DataSourceConnectionProvider.getConnection(DataSourceConnectionProvider.java:137) ~[hibernate-core-7.2.4.Final.jar:7.2.4.Final]
	at org.hibernate.internal.NonContextualJdbcConnectionAccess.obtainConnection(NonContextualJdbcConnectionAccess.java:47) ~[hibernate-core-7.2.4.Final.jar:7.2.4.Final]
	at org.hibernate.resource.jdbc.internal.LogicalConnectionManagedImpl.acquire(LogicalConnectionManagedImpl.java:187) ~[hibernate-core-7.2.4.Final.jar:7.2.4.Final]
	... 32 common frames omitted
Caused by: org.postgresql.util.PSQLException: Connection to localhost:5433 refused. Check that the hostname and port are correct and that the postmaster is accepting TCP/IP connections.
	at org.postgresql.core.v3.ConnectionFactoryImpl.openConnectionImpl(ConnectionFactoryImpl.java:346) ~[postgresql-42.7.3.jar:42.7.3]
	at org.postgresql.core.ConnectionFactory.openConnection(ConnectionFactory.java:54) ~[postgresql-42.7.3.jar:42.7.3]
	at org.postgresql.jdbc.PgConnection.<init>(PgConnection.java:273) ~[postgresql-42.7.3.jar:42.7.3]
	at org.postgresql.Driver.makeConnection(Driver.java:446) ~[postgresql-42.7.3.jar:42.7.3]
	at org.postgresql.Driver.connect(Driver.java:298) ~[postgresql-42.7.3.jar:42.7.3]
	at com.zaxxer.hikari.util.DriverDataSource.getConnection(DriverDataSource.java:144) ~[HikariCP-7.0.2.jar:na]
	at com.zaxxer.hikari.pool.PoolBase.newConnection(PoolBase.java:373) ~[HikariCP-7.0.2.jar:na]
	at com.zaxxer.hikari.pool.PoolBase.newPoolEntry(PoolBase.java:210) ~[HikariCP-7.0.2.jar:na]
	at com.zaxxer.hikari.pool.HikariPool.createPoolEntry(HikariPool.java:488) ~[HikariCP-7.0.2.jar:na]
	at com.zaxxer.hikari.pool.HikariPool$PoolEntryCreator.call(HikariPool.java:752) ~[HikariCP-7.0.2.jar:na]
	at com.zaxxer.hikari.pool.HikariPool$PoolEntryCreator.call(HikariPool.java:731) ~[HikariCP-7.0.2.jar:na]
	at java.base/java.util.concurrent.FutureTask.run$$$capture(FutureTask.java:317) ~[na:na]
	at java.base/java.util.concurrent.FutureTask.run(FutureTask.java) ~[na:na]
	... 3 common frames omitted
Caused by: java.net.ConnectException: Connection refused
	at java.base/sun.nio.ch.Net.pollConnect(Native Method) ~[na:na]
	at java.base/sun.nio.ch.Net.pollConnectNow(Net.java:694) ~[na:na]
	at java.base/sun.nio.ch.NioSocketImpl.timedFinishConnect(NioSocketImpl.java:549) ~[na:na]
	at java.base/sun.nio.ch.NioSocketImpl.connect(NioSocketImpl.java:592) ~[na:na]
	at java.base/java.net.SocksSocketImpl.connect(SocksSocketImpl.java:327) ~[na:na]
	at java.base/java.net.Socket.connect(Socket.java:751) ~[na:na]
	at org.postgresql.core.PGStream.createSocket(PGStream.java:243) ~[postgresql-42.7.3.jar:42.7.3]
	at org.postgresql.core.PGStream.<init>(PGStream.java:98) ~[postgresql-42.7.3.jar:42.7.3]
	at org.postgresql.core.v3.ConnectionFactoryImpl.tryConnect(ConnectionFactoryImpl.java:136) ~[postgresql-42.7.3.jar:42.7.3]
	at org.postgresql.core.v3.ConnectionFactoryImpl.openConnectionImpl(ConnectionFactoryImpl.java:262) ~[postgresql-42.7.3.jar:42.7.3]
	... 15 common frames omitted

2026-05-14T07:35:23.378+02:00  WARN 42910 --- [e-shop-backend] [HikariPool-1:connection-adder] com.zaxxer.hikari.pool.PoolBase          : HikariPool-1 - Pool is empty, failed to create/setup connection (8fac6236-a0b5-418e-8460-b376694f9d42)

org.postgresql.util.PSQLException: Connection to localhost:5433 refused. Check that the hostname and port are correct and that the postmaster is accepting TCP/IP connections.
	at org.postgresql.core.v3.ConnectionFactoryImpl.openConnectionImpl(ConnectionFactoryImpl.java:346) ~[postgresql-42.7.3.jar:42.7.3]
	at org.postgresql.core.ConnectionFactory.openConnection(ConnectionFactory.java:54) ~[postgresql-42.7.3.jar:42.7.3]
	at org.postgresql.jdbc.PgConnection.<init>(PgConnection.java:273) ~[postgresql-42.7.3.jar:42.7.3]
	at org.postgresql.Driver.makeConnection(Driver.java:446) ~[postgresql-42.7.3.jar:42.7.3]
	at org.postgresql.Driver.connect(Driver.java:298) ~[postgresql-42.7.3.jar:42.7.3]
	at com.zaxxer.hikari.util.DriverDataSource.getConnection(DriverDataSource.java:144) ~[HikariCP-7.0.2.jar:na]
	at com.zaxxer.hikari.pool.PoolBase.newConnection(PoolBase.java:373) ~[HikariCP-7.0.2.jar:na]
	at com.zaxxer.hikari.pool.PoolBase.newPoolEntry(PoolBase.java:210) ~[HikariCP-7.0.2.jar:na]
	at com.zaxxer.hikari.pool.HikariPool.createPoolEntry(HikariPool.java:488) ~[HikariCP-7.0.2.jar:na]
	at com.zaxxer.hikari.pool.HikariPool$PoolEntryCreator.call(HikariPool.java:752) ~[HikariCP-7.0.2.jar:na]
	at com.zaxxer.hikari.pool.HikariPool$PoolEntryCreator.call(HikariPool.java:731) ~[HikariCP-7.0.2.jar:na]
	at java.base/java.util.concurrent.FutureTask.run$$$capture(FutureTask.java:317) ~[na:na]
	at java.base/java.util.concurrent.FutureTask.run(FutureTask.java) ~[na:na]
	at java.base/java.util.concurrent.ThreadPoolExecutor.runWorker(ThreadPoolExecutor.java:1144) ~[na:na]
	at java.base/java.util.concurrent.ThreadPoolExecutor$Worker.run(ThreadPoolExecutor.java:642) ~[na:na]
	at java.base/java.lang.Thread.run(Thread.java:1583) ~[na:na]
Caused by: java.net.ConnectException: Connection refused
	at java.base/sun.nio.ch.Net.pollConnect(Native Method) ~[na:na]
	at java.base/sun.nio.ch.Net.pollConnectNow(Net.java:694) ~[na:na]
	at java.base/sun.nio.ch.NioSocketImpl.timedFinishConnect(NioSocketImpl.java:549) ~[na:na]
	at java.base/sun.nio.ch.NioSocketImpl.connect(NioSocketImpl.java:592) ~[na:na]
	at java.base/java.net.SocksSocketImpl.connect(SocksSocketImpl.java:327) ~[na:na]
	at java.base/java.net.Socket.connect(Socket.java:751) ~[na:na]
	at org.postgresql.core.PGStream.createSocket(PGStream.java:243) ~[postgresql-42.7.3.jar:42.7.3]
	at org.postgresql.core.PGStream.<init>(PGStream.java:98) ~[postgresql-42.7.3.jar:42.7.3]
	at org.postgresql.core.v3.ConnectionFactoryImpl.tryConnect(ConnectionFactoryImpl.java:136) ~[postgresql-42.7.3.jar:42.7.3]
	at org.postgresql.core.v3.ConnectionFactoryImpl.openConnectionImpl(ConnectionFactoryImpl.java:262) ~[postgresql-42.7.3.jar:42.7.3]
	... 15 common frames omitted

2026-05-14T07:35:30.002+02:00  WARN 42910 --- [e-shop-backend] [scheduling-1] org.hibernate.orm.jdbc.error             : HHH000247: ErrorCode: 0, SQLState: 08001
2026-05-14T07:35:30.003+02:00  WARN 42910 --- [e-shop-backend] [scheduling-1] org.hibernate.orm.jdbc.error             : HikariPool-1 - Connection is not available, request timed out after 29999ms (total=0, active=0, idle=0, waiting=0)
2026-05-14T07:35:30.003+02:00  WARN 42910 --- [e-shop-backend] [scheduling-1] org.hibernate.orm.jdbc.error             : HHH000247: ErrorCode: 0, SQLState: 08001
2026-05-14T07:35:30.003+02:00  WARN 42910 --- [e-shop-backend] [scheduling-1] org.hibernate.orm.jdbc.error             : HikariPool-1 - Connection is not available, request timed out after 29999ms (total=0, active=0, idle=0, waiting=0)
2026-05-14T07:35:30.003+02:00 ERROR 42910 --- [e-shop-backend] [scheduling-1] o.s.s.s.TaskUtils$LoggingErrorHandler    : Unexpected error occurred in scheduled task

org.springframework.transaction.CannotCreateTransactionException: Could not open JPA EntityManager for transaction
	at org.springframework.orm.jpa.JpaTransactionManager.doBegin(JpaTransactionManager.java:457) ~[spring-orm-7.0.5.jar:7.0.5]
	at org.springframework.transaction.support.AbstractPlatformTransactionManager.startTransaction(AbstractPlatformTransactionManager.java:532) ~[spring-tx-7.0.5.jar:7.0.5]
	at org.springframework.transaction.support.AbstractPlatformTransactionManager.getTransaction(AbstractPlatformTransactionManager.java:405) ~[spring-tx-7.0.5.jar:7.0.5]
	at org.springframework.transaction.interceptor.TransactionAspectSupport.createTransactionIfNecessary(TransactionAspectSupport.java:628) ~[spring-tx-7.0.5.jar:7.0.5]
	at org.springframework.transaction.interceptor.TransactionAspectSupport.invokeWithinTransaction(TransactionAspectSupport.java:365) ~[spring-tx-7.0.5.jar:7.0.5]
	at org.springframework.transaction.interceptor.TransactionInterceptor.invoke(TransactionInterceptor.java:130) ~[spring-tx-7.0.5.jar:7.0.5]
	at org.springframework.aop.framework.ReflectiveMethodInvocation.proceed(ReflectiveMethodInvocation.java:179) ~[spring-aop-7.0.5.jar:7.0.5]
	at org.springframework.aop.framework.CglibAopProxy$DynamicAdvisedInterceptor.intercept(CglibAopProxy.java:719) ~[spring-aop-7.0.5.jar:7.0.5]
	at com.example.emtbackendlab.jobs.MaterializedViewRefreshScheduler$$SpringCGLIB$$0.refreshBooksStatsView(<generated>) ~[classes/:na]
	at java.base/jdk.internal.reflect.DirectMethodHandleAccessor.invoke(DirectMethodHandleAccessor.java:103) ~[na:na]
	at java.base/java.lang.reflect.Method.invoke(Method.java:580) ~[na:na]
	at org.springframework.scheduling.support.ScheduledMethodRunnable.runInternal(ScheduledMethodRunnable.java:128) ~[spring-context-7.0.5.jar:7.0.5]
	at org.springframework.scheduling.support.ScheduledMethodRunnable.lambda$run$1(ScheduledMethodRunnable.java:122) ~[spring-context-7.0.5.jar:7.0.5]
	at io.micrometer.observation.Observation.observe(Observation.java:564) ~[micrometer-observation-1.16.3.jar:1.16.3]
	at org.springframework.scheduling.support.ScheduledMethodRunnable.run(ScheduledMethodRunnable.java:122) ~[spring-context-7.0.5.jar:7.0.5]
	at org.springframework.scheduling.config.Task$OutcomeTrackingRunnable.run(Task.java:88) ~[spring-context-7.0.5.jar:7.0.5]
	at org.springframework.scheduling.support.DelegatingErrorHandlingRunnable.run(DelegatingErrorHandlingRunnable.java:54) ~[spring-context-7.0.5.jar:7.0.5]
	at org.springframework.scheduling.concurrent.ReschedulingRunnable.run(ReschedulingRunnable.java:94) ~[spring-context-7.0.5.jar:7.0.5]
	at java.base/java.util.concurrent.Executors$RunnableAdapter.call(Executors.java:572) ~[na:na]
	at java.base/java.util.concurrent.FutureTask.run$$$capture(FutureTask.java:317) ~[na:na]
	at java.base/java.util.concurrent.FutureTask.run(FutureTask.java) ~[na:na]
	at java.base/java.util.concurrent.ScheduledThreadPoolExecutor$ScheduledFutureTask.run(ScheduledThreadPoolExecutor.java:304) ~[na:na]
	at java.base/java.util.concurrent.ThreadPoolExecutor.runWorker(ThreadPoolExecutor.java:1144) ~[na:na]
	at java.base/java.util.concurrent.ThreadPoolExecutor$Worker.run(ThreadPoolExecutor.java:642) ~[na:na]
	at java.base/java.lang.Thread.run(Thread.java:1583) ~[na:na]
Caused by: org.hibernate.exception.JDBCConnectionException: Unable to acquire JDBC Connection [HikariPool-1 - Connection is not available, request timed out after 29999ms (total=0, active=0, idle=0, waiting=0)] [n/a]
	at org.hibernate.exception.internal.SQLExceptionTypeDelegate.convert(SQLExceptionTypeDelegate.java:49) ~[hibernate-core-7.2.4.Final.jar:7.2.4.Final]
	at org.hibernate.exception.internal.StandardSQLExceptionConverter.convert(StandardSQLExceptionConverter.java:34) ~[hibernate-core-7.2.4.Final.jar:7.2.4.Final]
	at org.hibernate.engine.jdbc.spi.SqlExceptionHelper.convert(SqlExceptionHelper.java:115) ~[hibernate-core-7.2.4.Final.jar:7.2.4.Final]
	at org.hibernate.engine.jdbc.spi.SqlExceptionHelper.convert(SqlExceptionHelper.java:101) ~[hibernate-core-7.2.4.Final.jar:7.2.4.Final]
	at org.hibernate.resource.jdbc.internal.LogicalConnectionManagedImpl.acquire(LogicalConnectionManagedImpl.java:190) ~[hibernate-core-7.2.4.Final.jar:7.2.4.Final]
	at org.hibernate.resource.jdbc.internal.LogicalConnectionManagedImpl.acquireConnectionIfNeeded(LogicalConnectionManagedImpl.java:87) ~[hibernate-core-7.2.4.Final.jar:7.2.4.Final]
	at org.hibernate.resource.jdbc.internal.LogicalConnectionManagedImpl.getPhysicalConnection(LogicalConnectionManagedImpl.java:126) ~[hibernate-core-7.2.4.Final.jar:7.2.4.Final]
	at org.hibernate.resource.jdbc.internal.LogicalConnectionManagedImpl.getConnectionForTransactionManagement(LogicalConnectionManagedImpl.java:277) ~[hibernate-core-7.2.4.Final.jar:7.2.4.Final]
	at org.hibernate.resource.jdbc.internal.LogicalConnectionManagedImpl.begin(LogicalConnectionManagedImpl.java:286) ~[hibernate-core-7.2.4.Final.jar:7.2.4.Final]
	at org.hibernate.resource.transaction.backend.jdbc.internal.JdbcResourceLocalTransactionCoordinatorImpl$TransactionDriverControlImpl.begin(JdbcResourceLocalTransactionCoordinatorImpl.java:226) ~[hibernate-core-7.2.4.Final.jar:7.2.4.Final]
	at org.hibernate.engine.transaction.internal.TransactionImpl.begin(TransactionImpl.java:75) ~[hibernate-core-7.2.4.Final.jar:7.2.4.Final]
	at org.springframework.orm.jpa.vendor.HibernateJpaDialect.beginTransaction(HibernateJpaDialect.java:147) ~[spring-orm-7.0.5.jar:7.0.5]
	at org.springframework.orm.jpa.JpaTransactionManager.doBegin(JpaTransactionManager.java:411) ~[spring-orm-7.0.5.jar:7.0.5]
	... 24 common frames omitted
Caused by: java.sql.SQLTransientConnectionException: HikariPool-1 - Connection is not available, request timed out after 29999ms (total=0, active=0, idle=0, waiting=0)
	at com.zaxxer.hikari.pool.HikariPool.createTimeoutException(HikariPool.java:714) ~[HikariCP-7.0.2.jar:na]
	at com.zaxxer.hikari.pool.HikariPool.getConnection(HikariPool.java:184) ~[HikariCP-7.0.2.jar:na]
	at com.zaxxer.hikari.pool.HikariPool.getConnection(HikariPool.java:142) ~[HikariCP-7.0.2.jar:na]
	at com.zaxxer.hikari.HikariDataSource.getConnection(HikariDataSource.java:127) ~[HikariCP-7.0.2.jar:na]
	at org.hibernate.engine.jdbc.connections.internal.DataSourceConnectionProvider.getConnection(DataSourceConnectionProvider.java:137) ~[hibernate-core-7.2.4.Final.jar:7.2.4.Final]
	at org.hibernate.internal.NonContextualJdbcConnectionAccess.obtainConnection(NonContextualJdbcConnectionAccess.java:47) ~[hibernate-core-7.2.4.Final.jar:7.2.4.Final]
	at org.hibernate.resource.jdbc.internal.LogicalConnectionManagedImpl.acquire(LogicalConnectionManagedImpl.java:187) ~[hibernate-core-7.2.4.Final.jar:7.2.4.Final]
	... 32 common frames omitted
Caused by: org.postgresql.util.PSQLException: Connection to localhost:5433 refused. Check that the hostname and port are correct and that the postmaster is accepting TCP/IP connections.
	at org.postgresql.core.v3.ConnectionFactoryImpl.openConnectionImpl(ConnectionFactoryImpl.java:346) ~[postgresql-42.7.3.jar:42.7.3]
	at org.postgresql.core.ConnectionFactory.openConnection(ConnectionFactory.java:54) ~[postgresql-42.7.3.jar:42.7.3]
	at org.postgresql.jdbc.PgConnection.<init>(PgConnection.java:273) ~[postgresql-42.7.3.jar:42.7.3]
	at org.postgresql.Driver.makeConnection(Driver.java:446) ~[postgresql-42.7.3.jar:42.7.3]
	at org.postgresql.Driver.connect(Driver.java:298) ~[postgresql-42.7.3.jar:42.7.3]
	at com.zaxxer.hikari.util.DriverDataSource.getConnection(DriverDataSource.java:144) ~[HikariCP-7.0.2.jar:na]
	at com.zaxxer.hikari.pool.PoolBase.newConnection(PoolBase.java:373) ~[HikariCP-7.0.2.jar:na]
	at com.zaxxer.hikari.pool.PoolBase.newPoolEntry(PoolBase.java:210) ~[HikariCP-7.0.2.jar:na]
	at com.zaxxer.hikari.pool.HikariPool.createPoolEntry(HikariPool.java:488) ~[HikariCP-7.0.2.jar:na]
	at com.zaxxer.hikari.pool.HikariPool$PoolEntryCreator.call(HikariPool.java:752) ~[HikariCP-7.0.2.jar:na]
	at com.zaxxer.hikari.pool.HikariPool$PoolEntryCreator.call(HikariPool.java:731) ~[HikariCP-7.0.2.jar:na]
	at java.base/java.util.concurrent.FutureTask.run$$$capture(FutureTask.java:317) ~[na:na]
	at java.base/java.util.concurrent.FutureTask.run(FutureTask.java) ~[na:na]
	... 3 common frames omitted
Caused by: java.net.ConnectException: Connection refused
	at java.base/sun.nio.ch.Net.pollConnect(Native Method) ~[na:na]
	at java.base/sun.nio.ch.Net.pollConnectNow(Net.java:694) ~[na:na]
	at java.base/sun.nio.ch.NioSocketImpl.timedFinishConnect(NioSocketImpl.java:549) ~[na:na]
	at java.base/sun.nio.ch.NioSocketImpl.connect(NioSocketImpl.java:592) ~[na:na]
	at java.base/java.net.SocksSocketImpl.connect(SocksSocketImpl.java:327) ~[na:na]
	at java.base/java.net.Socket.connect(Socket.java:751) ~[na:na]
	at org.postgresql.core.PGStream.createSocket(PGStream.java:243) ~[postgresql-42.7.3.jar:42.7.3]
	at org.postgresql.core.PGStream.<init>(PGStream.java:98) ~[postgresql-42.7.3.jar:42.7.3]
	at org.postgresql.core.v3.ConnectionFactoryImpl.tryConnect(ConnectionFactoryImpl.java:136) ~[postgresql-42.7.3.jar:42.7.3]
	at org.postgresql.core.v3.ConnectionFactoryImpl.openConnectionImpl(ConnectionFactoryImpl.java:262) ~[postgresql-42.7.3.jar:42.7.3]
	... 15 common frames omitted

2026-05-14T07:36:28.437+02:00  WARN 42910 --- [e-shop-backend] [HikariPool-1:connection-adder] com.zaxxer.hikari.pool.PoolBase          : HikariPool-1 - Pool is empty, failed to create/setup connection (9a2289d4-642a-41df-8c67-d393ebda13bb)

org.postgresql.util.PSQLException: Connection to localhost:5433 refused. Check that the hostname and port are correct and that the postmaster is accepting TCP/IP connections.
	at org.postgresql.core.v3.ConnectionFactoryImpl.openConnectionImpl(ConnectionFactoryImpl.java:346) ~[postgresql-42.7.3.jar:42.7.3]
	at org.postgresql.core.ConnectionFactory.openConnection(ConnectionFactory.java:54) ~[postgresql-42.7.3.jar:42.7.3]
	at org.postgresql.jdbc.PgConnection.<init>(PgConnection.java:273) ~[postgresql-42.7.3.jar:42.7.3]
	at org.postgresql.Driver.makeConnection(Driver.java:446) ~[postgresql-42.7.3.jar:42.7.3]
	at org.postgresql.Driver.connect(Driver.java:298) ~[postgresql-42.7.3.jar:42.7.3]
	at com.zaxxer.hikari.util.DriverDataSource.getConnection(DriverDataSource.java:144) ~[HikariCP-7.0.2.jar:na]
	at com.zaxxer.hikari.pool.PoolBase.newConnection(PoolBase.java:373) ~[HikariCP-7.0.2.jar:na]
	at com.zaxxer.hikari.pool.PoolBase.newPoolEntry(PoolBase.java:210) ~[HikariCP-7.0.2.jar:na]
	at com.zaxxer.hikari.pool.HikariPool.createPoolEntry(HikariPool.java:488) ~[HikariCP-7.0.2.jar:na]
	at com.zaxxer.hikari.pool.HikariPool$PoolEntryCreator.call(HikariPool.java:752) ~[HikariCP-7.0.2.jar:na]
	at com.zaxxer.hikari.pool.HikariPool$PoolEntryCreator.call(HikariPool.java:731) ~[HikariCP-7.0.2.jar:na]
	at java.base/java.util.concurrent.FutureTask.run$$$capture(FutureTask.java:317) ~[na:na]
	at java.base/java.util.concurrent.FutureTask.run(FutureTask.java) ~[na:na]
	at java.base/java.util.concurrent.ThreadPoolExecutor.runWorker(ThreadPoolExecutor.java:1144) ~[na:na]
	at java.base/java.util.concurrent.ThreadPoolExecutor$Worker.run(ThreadPoolExecutor.java:642) ~[na:na]
	at java.base/java.lang.Thread.run(Thread.java:1583) ~[na:na]
Caused by: java.net.ConnectException: Connection refused
	at java.base/sun.nio.ch.Net.pollConnect(Native Method) ~[na:na]
	at java.base/sun.nio.ch.Net.pollConnectNow(Net.java:694) ~[na:na]
	at java.base/sun.nio.ch.NioSocketImpl.timedFinishConnect(NioSocketImpl.java:549) ~[na:na]
	at java.base/sun.nio.ch.NioSocketImpl.connect(NioSocketImpl.java:592) ~[na:na]
	at java.base/java.net.SocksSocketImpl.connect(SocksSocketImpl.java:327) ~[na:na]
	at java.base/java.net.Socket.connect(Socket.java:751) ~[na:na]
	at org.postgresql.core.PGStream.createSocket(PGStream.java:243) ~[postgresql-42.7.3.jar:42.7.3]
	at org.postgresql.core.PGStream.<init>(PGStream.java:98) ~[postgresql-42.7.3.jar:42.7.3]
	at org.postgresql.core.v3.ConnectionFactoryImpl.tryConnect(ConnectionFactoryImpl.java:136) ~[postgresql-42.7.3.jar:42.7.3]
	at org.postgresql.core.v3.ConnectionFactoryImpl.openConnectionImpl(ConnectionFactoryImpl.java:262) ~[postgresql-42.7.3.jar:42.7.3]
	... 15 common frames omitted

2026-05-14T07:36:30.003+02:00  WARN 42910 --- [e-shop-backend] [scheduling-1] org.hibernate.orm.jdbc.error             : HHH000247: ErrorCode: 0, SQLState: 08001
2026-05-14T07:36:30.003+02:00  WARN 42910 --- [e-shop-backend] [scheduling-1] org.hibernate.orm.jdbc.error             : HikariPool-1 - Connection is not available, request timed out after 30001ms (total=0, active=0, idle=0, waiting=0)
2026-05-14T07:36:30.003+02:00  WARN 42910 --- [e-shop-backend] [scheduling-1] org.hibernate.orm.jdbc.error             : HHH000247: ErrorCode: 0, SQLState: 08001
2026-05-14T07:36:30.003+02:00  WARN 42910 --- [e-shop-backend] [scheduling-1] org.hibernate.orm.jdbc.error             : HikariPool-1 - Connection is not available, request timed out after 30001ms (total=0, active=0, idle=0, waiting=0)
2026-05-14T07:36:30.004+02:00 ERROR 42910 --- [e-shop-backend] [scheduling-1] o.s.s.s.TaskUtils$LoggingErrorHandler    : Unexpected error occurred in scheduled task

org.springframework.transaction.CannotCreateTransactionException: Could not open JPA EntityManager for transaction
	at org.springframework.orm.jpa.JpaTransactionManager.doBegin(JpaTransactionManager.java:457) ~[spring-orm-7.0.5.jar:7.0.5]
	at org.springframework.transaction.support.AbstractPlatformTransactionManager.startTransaction(AbstractPlatformTransactionManager.java:532) ~[spring-tx-7.0.5.jar:7.0.5]
	at org.springframework.transaction.support.AbstractPlatformTransactionManager.getTransaction(AbstractPlatformTransactionManager.java:405) ~[spring-tx-7.0.5.jar:7.0.5]
	at org.springframework.transaction.interceptor.TransactionAspectSupport.createTransactionIfNecessary(TransactionAspectSupport.java:628) ~[spring-tx-7.0.5.jar:7.0.5]
	at org.springframework.transaction.interceptor.TransactionAspectSupport.invokeWithinTransaction(TransactionAspectSupport.java:365) ~[spring-tx-7.0.5.jar:7.0.5]
	at org.springframework.transaction.interceptor.TransactionInterceptor.invoke(TransactionInterceptor.java:130) ~[spring-tx-7.0.5.jar:7.0.5]
	at org.springframework.aop.framework.ReflectiveMethodInvocation.proceed(ReflectiveMethodInvocation.java:179) ~[spring-aop-7.0.5.jar:7.0.5]
	at org.springframework.aop.framework.CglibAopProxy$DynamicAdvisedInterceptor.intercept(CglibAopProxy.java:719) ~[spring-aop-7.0.5.jar:7.0.5]
	at com.example.emtbackendlab.jobs.MaterializedViewRefreshScheduler$$SpringCGLIB$$0.refreshBooksStatsView(<generated>) ~[classes/:na]
	at java.base/jdk.internal.reflect.DirectMethodHandleAccessor.invoke(DirectMethodHandleAccessor.java:103) ~[na:na]
	at java.base/java.lang.reflect.Method.invoke(Method.java:580) ~[na:na]
	at org.springframework.scheduling.support.ScheduledMethodRunnable.runInternal(ScheduledMethodRunnable.java:128) ~[spring-context-7.0.5.jar:7.0.5]
	at org.springframework.scheduling.support.ScheduledMethodRunnable.lambda$run$1(ScheduledMethodRunnable.java:122) ~[spring-context-7.0.5.jar:7.0.5]
	at io.micrometer.observation.Observation.observe(Observation.java:564) ~[micrometer-observation-1.16.3.jar:1.16.3]
	at org.springframework.scheduling.support.ScheduledMethodRunnable.run(ScheduledMethodRunnable.java:122) ~[spring-context-7.0.5.jar:7.0.5]
	at org.springframework.scheduling.config.Task$OutcomeTrackingRunnable.run(Task.java:88) ~[spring-context-7.0.5.jar:7.0.5]
	at org.springframework.scheduling.support.DelegatingErrorHandlingRunnable.run(DelegatingErrorHandlingRunnable.java:54) ~[spring-context-7.0.5.jar:7.0.5]
	at org.springframework.scheduling.concurrent.ReschedulingRunnable.run(ReschedulingRunnable.java:94) ~[spring-context-7.0.5.jar:7.0.5]
	at java.base/java.util.concurrent.Executors$RunnableAdapter.call(Executors.java:572) ~[na:na]
	at java.base/java.util.concurrent.FutureTask.run$$$capture(FutureTask.java:317) ~[na:na]
	at java.base/java.util.concurrent.FutureTask.run(FutureTask.java) ~[na:na]
	at java.base/java.util.concurrent.ScheduledThreadPoolExecutor$ScheduledFutureTask.run(ScheduledThreadPoolExecutor.java:304) ~[na:na]
	at java.base/java.util.concurrent.ThreadPoolExecutor.runWorker(ThreadPoolExecutor.java:1144) ~[na:na]
	at java.base/java.util.concurrent.ThreadPoolExecutor$Worker.run(ThreadPoolExecutor.java:642) ~[na:na]
	at java.base/java.lang.Thread.run(Thread.java:1583) ~[na:na]
Caused by: org.hibernate.exception.JDBCConnectionException: Unable to acquire JDBC Connection [HikariPool-1 - Connection is not available, request timed out after 30001ms (total=0, active=0, idle=0, waiting=0)] [n/a]
	at org.hibernate.exception.internal.SQLExceptionTypeDelegate.convert(SQLExceptionTypeDelegate.java:49) ~[hibernate-core-7.2.4.Final.jar:7.2.4.Final]
	at org.hibernate.exception.internal.StandardSQLExceptionConverter.convert(StandardSQLExceptionConverter.java:34) ~[hibernate-core-7.2.4.Final.jar:7.2.4.Final]
	at org.hibernate.engine.jdbc.spi.SqlExceptionHelper.convert(SqlExceptionHelper.java:115) ~[hibernate-core-7.2.4.Final.jar:7.2.4.Final]
	at org.hibernate.engine.jdbc.spi.SqlExceptionHelper.convert(SqlExceptionHelper.java:101) ~[hibernate-core-7.2.4.Final.jar:7.2.4.Final]
	at org.hibernate.resource.jdbc.internal.LogicalConnectionManagedImpl.acquire(LogicalConnectionManagedImpl.java:190) ~[hibernate-core-7.2.4.Final.jar:7.2.4.Final]
	at org.hibernate.resource.jdbc.internal.LogicalConnectionManagedImpl.acquireConnectionIfNeeded(LogicalConnectionManagedImpl.java:87) ~[hibernate-core-7.2.4.Final.jar:7.2.4.Final]
	at org.hibernate.resource.jdbc.internal.LogicalConnectionManagedImpl.getPhysicalConnection(LogicalConnectionManagedImpl.java:126) ~[hibernate-core-7.2.4.Final.jar:7.2.4.Final]
	at org.hibernate.resource.jdbc.internal.LogicalConnectionManagedImpl.getConnectionForTransactionManagement(LogicalConnectionManagedImpl.java:277) ~[hibernate-core-7.2.4.Final.jar:7.2.4.Final]
	at org.hibernate.resource.jdbc.internal.LogicalConnectionManagedImpl.begin(LogicalConnectionManagedImpl.java:286) ~[hibernate-core-7.2.4.Final.jar:7.2.4.Final]
	at org.hibernate.resource.transaction.backend.jdbc.internal.JdbcResourceLocalTransactionCoordinatorImpl$TransactionDriverControlImpl.begin(JdbcResourceLocalTransactionCoordinatorImpl.java:226) ~[hibernate-core-7.2.4.Final.jar:7.2.4.Final]
	at org.hibernate.engine.transaction.internal.TransactionImpl.begin(TransactionImpl.java:75) ~[hibernate-core-7.2.4.Final.jar:7.2.4.Final]
	at org.springframework.orm.jpa.vendor.HibernateJpaDialect.beginTransaction(HibernateJpaDialect.java:147) ~[spring-orm-7.0.5.jar:7.0.5]
	at org.springframework.orm.jpa.JpaTransactionManager.doBegin(JpaTransactionManager.java:411) ~[spring-orm-7.0.5.jar:7.0.5]
	... 24 common frames omitted
Caused by: java.sql.SQLTransientConnectionException: HikariPool-1 - Connection is not available, request timed out after 30001ms (total=0, active=0, idle=0, waiting=0)
	at com.zaxxer.hikari.pool.HikariPool.createTimeoutException(HikariPool.java:714) ~[HikariCP-7.0.2.jar:na]
	at com.zaxxer.hikari.pool.HikariPool.getConnection(HikariPool.java:184) ~[HikariCP-7.0.2.jar:na]
	at com.zaxxer.hikari.pool.HikariPool.getConnection(HikariPool.java:142) ~[HikariCP-7.0.2.jar:na]
	at com.zaxxer.hikari.HikariDataSource.getConnection(HikariDataSource.java:127) ~[HikariCP-7.0.2.jar:na]
	at org.hibernate.engine.jdbc.connections.internal.DataSourceConnectionProvider.getConnection(DataSourceConnectionProvider.java:137) ~[hibernate-core-7.2.4.Final.jar:7.2.4.Final]
	at org.hibernate.internal.NonContextualJdbcConnectionAccess.obtainConnection(NonContextualJdbcConnectionAccess.java:47) ~[hibernate-core-7.2.4.Final.jar:7.2.4.Final]
	at org.hibernate.resource.jdbc.internal.LogicalConnectionManagedImpl.acquire(LogicalConnectionManagedImpl.java:187) ~[hibernate-core-7.2.4.Final.jar:7.2.4.Final]
	... 32 common frames omitted
Caused by: org.postgresql.util.PSQLException: Connection to localhost:5433 refused. Check that the hostname and port are correct and that the postmaster is accepting TCP/IP connections.
	at org.postgresql.core.v3.ConnectionFactoryImpl.openConnectionImpl(ConnectionFactoryImpl.java:346) ~[postgresql-42.7.3.jar:42.7.3]
	at org.postgresql.core.ConnectionFactory.openConnection(ConnectionFactory.java:54) ~[postgresql-42.7.3.jar:42.7.3]
	at org.postgresql.jdbc.PgConnection.<init>(PgConnection.java:273) ~[postgresql-42.7.3.jar:42.7.3]
	at org.postgresql.Driver.makeConnection(Driver.java:446) ~[postgresql-42.7.3.jar:42.7.3]
	at org.postgresql.Driver.connect(Driver.java:298) ~[postgresql-42.7.3.jar:42.7.3]
	at com.zaxxer.hikari.util.DriverDataSource.getConnection(DriverDataSource.java:144) ~[HikariCP-7.0.2.jar:na]
	at com.zaxxer.hikari.pool.PoolBase.newConnection(PoolBase.java:373) ~[HikariCP-7.0.2.jar:na]
	at com.zaxxer.hikari.pool.PoolBase.newPoolEntry(PoolBase.java:210) ~[HikariCP-7.0.2.jar:na]
	at com.zaxxer.hikari.pool.HikariPool.createPoolEntry(HikariPool.java:488) ~[HikariCP-7.0.2.jar:na]
	at com.zaxxer.hikari.pool.HikariPool$PoolEntryCreator.call(HikariPool.java:752) ~[HikariCP-7.0.2.jar:na]
	at com.zaxxer.hikari.pool.HikariPool$PoolEntryCreator.call(HikariPool.java:731) ~[HikariCP-7.0.2.jar:na]
	at java.base/java.util.concurrent.FutureTask.run$$$capture(FutureTask.java:317) ~[na:na]
	at java.base/java.util.concurrent.FutureTask.run(FutureTask.java) ~[na:na]
	... 3 common frames omitted
Caused by: java.net.ConnectException: Connection refused
	at java.base/sun.nio.ch.Net.pollConnect(Native Method) ~[na:na]
	at java.base/sun.nio.ch.Net.pollConnectNow(Net.java:694) ~[na:na]
	at java.base/sun.nio.ch.NioSocketImpl.timedFinishConnect(NioSocketImpl.java:549) ~[na:na]
	at java.base/sun.nio.ch.NioSocketImpl.connect(NioSocketImpl.java:592) ~[na:na]
	at java.base/java.net.SocksSocketImpl.connect(SocksSocketImpl.java:327) ~[na:na]
	at java.base/java.net.Socket.connect(Socket.java:751) ~[na:na]
	at org.postgresql.core.PGStream.createSocket(PGStream.java:243) ~[postgresql-42.7.3.jar:42.7.3]
	at org.postgresql.core.PGStream.<init>(PGStream.java:98) ~[postgresql-42.7.3.jar:42.7.3]
	at org.postgresql.core.v3.ConnectionFactoryImpl.tryConnect(ConnectionFactoryImpl.java:136) ~[postgresql-42.7.3.jar:42.7.3]
	at org.postgresql.core.v3.ConnectionFactoryImpl.openConnectionImpl(ConnectionFactoryImpl.java:262) ~[postgresql-42.7.3.jar:42.7.3]
	... 15 common frames omitted

2026-05-14T07:37:30.005+02:00  WARN 42910 --- [e-shop-backend] [scheduling-1] org.hibernate.orm.jdbc.error             : HHH000247: ErrorCode: 0, SQLState: 08001
2026-05-14T07:37:30.006+02:00  WARN 42910 --- [e-shop-backend] [scheduling-1] org.hibernate.orm.jdbc.error             : HikariPool-1 - Connection is not available, request timed out after 30002ms (total=0, active=0, idle=0, waiting=0)
2026-05-14T07:37:30.006+02:00  WARN 42910 --- [e-shop-backend] [scheduling-1] org.hibernate.orm.jdbc.error             : HHH000247: ErrorCode: 0, SQLState: 08001
2026-05-14T07:37:30.006+02:00  WARN 42910 --- [e-shop-backend] [scheduling-1] org.hibernate.orm.jdbc.error             : HikariPool-1 - Connection is not available, request timed out after 30002ms (total=0, active=0, idle=0, waiting=0)
2026-05-14T07:37:30.006+02:00 ERROR 42910 --- [e-shop-backend] [scheduling-1] o.s.s.s.TaskUtils$LoggingErrorHandler    : Unexpected error occurred in scheduled task

org.springframework.transaction.CannotCreateTransactionException: Could not open JPA EntityManager for transaction
	at org.springframework.orm.jpa.JpaTransactionManager.doBegin(JpaTransactionManager.java:457) ~[spring-orm-7.0.5.jar:7.0.5]
	at org.springframework.transaction.support.AbstractPlatformTransactionManager.startTransaction(AbstractPlatformTransactionManager.java:532) ~[spring-tx-7.0.5.jar:7.0.5]
	at org.springframework.transaction.support.AbstractPlatformTransactionManager.getTransaction(AbstractPlatformTransactionManager.java:405) ~[spring-tx-7.0.5.jar:7.0.5]
	at org.springframework.transaction.interceptor.TransactionAspectSupport.createTransactionIfNecessary(TransactionAspectSupport.java:628) ~[spring-tx-7.0.5.jar:7.0.5]
	at org.springframework.transaction.interceptor.TransactionAspectSupport.invokeWithinTransaction(TransactionAspectSupport.java:365) ~[spring-tx-7.0.5.jar:7.0.5]
	at org.springframework.transaction.interceptor.TransactionInterceptor.invoke(TransactionInterceptor.java:130) ~[spring-tx-7.0.5.jar:7.0.5]
	at org.springframework.aop.framework.ReflectiveMethodInvocation.proceed(ReflectiveMethodInvocation.java:179) ~[spring-aop-7.0.5.jar:7.0.5]
	at org.springframework.aop.framework.CglibAopProxy$DynamicAdvisedInterceptor.intercept(CglibAopProxy.java:719) ~[spring-aop-7.0.5.jar:7.0.5]
	at com.example.emtbackendlab.jobs.MaterializedViewRefreshScheduler$$SpringCGLIB$$0.refreshBooksStatsView(<generated>) ~[classes/:na]
	at java.base/jdk.internal.reflect.DirectMethodHandleAccessor.invoke(DirectMethodHandleAccessor.java:103) ~[na:na]
	at java.base/java.lang.reflect.Method.invoke(Method.java:580) ~[na:na]
	at org.springframework.scheduling.support.ScheduledMethodRunnable.runInternal(ScheduledMethodRunnable.java:128) ~[spring-context-7.0.5.jar:7.0.5]
	at org.springframework.scheduling.support.ScheduledMethodRunnable.lambda$run$1(ScheduledMethodRunnable.java:122) ~[spring-context-7.0.5.jar:7.0.5]
	at io.micrometer.observation.Observation.observe(Observation.java:564) ~[micrometer-observation-1.16.3.jar:1.16.3]
	at org.springframework.scheduling.support.ScheduledMethodRunnable.run(ScheduledMethodRunnable.java:122) ~[spring-context-7.0.5.jar:7.0.5]
	at org.springframework.scheduling.config.Task$OutcomeTrackingRunnable.run(Task.java:88) ~[spring-context-7.0.5.jar:7.0.5]
	at org.springframework.scheduling.support.DelegatingErrorHandlingRunnable.run(DelegatingErrorHandlingRunnable.java:54) ~[spring-context-7.0.5.jar:7.0.5]
	at org.springframework.scheduling.concurrent.ReschedulingRunnable.run(ReschedulingRunnable.java:94) ~[spring-context-7.0.5.jar:7.0.5]
	at java.base/java.util.concurrent.Executors$RunnableAdapter.call(Executors.java:572) ~[na:na]
	at java.base/java.util.concurrent.FutureTask.run$$$capture(FutureTask.java:317) ~[na:na]
	at java.base/java.util.concurrent.FutureTask.run(FutureTask.java) ~[na:na]
	at java.base/java.util.concurrent.ScheduledThreadPoolExecutor$ScheduledFutureTask.run(ScheduledThreadPoolExecutor.java:304) ~[na:na]
	at java.base/java.util.concurrent.ThreadPoolExecutor.runWorker(ThreadPoolExecutor.java:1144) ~[na:na]
	at java.base/java.util.concurrent.ThreadPoolExecutor$Worker.run(ThreadPoolExecutor.java:642) ~[na:na]
	at java.base/java.lang.Thread.run(Thread.java:1583) ~[na:na]
Caused by: org.hibernate.exception.JDBCConnectionException: Unable to acquire JDBC Connection [HikariPool-1 - Connection is not available, request timed out after 30002ms (total=0, active=0, idle=0, waiting=0)] [n/a]
	at org.hibernate.exception.internal.SQLExceptionTypeDelegate.convert(SQLExceptionTypeDelegate.java:49) ~[hibernate-core-7.2.4.Final.jar:7.2.4.Final]
	at org.hibernate.exception.internal.StandardSQLExceptionConverter.convert(StandardSQLExceptionConverter.java:34) ~[hibernate-core-7.2.4.Final.jar:7.2.4.Final]
	at org.hibernate.engine.jdbc.spi.SqlExceptionHelper.convert(SqlExceptionHelper.java:115) ~[hibernate-core-7.2.4.Final.jar:7.2.4.Final]
	at org.hibernate.engine.jdbc.spi.SqlExceptionHelper.convert(SqlExceptionHelper.java:101) ~[hibernate-core-7.2.4.Final.jar:7.2.4.Final]
	at org.hibernate.resource.jdbc.internal.LogicalConnectionManagedImpl.acquire(LogicalConnectionManagedImpl.java:190) ~[hibernate-core-7.2.4.Final.jar:7.2.4.Final]
	at org.hibernate.resource.jdbc.internal.LogicalConnectionManagedImpl.acquireConnectionIfNeeded(LogicalConnectionManagedImpl.java:87) ~[hibernate-core-7.2.4.Final.jar:7.2.4.Final]
	at org.hibernate.resource.jdbc.internal.LogicalConnectionManagedImpl.getPhysicalConnection(LogicalConnectionManagedImpl.java:126) ~[hibernate-core-7.2.4.Final.jar:7.2.4.Final]
	at org.hibernate.resource.jdbc.internal.LogicalConnectionManagedImpl.getConnectionForTransactionManagement(LogicalConnectionManagedImpl.java:277) ~[hibernate-core-7.2.4.Final.jar:7.2.4.Final]
	at org.hibernate.resource.jdbc.internal.LogicalConnectionManagedImpl.begin(LogicalConnectionManagedImpl.java:286) ~[hibernate-core-7.2.4.Final.jar:7.2.4.Final]
	at org.hibernate.resource.transaction.backend.jdbc.internal.JdbcResourceLocalTransactionCoordinatorImpl$TransactionDriverControlImpl.begin(JdbcResourceLocalTransactionCoordinatorImpl.java:226) ~[hibernate-core-7.2.4.Final.jar:7.2.4.Final]
	at org.hibernate.engine.transaction.internal.TransactionImpl.begin(TransactionImpl.java:75) ~[hibernate-core-7.2.4.Final.jar:7.2.4.Final]
	at org.springframework.orm.jpa.vendor.HibernateJpaDialect.beginTransaction(HibernateJpaDialect.java:147) ~[spring-orm-7.0.5.jar:7.0.5]
	at org.springframework.orm.jpa.JpaTransactionManager.doBegin(JpaTransactionManager.java:411) ~[spring-orm-7.0.5.jar:7.0.5]
	... 24 common frames omitted
Caused by: java.sql.SQLTransientConnectionException: HikariPool-1 - Connection is not available, request timed out after 30002ms (total=0, active=0, idle=0, waiting=0)
	at com.zaxxer.hikari.pool.HikariPool.createTimeoutException(HikariPool.java:714) ~[HikariCP-7.0.2.jar:na]
	at com.zaxxer.hikari.pool.HikariPool.getConnection(HikariPool.java:184) ~[HikariCP-7.0.2.jar:na]
	at com.zaxxer.hikari.pool.HikariPool.getConnection(HikariPool.java:142) ~[HikariCP-7.0.2.jar:na]
	at com.zaxxer.hikari.HikariDataSource.getConnection(HikariDataSource.java:127) ~[HikariCP-7.0.2.jar:na]
	at org.hibernate.engine.jdbc.connections.internal.DataSourceConnectionProvider.getConnection(DataSourceConnectionProvider.java:137) ~[hibernate-core-7.2.4.Final.jar:7.2.4.Final]
	at org.hibernate.internal.NonContextualJdbcConnectionAccess.obtainConnection(NonContextualJdbcConnectionAccess.java:47) ~[hibernate-core-7.2.4.Final.jar:7.2.4.Final]
	at org.hibernate.resource.jdbc.internal.LogicalConnectionManagedImpl.acquire(LogicalConnectionManagedImpl.java:187) ~[hibernate-core-7.2.4.Final.jar:7.2.4.Final]
	... 32 common frames omitted
Caused by: org.postgresql.util.PSQLException: Connection to localhost:5433 refused. Check that the hostname and port are correct and that the postmaster is accepting TCP/IP connections.
	at org.postgresql.core.v3.ConnectionFactoryImpl.openConnectionImpl(ConnectionFactoryImpl.java:346) ~[postgresql-42.7.3.jar:42.7.3]
	at org.postgresql.core.ConnectionFactory.openConnection(ConnectionFactory.java:54) ~[postgresql-42.7.3.jar:42.7.3]
	at org.postgresql.jdbc.PgConnection.<init>(PgConnection.java:273) ~[postgresql-42.7.3.jar:42.7.3]
	at org.postgresql.Driver.makeConnection(Driver.java:446) ~[postgresql-42.7.3.jar:42.7.3]
	at org.postgresql.Driver.connect(Driver.java:298) ~[postgresql-42.7.3.jar:42.7.3]
	at com.zaxxer.hikari.util.DriverDataSource.getConnection(DriverDataSource.java:144) ~[HikariCP-7.0.2.jar:na]
	at com.zaxxer.hikari.pool.PoolBase.newConnection(PoolBase.java:373) ~[HikariCP-7.0.2.jar:na]
	at com.zaxxer.hikari.pool.PoolBase.newPoolEntry(PoolBase.java:210) ~[HikariCP-7.0.2.jar:na]
	at com.zaxxer.hikari.pool.HikariPool.createPoolEntry(HikariPool.java:488) ~[HikariCP-7.0.2.jar:na]
	at com.zaxxer.hikari.pool.HikariPool$PoolEntryCreator.call(HikariPool.java:752) ~[HikariCP-7.0.2.jar:na]
	at com.zaxxer.hikari.pool.HikariPool$PoolEntryCreator.call(HikariPool.java:731) ~[HikariCP-7.0.2.jar:na]
	at java.base/java.util.concurrent.FutureTask.run$$$capture(FutureTask.java:317) ~[na:na]
	at java.base/java.util.concurrent.FutureTask.run(FutureTask.java) ~[na:na]
	... 3 common frames omitted
Caused by: java.net.ConnectException: Connection refused
	at java.base/sun.nio.ch.Net.pollConnect(Native Method) ~[na:na]
	at java.base/sun.nio.ch.Net.pollConnectNow(Net.java:694) ~[na:na]
	at java.base/sun.nio.ch.NioSocketImpl.timedFinishConnect(NioSocketImpl.java:549) ~[na:na]
	at java.base/sun.nio.ch.NioSocketImpl.connect(NioSocketImpl.java:592) ~[na:na]
	at java.base/java.net.SocksSocketImpl.connect(SocksSocketImpl.java:327) ~[na:na]
	at java.base/java.net.Socket.connect(Socket.java:751) ~[na:na]
	at org.postgresql.core.PGStream.createSocket(PGStream.java:243) ~[postgresql-42.7.3.jar:42.7.3]
	at org.postgresql.core.PGStream.<init>(PGStream.java:98) ~[postgresql-42.7.3.jar:42.7.3]
	at org.postgresql.core.v3.ConnectionFactoryImpl.tryConnect(ConnectionFactoryImpl.java:136) ~[postgresql-42.7.3.jar:42.7.3]
	at org.postgresql.core.v3.ConnectionFactoryImpl.openConnectionImpl(ConnectionFactoryImpl.java:262) ~[postgresql-42.7.3.jar:42.7.3]
	... 15 common frames omitted

2026-05-14T07:37:33.494+02:00  WARN 42910 --- [e-shop-backend] [HikariPool-1:connection-adder] com.zaxxer.hikari.pool.PoolBase          : HikariPool-1 - Pool is empty, failed to create/setup connection (e6e6a17f-9b73-4d32-bbf8-69721616b043)

org.postgresql.util.PSQLException: Connection to localhost:5433 refused. Check that the hostname and port are correct and that the postmaster is accepting TCP/IP connections.
	at org.postgresql.core.v3.ConnectionFactoryImpl.openConnectionImpl(ConnectionFactoryImpl.java:346) ~[postgresql-42.7.3.jar:42.7.3]
	at org.postgresql.core.ConnectionFactory.openConnection(ConnectionFactory.java:54) ~[postgresql-42.7.3.jar:42.7.3]
	at org.postgresql.jdbc.PgConnection.<init>(PgConnection.java:273) ~[postgresql-42.7.3.jar:42.7.3]
	at org.postgresql.Driver.makeConnection(Driver.java:446) ~[postgresql-42.7.3.jar:42.7.3]
	at org.postgresql.Driver.connect(Driver.java:298) ~[postgresql-42.7.3.jar:42.7.3]
	at com.zaxxer.hikari.util.DriverDataSource.getConnection(DriverDataSource.java:144) ~[HikariCP-7.0.2.jar:na]
	at com.zaxxer.hikari.pool.PoolBase.newConnection(PoolBase.java:373) ~[HikariCP-7.0.2.jar:na]
	at com.zaxxer.hikari.pool.PoolBase.newPoolEntry(PoolBase.java:210) ~[HikariCP-7.0.2.jar:na]
	at com.zaxxer.hikari.pool.HikariPool.createPoolEntry(HikariPool.java:488) ~[HikariCP-7.0.2.jar:na]
	at com.zaxxer.hikari.pool.HikariPool$PoolEntryCreator.call(HikariPool.java:752) ~[HikariCP-7.0.2.jar:na]
	at com.zaxxer.hikari.pool.HikariPool$PoolEntryCreator.call(HikariPool.java:731) ~[HikariCP-7.0.2.jar:na]
	at java.base/java.util.concurrent.FutureTask.run$$$capture(FutureTask.java:317) ~[na:na]
	at java.base/java.util.concurrent.FutureTask.run(FutureTask.java) ~[na:na]
	at java.base/java.util.concurrent.ThreadPoolExecutor.runWorker(ThreadPoolExecutor.java:1144) ~[na:na]
	at java.base/java.util.concurrent.ThreadPoolExecutor$Worker.run(ThreadPoolExecutor.java:642) ~[na:na]
	at java.base/java.lang.Thread.run(Thread.java:1583) ~[na:na]
Caused by: java.net.ConnectException: Connection refused
	at java.base/sun.nio.ch.Net.pollConnect(Native Method) ~[na:na]
	at java.base/sun.nio.ch.Net.pollConnectNow(Net.java:694) ~[na:na]
	at java.base/sun.nio.ch.NioSocketImpl.timedFinishConnect(NioSocketImpl.java:549) ~[na:na]
	at java.base/sun.nio.ch.NioSocketImpl.connect(NioSocketImpl.java:592) ~[na:na]
	at java.base/java.net.SocksSocketImpl.connect(SocksSocketImpl.java:327) ~[na:na]
	at java.base/java.net.Socket.connect(Socket.java:751) ~[na:na]
	at org.postgresql.core.PGStream.createSocket(PGStream.java:243) ~[postgresql-42.7.3.jar:42.7.3]
	at org.postgresql.core.PGStream.<init>(PGStream.java:98) ~[postgresql-42.7.3.jar:42.7.3]
	at org.postgresql.core.v3.ConnectionFactoryImpl.tryConnect(ConnectionFactoryImpl.java:136) ~[postgresql-42.7.3.jar:42.7.3]
	at org.postgresql.core.v3.ConnectionFactoryImpl.openConnectionImpl(ConnectionFactoryImpl.java:262) ~[postgresql-42.7.3.jar:42.7.3]
	... 15 common frames omitted

2026-05-14T07:38:30.007+02:00  WARN 42910 --- [e-shop-backend] [scheduling-1] org.hibernate.orm.jdbc.error             : HHH000247: ErrorCode: 0, SQLState: 08001
2026-05-14T07:38:30.007+02:00  WARN 42910 --- [e-shop-backend] [scheduling-1] org.hibernate.orm.jdbc.error             : HikariPool-1 - Connection is not available, request timed out after 30004ms (total=0, active=0, idle=0, waiting=0)
2026-05-14T07:38:30.007+02:00  WARN 42910 --- [e-shop-backend] [scheduling-1] org.hibernate.orm.jdbc.error             : HHH000247: ErrorCode: 0, SQLState: 08001
2026-05-14T07:38:30.007+02:00  WARN 42910 --- [e-shop-backend] [scheduling-1] org.hibernate.orm.jdbc.error             : HikariPool-1 - Connection is not available, request timed out after 30004ms (total=0, active=0, idle=0, waiting=0)
2026-05-14T07:38:30.008+02:00 ERROR 42910 --- [e-shop-backend] [scheduling-1] o.s.s.s.TaskUtils$LoggingErrorHandler    : Unexpected error occurred in scheduled task

org.springframework.transaction.CannotCreateTransactionException: Could not open JPA EntityManager for transaction
	at org.springframework.orm.jpa.JpaTransactionManager.doBegin(JpaTransactionManager.java:457) ~[spring-orm-7.0.5.jar:7.0.5]
	at org.springframework.transaction.support.AbstractPlatformTransactionManager.startTransaction(AbstractPlatformTransactionManager.java:532) ~[spring-tx-7.0.5.jar:7.0.5]
	at org.springframework.transaction.support.AbstractPlatformTransactionManager.getTransaction(AbstractPlatformTransactionManager.java:405) ~[spring-tx-7.0.5.jar:7.0.5]
	at org.springframework.transaction.interceptor.TransactionAspectSupport.createTransactionIfNecessary(TransactionAspectSupport.java:628) ~[spring-tx-7.0.5.jar:7.0.5]
	at org.springframework.transaction.interceptor.TransactionAspectSupport.invokeWithinTransaction(TransactionAspectSupport.java:365) ~[spring-tx-7.0.5.jar:7.0.5]
	at org.springframework.transaction.interceptor.TransactionInterceptor.invoke(TransactionInterceptor.java:130) ~[spring-tx-7.0.5.jar:7.0.5]
	at org.springframework.aop.framework.ReflectiveMethodInvocation.proceed(ReflectiveMethodInvocation.java:179) ~[spring-aop-7.0.5.jar:7.0.5]
	at org.springframework.aop.framework.CglibAopProxy$DynamicAdvisedInterceptor.intercept(CglibAopProxy.java:719) ~[spring-aop-7.0.5.jar:7.0.5]
	at com.example.emtbackendlab.jobs.MaterializedViewRefreshScheduler$$SpringCGLIB$$0.refreshBooksStatsView(<generated>) ~[classes/:na]
	at java.base/jdk.internal.reflect.DirectMethodHandleAccessor.invoke(DirectMethodHandleAccessor.java:103) ~[na:na]
	at java.base/java.lang.reflect.Method.invoke(Method.java:580) ~[na:na]
	at org.springframework.scheduling.support.ScheduledMethodRunnable.runInternal(ScheduledMethodRunnable.java:128) ~[spring-context-7.0.5.jar:7.0.5]
	at org.springframework.scheduling.support.ScheduledMethodRunnable.lambda$run$1(ScheduledMethodRunnable.java:122) ~[spring-context-7.0.5.jar:7.0.5]
	at io.micrometer.observation.Observation.observe(Observation.java:564) ~[micrometer-observation-1.16.3.jar:1.16.3]
	at org.springframework.scheduling.support.ScheduledMethodRunnable.run(ScheduledMethodRunnable.java:122) ~[spring-context-7.0.5.jar:7.0.5]
	at org.springframework.scheduling.config.Task$OutcomeTrackingRunnable.run(Task.java:88) ~[spring-context-7.0.5.jar:7.0.5]
	at org.springframework.scheduling.support.DelegatingErrorHandlingRunnable.run(DelegatingErrorHandlingRunnable.java:54) ~[spring-context-7.0.5.jar:7.0.5]
	at org.springframework.scheduling.concurrent.ReschedulingRunnable.run(ReschedulingRunnable.java:94) ~[spring-context-7.0.5.jar:7.0.5]
	at java.base/java.util.concurrent.Executors$RunnableAdapter.call(Executors.java:572) ~[na:na]
	at java.base/java.util.concurrent.FutureTask.run$$$capture(FutureTask.java:317) ~[na:na]
	at java.base/java.util.concurrent.FutureTask.run(FutureTask.java) ~[na:na]
	at java.base/java.util.concurrent.ScheduledThreadPoolExecutor$ScheduledFutureTask.run(ScheduledThreadPoolExecutor.java:304) ~[na:na]
	at java.base/java.util.concurrent.ThreadPoolExecutor.runWorker(ThreadPoolExecutor.java:1144) ~[na:na]
	at java.base/java.util.concurrent.ThreadPoolExecutor$Worker.run(ThreadPoolExecutor.java:642) ~[na:na]
	at java.base/java.lang.Thread.run(Thread.java:1583) ~[na:na]
Caused by: org.hibernate.exception.JDBCConnectionException: Unable to acquire JDBC Connection [HikariPool-1 - Connection is not available, request timed out after 30004ms (total=0, active=0, idle=0, waiting=0)] [n/a]
	at org.hibernate.exception.internal.SQLExceptionTypeDelegate.convert(SQLExceptionTypeDelegate.java:49) ~[hibernate-core-7.2.4.Final.jar:7.2.4.Final]
	at org.hibernate.exception.internal.StandardSQLExceptionConverter.convert(StandardSQLExceptionConverter.java:34) ~[hibernate-core-7.2.4.Final.jar:7.2.4.Final]
	at org.hibernate.engine.jdbc.spi.SqlExceptionHelper.convert(SqlExceptionHelper.java:115) ~[hibernate-core-7.2.4.Final.jar:7.2.4.Final]
	at org.hibernate.engine.jdbc.spi.SqlExceptionHelper.convert(SqlExceptionHelper.java:101) ~[hibernate-core-7.2.4.Final.jar:7.2.4.Final]
	at org.hibernate.resource.jdbc.internal.LogicalConnectionManagedImpl.acquire(LogicalConnectionManagedImpl.java:190) ~[hibernate-core-7.2.4.Final.jar:7.2.4.Final]
	at org.hibernate.resource.jdbc.internal.LogicalConnectionManagedImpl.acquireConnectionIfNeeded(LogicalConnectionManagedImpl.java:87) ~[hibernate-core-7.2.4.Final.jar:7.2.4.Final]
	at org.hibernate.resource.jdbc.internal.LogicalConnectionManagedImpl.getPhysicalConnection(LogicalConnectionManagedImpl.java:126) ~[hibernate-core-7.2.4.Final.jar:7.2.4.Final]
	at org.hibernate.resource.jdbc.internal.LogicalConnectionManagedImpl.getConnectionForTransactionManagement(LogicalConnectionManagedImpl.java:277) ~[hibernate-core-7.2.4.Final.jar:7.2.4.Final]
	at org.hibernate.resource.jdbc.internal.LogicalConnectionManagedImpl.begin(LogicalConnectionManagedImpl.java:286) ~[hibernate-core-7.2.4.Final.jar:7.2.4.Final]
	at org.hibernate.resource.transaction.backend.jdbc.internal.JdbcResourceLocalTransactionCoordinatorImpl$TransactionDriverControlImpl.begin(JdbcResourceLocalTransactionCoordinatorImpl.java:226) ~[hibernate-core-7.2.4.Final.jar:7.2.4.Final]
	at org.hibernate.engine.transaction.internal.TransactionImpl.begin(TransactionImpl.java:75) ~[hibernate-core-7.2.4.Final.jar:7.2.4.Final]
	at org.springframework.orm.jpa.vendor.HibernateJpaDialect.beginTransaction(HibernateJpaDialect.java:147) ~[spring-orm-7.0.5.jar:7.0.5]
	at org.springframework.orm.jpa.JpaTransactionManager.doBegin(JpaTransactionManager.java:411) ~[spring-orm-7.0.5.jar:7.0.5]
	... 24 common frames omitted
Caused by: java.sql.SQLTransientConnectionException: HikariPool-1 - Connection is not available, request timed out after 30004ms (total=0, active=0, idle=0, waiting=0)
	at com.zaxxer.hikari.pool.HikariPool.createTimeoutException(HikariPool.java:714) ~[HikariCP-7.0.2.jar:na]
	at com.zaxxer.hikari.pool.HikariPool.getConnection(HikariPool.java:184) ~[HikariCP-7.0.2.jar:na]
	at com.zaxxer.hikari.pool.HikariPool.getConnection(HikariPool.java:142) ~[HikariCP-7.0.2.jar:na]
	at com.zaxxer.hikari.HikariDataSource.getConnection(HikariDataSource.java:127) ~[HikariCP-7.0.2.jar:na]
	at org.hibernate.engine.jdbc.connections.internal.DataSourceConnectionProvider.getConnection(DataSourceConnectionProvider.java:137) ~[hibernate-core-7.2.4.Final.jar:7.2.4.Final]
	at org.hibernate.internal.NonContextualJdbcConnectionAccess.obtainConnection(NonContextualJdbcConnectionAccess.java:47) ~[hibernate-core-7.2.4.Final.jar:7.2.4.Final]
	at org.hibernate.resource.jdbc.internal.LogicalConnectionManagedImpl.acquire(LogicalConnectionManagedImpl.java:187) ~[hibernate-core-7.2.4.Final.jar:7.2.4.Final]
	... 32 common frames omitted
Caused by: org.postgresql.util.PSQLException: Connection to localhost:5433 refused. Check that the hostname and port are correct and that the postmaster is accepting TCP/IP connections.
	at org.postgresql.core.v3.ConnectionFactoryImpl.openConnectionImpl(ConnectionFactoryImpl.java:346) ~[postgresql-42.7.3.jar:42.7.3]
	at org.postgresql.core.ConnectionFactory.openConnection(ConnectionFactory.java:54) ~[postgresql-42.7.3.jar:42.7.3]
	at org.postgresql.jdbc.PgConnection.<init>(PgConnection.java:273) ~[postgresql-42.7.3.jar:42.7.3]
	at org.postgresql.Driver.makeConnection(Driver.java:446) ~[postgresql-42.7.3.jar:42.7.3]
	at org.postgresql.Driver.connect(Driver.java:298) ~[postgresql-42.7.3.jar:42.7.3]
	at com.zaxxer.hikari.util.DriverDataSource.getConnection(DriverDataSource.java:144) ~[HikariCP-7.0.2.jar:na]
	at com.zaxxer.hikari.pool.PoolBase.newConnection(PoolBase.java:373) ~[HikariCP-7.0.2.jar:na]
	at com.zaxxer.hikari.pool.PoolBase.newPoolEntry(PoolBase.java:210) ~[HikariCP-7.0.2.jar:na]
	at com.zaxxer.hikari.pool.HikariPool.createPoolEntry(HikariPool.java:488) ~[HikariCP-7.0.2.jar:na]
	at com.zaxxer.hikari.pool.HikariPool$PoolEntryCreator.call(HikariPool.java:752) ~[HikariCP-7.0.2.jar:na]
	at com.zaxxer.hikari.pool.HikariPool$PoolEntryCreator.call(HikariPool.java:731) ~[HikariCP-7.0.2.jar:na]
	at java.base/java.util.concurrent.FutureTask.run$$$capture(FutureTask.java:317) ~[na:na]
	at java.base/java.util.concurrent.FutureTask.run(FutureTask.java) ~[na:na]
	... 3 common frames omitted
Caused by: java.net.ConnectException: Connection refused
	at java.base/sun.nio.ch.Net.pollConnect(Native Method) ~[na:na]
	at java.base/sun.nio.ch.Net.pollConnectNow(Net.java:694) ~[na:na]
	at java.base/sun.nio.ch.NioSocketImpl.timedFinishConnect(NioSocketImpl.java:549) ~[na:na]
	at java.base/sun.nio.ch.NioSocketImpl.connect(NioSocketImpl.java:592) ~[na:na]
	at java.base/java.net.SocksSocketImpl.connect(SocksSocketImpl.java:327) ~[na:na]
	at java.base/java.net.Socket.connect(Socket.java:751) ~[na:na]
	at org.postgresql.core.PGStream.createSocket(PGStream.java:243) ~[postgresql-42.7.3.jar:42.7.3]
	at org.postgresql.core.PGStream.<init>(PGStream.java:98) ~[postgresql-42.7.3.jar:42.7.3]
	at org.postgresql.core.v3.ConnectionFactoryImpl.tryConnect(ConnectionFactoryImpl.java:136) ~[postgresql-42.7.3.jar:42.7.3]
	at org.postgresql.core.v3.ConnectionFactoryImpl.openConnectionImpl(ConnectionFactoryImpl.java:262) ~[postgresql-42.7.3.jar:42.7.3]
	... 15 common frames omitted

2026-05-14T07:38:38.557+02:00  WARN 42910 --- [e-shop-backend] [HikariPool-1:connection-adder] com.zaxxer.hikari.pool.PoolBase          : HikariPool-1 - Pool is empty, failed to create/setup connection (869c263a-d442-461a-b1b6-5904e712c0e4)

org.postgresql.util.PSQLException: Connection to localhost:5433 refused. Check that the hostname and port are correct and that the postmaster is accepting TCP/IP connections.
	at org.postgresql.core.v3.ConnectionFactoryImpl.openConnectionImpl(ConnectionFactoryImpl.java:346) ~[postgresql-42.7.3.jar:42.7.3]
	at org.postgresql.core.ConnectionFactory.openConnection(ConnectionFactory.java:54) ~[postgresql-42.7.3.jar:42.7.3]
	at org.postgresql.jdbc.PgConnection.<init>(PgConnection.java:273) ~[postgresql-42.7.3.jar:42.7.3]
	at org.postgresql.Driver.makeConnection(Driver.java:446) ~[postgresql-42.7.3.jar:42.7.3]
	at org.postgresql.Driver.connect(Driver.java:298) ~[postgresql-42.7.3.jar:42.7.3]
	at com.zaxxer.hikari.util.DriverDataSource.getConnection(DriverDataSource.java:144) ~[HikariCP-7.0.2.jar:na]
	at com.zaxxer.hikari.pool.PoolBase.newConnection(PoolBase.java:373) ~[HikariCP-7.0.2.jar:na]
	at com.zaxxer.hikari.pool.PoolBase.newPoolEntry(PoolBase.java:210) ~[HikariCP-7.0.2.jar:na]
	at com.zaxxer.hikari.pool.HikariPool.createPoolEntry(HikariPool.java:488) ~[HikariCP-7.0.2.jar:na]
	at com.zaxxer.hikari.pool.HikariPool$PoolEntryCreator.call(HikariPool.java:752) ~[HikariCP-7.0.2.jar:na]
	at com.zaxxer.hikari.pool.HikariPool$PoolEntryCreator.call(HikariPool.java:731) ~[HikariCP-7.0.2.jar:na]
	at java.base/java.util.concurrent.FutureTask.run$$$capture(FutureTask.java:317) ~[na:na]
	at java.base/java.util.concurrent.FutureTask.run(FutureTask.java) ~[na:na]
	at java.base/java.util.concurrent.ThreadPoolExecutor.runWorker(ThreadPoolExecutor.java:1144) ~[na:na]
	at java.base/java.util.concurrent.ThreadPoolExecutor$Worker.run(ThreadPoolExecutor.java:642) ~[na:na]
	at java.base/java.lang.Thread.run(Thread.java:1583) ~[na:na]
Caused by: java.net.ConnectException: Connection refused
	at java.base/sun.nio.ch.Net.pollConnect(Native Method) ~[na:na]
	at java.base/sun.nio.ch.Net.pollConnectNow(Net.java:694) ~[na:na]
	at java.base/sun.nio.ch.NioSocketImpl.timedFinishConnect(NioSocketImpl.java:549) ~[na:na]
	at java.base/sun.nio.ch.NioSocketImpl.connect(NioSocketImpl.java:592) ~[na:na]
	at java.base/java.net.SocksSocketImpl.connect(SocksSocketImpl.java:327) ~[na:na]
	at java.base/java.net.Socket.connect(Socket.java:751) ~[na:na]
	at org.postgresql.core.PGStream.createSocket(PGStream.java:243) ~[postgresql-42.7.3.jar:42.7.3]
	at org.postgresql.core.PGStream.<init>(PGStream.java:98) ~[postgresql-42.7.3.jar:42.7.3]
	at org.postgresql.core.v3.ConnectionFactoryImpl.tryConnect(ConnectionFactoryImpl.java:136) ~[postgresql-42.7.3.jar:42.7.3]
	at org.postgresql.core.v3.ConnectionFactoryImpl.openConnectionImpl(ConnectionFactoryImpl.java:262) ~[postgresql-42.7.3.jar:42.7.3]
	... 15 common frames omitted

2026-05-14T07:39:30.007+02:00  WARN 42910 --- [e-shop-backend] [scheduling-1] org.hibernate.orm.jdbc.error             : HHH000247: ErrorCode: 0, SQLState: 08001
2026-05-14T07:39:30.008+02:00  WARN 42910 --- [e-shop-backend] [scheduling-1] org.hibernate.orm.jdbc.error             : HikariPool-1 - Connection is not available, request timed out after 30003ms (total=0, active=0, idle=0, waiting=0)
2026-05-14T07:39:30.009+02:00  WARN 42910 --- [e-shop-backend] [scheduling-1] org.hibernate.orm.jdbc.error             : HHH000247: ErrorCode: 0, SQLState: 08001
2026-05-14T07:39:30.009+02:00  WARN 42910 --- [e-shop-backend] [scheduling-1] org.hibernate.orm.jdbc.error             : HikariPool-1 - Connection is not available, request timed out after 30003ms (total=0, active=0, idle=0, waiting=0)
2026-05-14T07:39:30.009+02:00 ERROR 42910 --- [e-shop-backend] [scheduling-1] o.s.s.s.TaskUtils$LoggingErrorHandler    : Unexpected error occurred in scheduled task

org.springframework.transaction.CannotCreateTransactionException: Could not open JPA EntityManager for transaction
	at org.springframework.orm.jpa.JpaTransactionManager.doBegin(JpaTransactionManager.java:457) ~[spring-orm-7.0.5.jar:7.0.5]
	at org.springframework.transaction.support.AbstractPlatformTransactionManager.startTransaction(AbstractPlatformTransactionManager.java:532) ~[spring-tx-7.0.5.jar:7.0.5]
	at org.springframework.transaction.support.AbstractPlatformTransactionManager.getTransaction(AbstractPlatformTransactionManager.java:405) ~[spring-tx-7.0.5.jar:7.0.5]
	at org.springframework.transaction.interceptor.TransactionAspectSupport.createTransactionIfNecessary(TransactionAspectSupport.java:628) ~[spring-tx-7.0.5.jar:7.0.5]
	at org.springframework.transaction.interceptor.TransactionAspectSupport.invokeWithinTransaction(TransactionAspectSupport.java:365) ~[spring-tx-7.0.5.jar:7.0.5]
	at org.springframework.transaction.interceptor.TransactionInterceptor.invoke(TransactionInterceptor.java:130) ~[spring-tx-7.0.5.jar:7.0.5]
	at org.springframework.aop.framework.ReflectiveMethodInvocation.proceed(ReflectiveMethodInvocation.java:179) ~[spring-aop-7.0.5.jar:7.0.5]
	at org.springframework.aop.framework.CglibAopProxy$DynamicAdvisedInterceptor.intercept(CglibAopProxy.java:719) ~[spring-aop-7.0.5.jar:7.0.5]
	at com.example.emtbackendlab.jobs.MaterializedViewRefreshScheduler$$SpringCGLIB$$0.refreshBooksStatsView(<generated>) ~[classes/:na]
	at java.base/jdk.internal.reflect.DirectMethodHandleAccessor.invoke(DirectMethodHandleAccessor.java:103) ~[na:na]
	at java.base/java.lang.reflect.Method.invoke(Method.java:580) ~[na:na]
	at org.springframework.scheduling.support.ScheduledMethodRunnable.runInternal(ScheduledMethodRunnable.java:128) ~[spring-context-7.0.5.jar:7.0.5]
	at org.springframework.scheduling.support.ScheduledMethodRunnable.lambda$run$1(ScheduledMethodRunnable.java:122) ~[spring-context-7.0.5.jar:7.0.5]
	at io.micrometer.observation.Observation.observe(Observation.java:564) ~[micrometer-observation-1.16.3.jar:1.16.3]
	at org.springframework.scheduling.support.ScheduledMethodRunnable.run(ScheduledMethodRunnable.java:122) ~[spring-context-7.0.5.jar:7.0.5]
	at org.springframework.scheduling.config.Task$OutcomeTrackingRunnable.run(Task.java:88) ~[spring-context-7.0.5.jar:7.0.5]
	at org.springframework.scheduling.support.DelegatingErrorHandlingRunnable.run(DelegatingErrorHandlingRunnable.java:54) ~[spring-context-7.0.5.jar:7.0.5]
	at org.springframework.scheduling.concurrent.ReschedulingRunnable.run(ReschedulingRunnable.java:94) ~[spring-context-7.0.5.jar:7.0.5]
	at java.base/java.util.concurrent.Executors$RunnableAdapter.call(Executors.java:572) ~[na:na]
	at java.base/java.util.concurrent.FutureTask.run$$$capture(FutureTask.java:317) ~[na:na]
	at java.base/java.util.concurrent.FutureTask.run(FutureTask.java) ~[na:na]
	at java.base/java.util.concurrent.ScheduledThreadPoolExecutor$ScheduledFutureTask.run(ScheduledThreadPoolExecutor.java:304) ~[na:na]
	at java.base/java.util.concurrent.ThreadPoolExecutor.runWorker(ThreadPoolExecutor.java:1144) ~[na:na]
	at java.base/java.util.concurrent.ThreadPoolExecutor$Worker.run(ThreadPoolExecutor.java:642) ~[na:na]
	at java.base/java.lang.Thread.run(Thread.java:1583) ~[na:na]
Caused by: org.hibernate.exception.JDBCConnectionException: Unable to acquire JDBC Connection [HikariPool-1 - Connection is not available, request timed out after 30003ms (total=0, active=0, idle=0, waiting=0)] [n/a]
	at org.hibernate.exception.internal.SQLExceptionTypeDelegate.convert(SQLExceptionTypeDelegate.java:49) ~[hibernate-core-7.2.4.Final.jar:7.2.4.Final]
	at org.hibernate.exception.internal.StandardSQLExceptionConverter.convert(StandardSQLExceptionConverter.java:34) ~[hibernate-core-7.2.4.Final.jar:7.2.4.Final]
	at org.hibernate.engine.jdbc.spi.SqlExceptionHelper.convert(SqlExceptionHelper.java:115) ~[hibernate-core-7.2.4.Final.jar:7.2.4.Final]
	at org.hibernate.engine.jdbc.spi.SqlExceptionHelper.convert(SqlExceptionHelper.java:101) ~[hibernate-core-7.2.4.Final.jar:7.2.4.Final]
	at org.hibernate.resource.jdbc.internal.LogicalConnectionManagedImpl.acquire(LogicalConnectionManagedImpl.java:190) ~[hibernate-core-7.2.4.Final.jar:7.2.4.Final]
	at org.hibernate.resource.jdbc.internal.LogicalConnectionManagedImpl.acquireConnectionIfNeeded(LogicalConnectionManagedImpl.java:87) ~[hibernate-core-7.2.4.Final.jar:7.2.4.Final]
	at org.hibernate.resource.jdbc.internal.LogicalConnectionManagedImpl.getPhysicalConnection(LogicalConnectionManagedImpl.java:126) ~[hibernate-core-7.2.4.Final.jar:7.2.4.Final]
	at org.hibernate.resource.jdbc.internal.LogicalConnectionManagedImpl.getConnectionForTransactionManagement(LogicalConnectionManagedImpl.java:277) ~[hibernate-core-7.2.4.Final.jar:7.2.4.Final]
	at org.hibernate.resource.jdbc.internal.LogicalConnectionManagedImpl.begin(LogicalConnectionManagedImpl.java:286) ~[hibernate-core-7.2.4.Final.jar:7.2.4.Final]
	at org.hibernate.resource.transaction.backend.jdbc.internal.JdbcResourceLocalTransactionCoordinatorImpl$TransactionDriverControlImpl.begin(JdbcResourceLocalTransactionCoordinatorImpl.java:226) ~[hibernate-core-7.2.4.Final.jar:7.2.4.Final]
	at org.hibernate.engine.transaction.internal.TransactionImpl.begin(TransactionImpl.java:75) ~[hibernate-core-7.2.4.Final.jar:7.2.4.Final]
	at org.springframework.orm.jpa.vendor.HibernateJpaDialect.beginTransaction(HibernateJpaDialect.java:147) ~[spring-orm-7.0.5.jar:7.0.5]
	at org.springframework.orm.jpa.JpaTransactionManager.doBegin(JpaTransactionManager.java:411) ~[spring-orm-7.0.5.jar:7.0.5]
	... 24 common frames omitted
Caused by: java.sql.SQLTransientConnectionException: HikariPool-1 - Connection is not available, request timed out after 30003ms (total=0, active=0, idle=0, waiting=0)
	at com.zaxxer.hikari.pool.HikariPool.createTimeoutException(HikariPool.java:714) ~[HikariCP-7.0.2.jar:na]
	at com.zaxxer.hikari.pool.HikariPool.getConnection(HikariPool.java:184) ~[HikariCP-7.0.2.jar:na]
	at com.zaxxer.hikari.pool.HikariPool.getConnection(HikariPool.java:142) ~[HikariCP-7.0.2.jar:na]
	at com.zaxxer.hikari.HikariDataSource.getConnection(HikariDataSource.java:127) ~[HikariCP-7.0.2.jar:na]
	at org.hibernate.engine.jdbc.connections.internal.DataSourceConnectionProvider.getConnection(DataSourceConnectionProvider.java:137) ~[hibernate-core-7.2.4.Final.jar:7.2.4.Final]
	at org.hibernate.internal.NonContextualJdbcConnectionAccess.obtainConnection(NonContextualJdbcConnectionAccess.java:47) ~[hibernate-core-7.2.4.Final.jar:7.2.4.Final]
	at org.hibernate.resource.jdbc.internal.LogicalConnectionManagedImpl.acquire(LogicalConnectionManagedImpl.java:187) ~[hibernate-core-7.2.4.Final.jar:7.2.4.Final]
	... 32 common frames omitted
Caused by: org.postgresql.util.PSQLException: Connection to localhost:5433 refused. Check that the hostname and port are correct and that the postmaster is accepting TCP/IP connections.
	at org.postgresql.core.v3.ConnectionFactoryImpl.openConnectionImpl(ConnectionFactoryImpl.java:346) ~[postgresql-42.7.3.jar:42.7.3]
	at org.postgresql.core.ConnectionFactory.openConnection(ConnectionFactory.java:54) ~[postgresql-42.7.3.jar:42.7.3]
	at org.postgresql.jdbc.PgConnection.<init>(PgConnection.java:273) ~[postgresql-42.7.3.jar:42.7.3]
	at org.postgresql.Driver.makeConnection(Driver.java:446) ~[postgresql-42.7.3.jar:42.7.3]
	at org.postgresql.Driver.connect(Driver.java:298) ~[postgresql-42.7.3.jar:42.7.3]
	at com.zaxxer.hikari.util.DriverDataSource.getConnection(DriverDataSource.java:144) ~[HikariCP-7.0.2.jar:na]
	at com.zaxxer.hikari.pool.PoolBase.newConnection(PoolBase.java:373) ~[HikariCP-7.0.2.jar:na]
	at com.zaxxer.hikari.pool.PoolBase.newPoolEntry(PoolBase.java:210) ~[HikariCP-7.0.2.jar:na]
	at com.zaxxer.hikari.pool.HikariPool.createPoolEntry(HikariPool.java:488) ~[HikariCP-7.0.2.jar:na]
	at com.zaxxer.hikari.pool.HikariPool$PoolEntryCreator.call(HikariPool.java:752) ~[HikariCP-7.0.2.jar:na]
	at com.zaxxer.hikari.pool.HikariPool$PoolEntryCreator.call(HikariPool.java:731) ~[HikariCP-7.0.2.jar:na]
	at java.base/java.util.concurrent.FutureTask.run$$$capture(FutureTask.java:317) ~[na:na]
	at java.base/java.util.concurrent.FutureTask.run(FutureTask.java) ~[na:na]
	... 3 common frames omitted
Caused by: java.net.ConnectException: Connection refused
	at java.base/sun.nio.ch.Net.pollConnect(Native Method) ~[na:na]
	at java.base/sun.nio.ch.Net.pollConnectNow(Net.java:694) ~[na:na]
	at java.base/sun.nio.ch.NioSocketImpl.timedFinishConnect(NioSocketImpl.java:549) ~[na:na]
	at java.base/sun.nio.ch.NioSocketImpl.connect(NioSocketImpl.java:592) ~[na:na]
	at java.base/java.net.SocksSocketImpl.connect(SocksSocketImpl.java:327) ~[na:na]
	at java.base/java.net.Socket.connect(Socket.java:751) ~[na:na]
	at org.postgresql.core.PGStream.createSocket(PGStream.java:243) ~[postgresql-42.7.3.jar:42.7.3]
	at org.postgresql.core.PGStream.<init>(PGStream.java:98) ~[postgresql-42.7.3.jar:42.7.3]
	at org.postgresql.core.v3.ConnectionFactoryImpl.tryConnect(ConnectionFactoryImpl.java:136) ~[postgresql-42.7.3.jar:42.7.3]
	at org.postgresql.core.v3.ConnectionFactoryImpl.openConnectionImpl(ConnectionFactoryImpl.java:262) ~[postgresql-42.7.3.jar:42.7.3]
	... 15 common frames omitted

2026-05-14T07:39:43.612+02:00  WARN 42910 --- [e-shop-backend] [HikariPool-1:connection-adder] com.zaxxer.hikari.pool.PoolBase          : HikariPool-1 - Pool is empty, failed to create/setup connection (0892321b-021d-44e1-95a8-1fc8b58e8515)

org.postgresql.util.PSQLException: Connection to localhost:5433 refused. Check that the hostname and port are correct and that the postmaster is accepting TCP/IP connections.
	at org.postgresql.core.v3.ConnectionFactoryImpl.openConnectionImpl(ConnectionFactoryImpl.java:346) ~[postgresql-42.7.3.jar:42.7.3]
	at org.postgresql.core.ConnectionFactory.openConnection(ConnectionFactory.java:54) ~[postgresql-42.7.3.jar:42.7.3]
	at org.postgresql.jdbc.PgConnection.<init>(PgConnection.java:273) ~[postgresql-42.7.3.jar:42.7.3]
	at org.postgresql.Driver.makeConnection(Driver.java:446) ~[postgresql-42.7.3.jar:42.7.3]
	at org.postgresql.Driver.connect(Driver.java:298) ~[postgresql-42.7.3.jar:42.7.3]
	at com.zaxxer.hikari.util.DriverDataSource.getConnection(DriverDataSource.java:144) ~[HikariCP-7.0.2.jar:na]
	at com.zaxxer.hikari.pool.PoolBase.newConnection(PoolBase.java:373) ~[HikariCP-7.0.2.jar:na]
	at com.zaxxer.hikari.pool.PoolBase.newPoolEntry(PoolBase.java:210) ~[HikariCP-7.0.2.jar:na]
	at com.zaxxer.hikari.pool.HikariPool.createPoolEntry(HikariPool.java:488) ~[HikariCP-7.0.2.jar:na]
	at com.zaxxer.hikari.pool.HikariPool$PoolEntryCreator.call(HikariPool.java:752) ~[HikariCP-7.0.2.jar:na]
	at com.zaxxer.hikari.pool.HikariPool$PoolEntryCreator.call(HikariPool.java:731) ~[HikariCP-7.0.2.jar:na]
	at java.base/java.util.concurrent.FutureTask.run$$$capture(FutureTask.java:317) ~[na:na]
	at java.base/java.util.concurrent.FutureTask.run(FutureTask.java) ~[na:na]
	at java.base/java.util.concurrent.ThreadPoolExecutor.runWorker(ThreadPoolExecutor.java:1144) ~[na:na]
	at java.base/java.util.concurrent.ThreadPoolExecutor$Worker.run(ThreadPoolExecutor.java:642) ~[na:na]
	at java.base/java.lang.Thread.run(Thread.java:1583) ~[na:na]
Caused by: java.net.ConnectException: Connection refused
	at java.base/sun.nio.ch.Net.pollConnect(Native Method) ~[na:na]
	at java.base/sun.nio.ch.Net.pollConnectNow(Net.java:694) ~[na:na]
	at java.base/sun.nio.ch.NioSocketImpl.timedFinishConnect(NioSocketImpl.java:549) ~[na:na]
	at java.base/sun.nio.ch.NioSocketImpl.connect(NioSocketImpl.java:592) ~[na:na]
	at java.base/java.net.SocksSocketImpl.connect(SocksSocketImpl.java:327) ~[na:na]
	at java.base/java.net.Socket.connect(Socket.java:751) ~[na:na]
	at org.postgresql.core.PGStream.createSocket(PGStream.java:243) ~[postgresql-42.7.3.jar:42.7.3]
	at org.postgresql.core.PGStream.<init>(PGStream.java:98) ~[postgresql-42.7.3.jar:42.7.3]
	at org.postgresql.core.v3.ConnectionFactoryImpl.tryConnect(ConnectionFactoryImpl.java:136) ~[postgresql-42.7.3.jar:42.7.3]
	at org.postgresql.core.v3.ConnectionFactoryImpl.openConnectionImpl(ConnectionFactoryImpl.java:262) ~[postgresql-42.7.3.jar:42.7.3]
	... 15 common frames omitted

2026-05-14T07:40:30.004+02:00  WARN 42910 --- [e-shop-backend] [scheduling-1] org.hibernate.orm.jdbc.error             : HHH000247: ErrorCode: 0, SQLState: 08001
2026-05-14T07:40:30.005+02:00  WARN 42910 --- [e-shop-backend] [scheduling-1] org.hibernate.orm.jdbc.error             : HikariPool-1 - Connection is not available, request timed out after 30004ms (total=0, active=0, idle=0, waiting=0)
2026-05-14T07:40:30.006+02:00  WARN 42910 --- [e-shop-backend] [scheduling-1] org.hibernate.orm.jdbc.error             : HHH000247: ErrorCode: 0, SQLState: 08001
2026-05-14T07:40:30.006+02:00  WARN 42910 --- [e-shop-backend] [scheduling-1] org.hibernate.orm.jdbc.error             : HikariPool-1 - Connection is not available, request timed out after 30004ms (total=0, active=0, idle=0, waiting=0)
2026-05-14T07:40:30.006+02:00 ERROR 42910 --- [e-shop-backend] [scheduling-1] o.s.s.s.TaskUtils$LoggingErrorHandler    : Unexpected error occurred in scheduled task

org.springframework.transaction.CannotCreateTransactionException: Could not open JPA EntityManager for transaction
	at org.springframework.orm.jpa.JpaTransactionManager.doBegin(JpaTransactionManager.java:457) ~[spring-orm-7.0.5.jar:7.0.5]
	at org.springframework.transaction.support.AbstractPlatformTransactionManager.startTransaction(AbstractPlatformTransactionManager.java:532) ~[spring-tx-7.0.5.jar:7.0.5]
	at org.springframework.transaction.support.AbstractPlatformTransactionManager.getTransaction(AbstractPlatformTransactionManager.java:405) ~[spring-tx-7.0.5.jar:7.0.5]
	at org.springframework.transaction.interceptor.TransactionAspectSupport.createTransactionIfNecessary(TransactionAspectSupport.java:628) ~[spring-tx-7.0.5.jar:7.0.5]
	at org.springframework.transaction.interceptor.TransactionAspectSupport.invokeWithinTransaction(TransactionAspectSupport.java:365) ~[spring-tx-7.0.5.jar:7.0.5]
	at org.springframework.transaction.interceptor.TransactionInterceptor.invoke(TransactionInterceptor.java:130) ~[spring-tx-7.0.5.jar:7.0.5]
	at org.springframework.aop.framework.ReflectiveMethodInvocation.proceed(ReflectiveMethodInvocation.java:179) ~[spring-aop-7.0.5.jar:7.0.5]
	at org.springframework.aop.framework.CglibAopProxy$DynamicAdvisedInterceptor.intercept(CglibAopProxy.java:719) ~[spring-aop-7.0.5.jar:7.0.5]
	at com.example.emtbackendlab.jobs.MaterializedViewRefreshScheduler$$SpringCGLIB$$0.refreshBooksStatsView(<generated>) ~[classes/:na]
	at java.base/jdk.internal.reflect.DirectMethodHandleAccessor.invoke(DirectMethodHandleAccessor.java:103) ~[na:na]
	at java.base/java.lang.reflect.Method.invoke(Method.java:580) ~[na:na]
	at org.springframework.scheduling.support.ScheduledMethodRunnable.runInternal(ScheduledMethodRunnable.java:128) ~[spring-context-7.0.5.jar:7.0.5]
	at org.springframework.scheduling.support.ScheduledMethodRunnable.lambda$run$1(ScheduledMethodRunnable.java:122) ~[spring-context-7.0.5.jar:7.0.5]
	at io.micrometer.observation.Observation.observe(Observation.java:564) ~[micrometer-observation-1.16.3.jar:1.16.3]
	at org.springframework.scheduling.support.ScheduledMethodRunnable.run(ScheduledMethodRunnable.java:122) ~[spring-context-7.0.5.jar:7.0.5]
	at org.springframework.scheduling.config.Task$OutcomeTrackingRunnable.run(Task.java:88) ~[spring-context-7.0.5.jar:7.0.5]
	at org.springframework.scheduling.support.DelegatingErrorHandlingRunnable.run(DelegatingErrorHandlingRunnable.java:54) ~[spring-context-7.0.5.jar:7.0.5]
	at org.springframework.scheduling.concurrent.ReschedulingRunnable.run(ReschedulingRunnable.java:94) ~[spring-context-7.0.5.jar:7.0.5]
	at java.base/java.util.concurrent.Executors$RunnableAdapter.call(Executors.java:572) ~[na:na]
	at java.base/java.util.concurrent.FutureTask.run$$$capture(FutureTask.java:317) ~[na:na]
	at java.base/java.util.concurrent.FutureTask.run(FutureTask.java) ~[na:na]
	at java.base/java.util.concurrent.ScheduledThreadPoolExecutor$ScheduledFutureTask.run(ScheduledThreadPoolExecutor.java:304) ~[na:na]
	at java.base/java.util.concurrent.ThreadPoolExecutor.runWorker(ThreadPoolExecutor.java:1144) ~[na:na]
	at java.base/java.util.concurrent.ThreadPoolExecutor$Worker.run(ThreadPoolExecutor.java:642) ~[na:na]
	at java.base/java.lang.Thread.run(Thread.java:1583) ~[na:na]
Caused by: org.hibernate.exception.JDBCConnectionException: Unable to acquire JDBC Connection [HikariPool-1 - Connection is not available, request timed out after 30004ms (total=0, active=0, idle=0, waiting=0)] [n/a]
	at org.hibernate.exception.internal.SQLExceptionTypeDelegate.convert(SQLExceptionTypeDelegate.java:49) ~[hibernate-core-7.2.4.Final.jar:7.2.4.Final]
	at org.hibernate.exception.internal.StandardSQLExceptionConverter.convert(StandardSQLExceptionConverter.java:34) ~[hibernate-core-7.2.4.Final.jar:7.2.4.Final]
	at org.hibernate.engine.jdbc.spi.SqlExceptionHelper.convert(SqlExceptionHelper.java:115) ~[hibernate-core-7.2.4.Final.jar:7.2.4.Final]
	at org.hibernate.engine.jdbc.spi.SqlExceptionHelper.convert(SqlExceptionHelper.java:101) ~[hibernate-core-7.2.4.Final.jar:7.2.4.Final]
	at org.hibernate.resource.jdbc.internal.LogicalConnectionManagedImpl.acquire(LogicalConnectionManagedImpl.java:190) ~[hibernate-core-7.2.4.Final.jar:7.2.4.Final]
	at org.hibernate.resource.jdbc.internal.LogicalConnectionManagedImpl.acquireConnectionIfNeeded(LogicalConnectionManagedImpl.java:87) ~[hibernate-core-7.2.4.Final.jar:7.2.4.Final]
	at org.hibernate.resource.jdbc.internal.LogicalConnectionManagedImpl.getPhysicalConnection(LogicalConnectionManagedImpl.java:126) ~[hibernate-core-7.2.4.Final.jar:7.2.4.Final]
	at org.hibernate.resource.jdbc.internal.LogicalConnectionManagedImpl.getConnectionForTransactionManagement(LogicalConnectionManagedImpl.java:277) ~[hibernate-core-7.2.4.Final.jar:7.2.4.Final]
	at org.hibernate.resource.jdbc.internal.LogicalConnectionManagedImpl.begin(LogicalConnectionManagedImpl.java:286) ~[hibernate-core-7.2.4.Final.jar:7.2.4.Final]
	at org.hibernate.resource.transaction.backend.jdbc.internal.JdbcResourceLocalTransactionCoordinatorImpl$TransactionDriverControlImpl.begin(JdbcResourceLocalTransactionCoordinatorImpl.java:226) ~[hibernate-core-7.2.4.Final.jar:7.2.4.Final]
	at org.hibernate.engine.transaction.internal.TransactionImpl.begin(TransactionImpl.java:75) ~[hibernate-core-7.2.4.Final.jar:7.2.4.Final]
	at org.springframework.orm.jpa.vendor.HibernateJpaDialect.beginTransaction(HibernateJpaDialect.java:147) ~[spring-orm-7.0.5.jar:7.0.5]
	at org.springframework.orm.jpa.JpaTransactionManager.doBegin(JpaTransactionManager.java:411) ~[spring-orm-7.0.5.jar:7.0.5]
	... 24 common frames omitted
Caused by: java.sql.SQLTransientConnectionException: HikariPool-1 - Connection is not available, request timed out after 30004ms (total=0, active=0, idle=0, waiting=0)
	at com.zaxxer.hikari.pool.HikariPool.createTimeoutException(HikariPool.java:714) ~[HikariCP-7.0.2.jar:na]
	at com.zaxxer.hikari.pool.HikariPool.getConnection(HikariPool.java:184) ~[HikariCP-7.0.2.jar:na]
	at com.zaxxer.hikari.pool.HikariPool.getConnection(HikariPool.java:142) ~[HikariCP-7.0.2.jar:na]
	at com.zaxxer.hikari.HikariDataSource.getConnection(HikariDataSource.java:127) ~[HikariCP-7.0.2.jar:na]
	at org.hibernate.engine.jdbc.connections.internal.DataSourceConnectionProvider.getConnection(DataSourceConnectionProvider.java:137) ~[hibernate-core-7.2.4.Final.jar:7.2.4.Final]
	at org.hibernate.internal.NonContextualJdbcConnectionAccess.obtainConnection(NonContextualJdbcConnectionAccess.java:47) ~[hibernate-core-7.2.4.Final.jar:7.2.4.Final]
	at org.hibernate.resource.jdbc.internal.LogicalConnectionManagedImpl.acquire(LogicalConnectionManagedImpl.java:187) ~[hibernate-core-7.2.4.Final.jar:7.2.4.Final]
	... 32 common frames omitted
Caused by: org.postgresql.util.PSQLException: Connection to localhost:5433 refused. Check that the hostname and port are correct and that the postmaster is accepting TCP/IP connections.
	at org.postgresql.core.v3.ConnectionFactoryImpl.openConnectionImpl(ConnectionFactoryImpl.java:346) ~[postgresql-42.7.3.jar:42.7.3]
	at org.postgresql.core.ConnectionFactory.openConnection(ConnectionFactory.java:54) ~[postgresql-42.7.3.jar:42.7.3]
	at org.postgresql.jdbc.PgConnection.<init>(PgConnection.java:273) ~[postgresql-42.7.3.jar:42.7.3]
	at org.postgresql.Driver.makeConnection(Driver.java:446) ~[postgresql-42.7.3.jar:42.7.3]
	at org.postgresql.Driver.connect(Driver.java:298) ~[postgresql-42.7.3.jar:42.7.3]
	at com.zaxxer.hikari.util.DriverDataSource.getConnection(DriverDataSource.java:144) ~[HikariCP-7.0.2.jar:na]
	at com.zaxxer.hikari.pool.PoolBase.newConnection(PoolBase.java:373) ~[HikariCP-7.0.2.jar:na]
	at com.zaxxer.hikari.pool.PoolBase.newPoolEntry(PoolBase.java:210) ~[HikariCP-7.0.2.jar:na]
	at com.zaxxer.hikari.pool.HikariPool.createPoolEntry(HikariPool.java:488) ~[HikariCP-7.0.2.jar:na]
	at com.zaxxer.hikari.pool.HikariPool$PoolEntryCreator.call(HikariPool.java:752) ~[HikariCP-7.0.2.jar:na]
	at com.zaxxer.hikari.pool.HikariPool$PoolEntryCreator.call(HikariPool.java:731) ~[HikariCP-7.0.2.jar:na]
	at java.base/java.util.concurrent.FutureTask.run$$$capture(FutureTask.java:317) ~[na:na]
	at java.base/java.util.concurrent.FutureTask.run(FutureTask.java) ~[na:na]
	... 3 common frames omitted
Caused by: java.net.ConnectException: Connection refused
	at java.base/sun.nio.ch.Net.pollConnect(Native Method) ~[na:na]
	at java.base/sun.nio.ch.Net.pollConnectNow(Net.java:694) ~[na:na]
	at java.base/sun.nio.ch.NioSocketImpl.timedFinishConnect(NioSocketImpl.java:549) ~[na:na]
	at java.base/sun.nio.ch.NioSocketImpl.connect(NioSocketImpl.java:592) ~[na:na]
	at java.base/java.net.SocksSocketImpl.connect(SocksSocketImpl.java:327) ~[na:na]
	at java.base/java.net.Socket.connect(Socket.java:751) ~[na:na]
	at org.postgresql.core.PGStream.createSocket(PGStream.java:243) ~[postgresql-42.7.3.jar:42.7.3]
	at org.postgresql.core.PGStream.<init>(PGStream.java:98) ~[postgresql-42.7.3.jar:42.7.3]
	at org.postgresql.core.v3.ConnectionFactoryImpl.tryConnect(ConnectionFactoryImpl.java:136) ~[postgresql-42.7.3.jar:42.7.3]
	at org.postgresql.core.v3.ConnectionFactoryImpl.openConnectionImpl(ConnectionFactoryImpl.java:262) ~[postgresql-42.7.3.jar:42.7.3]
	... 15 common frames omitted

2026-05-14T07:40:48.671+02:00  WARN 42910 --- [e-shop-backend] [HikariPool-1:connection-adder] com.zaxxer.hikari.pool.PoolBase          : HikariPool-1 - Pool is empty, failed to create/setup connection (22d81eea-d4b9-4870-8545-26017f48ddb2)

org.postgresql.util.PSQLException: Connection to localhost:5433 refused. Check that the hostname and port are correct and that the postmaster is accepting TCP/IP connections.
	at org.postgresql.core.v3.ConnectionFactoryImpl.openConnectionImpl(ConnectionFactoryImpl.java:346) ~[postgresql-42.7.3.jar:42.7.3]
	at org.postgresql.core.ConnectionFactory.openConnection(ConnectionFactory.java:54) ~[postgresql-42.7.3.jar:42.7.3]
	at org.postgresql.jdbc.PgConnection.<init>(PgConnection.java:273) ~[postgresql-42.7.3.jar:42.7.3]
	at org.postgresql.Driver.makeConnection(Driver.java:446) ~[postgresql-42.7.3.jar:42.7.3]
	at org.postgresql.Driver.connect(Driver.java:298) ~[postgresql-42.7.3.jar:42.7.3]
	at com.zaxxer.hikari.util.DriverDataSource.getConnection(DriverDataSource.java:144) ~[HikariCP-7.0.2.jar:na]
	at com.zaxxer.hikari.pool.PoolBase.newConnection(PoolBase.java:373) ~[HikariCP-7.0.2.jar:na]
	at com.zaxxer.hikari.pool.PoolBase.newPoolEntry(PoolBase.java:210) ~[HikariCP-7.0.2.jar:na]
	at com.zaxxer.hikari.pool.HikariPool.createPoolEntry(HikariPool.java:488) ~[HikariCP-7.0.2.jar:na]
	at com.zaxxer.hikari.pool.HikariPool$PoolEntryCreator.call(HikariPool.java:752) ~[HikariCP-7.0.2.jar:na]
	at com.zaxxer.hikari.pool.HikariPool$PoolEntryCreator.call(HikariPool.java:731) ~[HikariCP-7.0.2.jar:na]
	at java.base/java.util.concurrent.FutureTask.run$$$capture(FutureTask.java:317) ~[na:na]
	at java.base/java.util.concurrent.FutureTask.run(FutureTask.java) ~[na:na]
	at java.base/java.util.concurrent.ThreadPoolExecutor.runWorker(ThreadPoolExecutor.java:1144) ~[na:na]
	at java.base/java.util.concurrent.ThreadPoolExecutor$Worker.run(ThreadPoolExecutor.java:642) ~[na:na]
	at java.base/java.lang.Thread.run(Thread.java:1583) ~[na:na]
Caused by: java.net.ConnectException: Connection refused
	at java.base/sun.nio.ch.Net.pollConnect(Native Method) ~[na:na]
	at java.base/sun.nio.ch.Net.pollConnectNow(Net.java:694) ~[na:na]
	at java.base/sun.nio.ch.NioSocketImpl.timedFinishConnect(NioSocketImpl.java:549) ~[na:na]
	at java.base/sun.nio.ch.NioSocketImpl.connect(NioSocketImpl.java:592) ~[na:na]
	at java.base/java.net.SocksSocketImpl.connect(SocksSocketImpl.java:327) ~[na:na]
	at java.base/java.net.Socket.connect(Socket.java:751) ~[na:na]
	at org.postgresql.core.PGStream.createSocket(PGStream.java:243) ~[postgresql-42.7.3.jar:42.7.3]
	at org.postgresql.core.PGStream.<init>(PGStream.java:98) ~[postgresql-42.7.3.jar:42.7.3]
	at org.postgresql.core.v3.ConnectionFactoryImpl.tryConnect(ConnectionFactoryImpl.java:136) ~[postgresql-42.7.3.jar:42.7.3]
	at org.postgresql.core.v3.ConnectionFactoryImpl.openConnectionImpl(ConnectionFactoryImpl.java:262) ~[postgresql-42.7.3.jar:42.7.3]
	... 15 common frames omitted

2026-05-14T07:41:30.004+02:00  WARN 42910 --- [e-shop-backend] [scheduling-1] org.hibernate.orm.jdbc.error             : HHH000247: ErrorCode: 0, SQLState: 08001
2026-05-14T07:41:30.005+02:00  WARN 42910 --- [e-shop-backend] [scheduling-1] org.hibernate.orm.jdbc.error             : HikariPool-1 - Connection is not available, request timed out after 30001ms (total=0, active=0, idle=0, waiting=0)
2026-05-14T07:41:30.006+02:00  WARN 42910 --- [e-shop-backend] [scheduling-1] org.hibernate.orm.jdbc.error             : HHH000247: ErrorCode: 0, SQLState: 08001
2026-05-14T07:41:30.006+02:00  WARN 42910 --- [e-shop-backend] [scheduling-1] org.hibernate.orm.jdbc.error             : HikariPool-1 - Connection is not available, request timed out after 30001ms (total=0, active=0, idle=0, waiting=0)
2026-05-14T07:41:30.006+02:00 ERROR 42910 --- [e-shop-backend] [scheduling-1] o.s.s.s.TaskUtils$LoggingErrorHandler    : Unexpected error occurred in scheduled task

org.springframework.transaction.CannotCreateTransactionException: Could not open JPA EntityManager for transaction
	at org.springframework.orm.jpa.JpaTransactionManager.doBegin(JpaTransactionManager.java:457) ~[spring-orm-7.0.5.jar:7.0.5]
	at org.springframework.transaction.support.AbstractPlatformTransactionManager.startTransaction(AbstractPlatformTransactionManager.java:532) ~[spring-tx-7.0.5.jar:7.0.5]
	at org.springframework.transaction.support.AbstractPlatformTransactionManager.getTransaction(AbstractPlatformTransactionManager.java:405) ~[spring-tx-7.0.5.jar:7.0.5]
	at org.springframework.transaction.interceptor.TransactionAspectSupport.createTransactionIfNecessary(TransactionAspectSupport.java:628) ~[spring-tx-7.0.5.jar:7.0.5]
	at org.springframework.transaction.interceptor.TransactionAspectSupport.invokeWithinTransaction(TransactionAspectSupport.java:365) ~[spring-tx-7.0.5.jar:7.0.5]
	at org.springframework.transaction.interceptor.TransactionInterceptor.invoke(TransactionInterceptor.java:130) ~[spring-tx-7.0.5.jar:7.0.5]
	at org.springframework.aop.framework.ReflectiveMethodInvocation.proceed(ReflectiveMethodInvocation.java:179) ~[spring-aop-7.0.5.jar:7.0.5]
	at org.springframework.aop.framework.CglibAopProxy$DynamicAdvisedInterceptor.intercept(CglibAopProxy.java:719) ~[spring-aop-7.0.5.jar:7.0.5]
	at com.example.emtbackendlab.jobs.MaterializedViewRefreshScheduler$$SpringCGLIB$$0.refreshBooksStatsView(<generated>) ~[classes/:na]
	at java.base/jdk.internal.reflect.DirectMethodHandleAccessor.invoke(DirectMethodHandleAccessor.java:103) ~[na:na]
	at java.base/java.lang.reflect.Method.invoke(Method.java:580) ~[na:na]
	at org.springframework.scheduling.support.ScheduledMethodRunnable.runInternal(ScheduledMethodRunnable.java:128) ~[spring-context-7.0.5.jar:7.0.5]
	at org.springframework.scheduling.support.ScheduledMethodRunnable.lambda$run$1(ScheduledMethodRunnable.java:122) ~[spring-context-7.0.5.jar:7.0.5]
	at io.micrometer.observation.Observation.observe(Observation.java:564) ~[micrometer-observation-1.16.3.jar:1.16.3]
	at org.springframework.scheduling.support.ScheduledMethodRunnable.run(ScheduledMethodRunnable.java:122) ~[spring-context-7.0.5.jar:7.0.5]
	at org.springframework.scheduling.config.Task$OutcomeTrackingRunnable.run(Task.java:88) ~[spring-context-7.0.5.jar:7.0.5]
	at org.springframework.scheduling.support.DelegatingErrorHandlingRunnable.run(DelegatingErrorHandlingRunnable.java:54) ~[spring-context-7.0.5.jar:7.0.5]
	at org.springframework.scheduling.concurrent.ReschedulingRunnable.run(ReschedulingRunnable.java:94) ~[spring-context-7.0.5.jar:7.0.5]
	at java.base/java.util.concurrent.Executors$RunnableAdapter.call(Executors.java:572) ~[na:na]
	at java.base/java.util.concurrent.FutureTask.run$$$capture(FutureTask.java:317) ~[na:na]
	at java.base/java.util.concurrent.FutureTask.run(FutureTask.java) ~[na:na]
	at java.base/java.util.concurrent.ScheduledThreadPoolExecutor$ScheduledFutureTask.run(ScheduledThreadPoolExecutor.java:304) ~[na:na]
	at java.base/java.util.concurrent.ThreadPoolExecutor.runWorker(ThreadPoolExecutor.java:1144) ~[na:na]
	at java.base/java.util.concurrent.ThreadPoolExecutor$Worker.run(ThreadPoolExecutor.java:642) ~[na:na]
	at java.base/java.lang.Thread.run(Thread.java:1583) ~[na:na]
Caused by: org.hibernate.exception.JDBCConnectionException: Unable to acquire JDBC Connection [HikariPool-1 - Connection is not available, request timed out after 30001ms (total=0, active=0, idle=0, waiting=0)] [n/a]
	at org.hibernate.exception.internal.SQLExceptionTypeDelegate.convert(SQLExceptionTypeDelegate.java:49) ~[hibernate-core-7.2.4.Final.jar:7.2.4.Final]
	at org.hibernate.exception.internal.StandardSQLExceptionConverter.convert(StandardSQLExceptionConverter.java:34) ~[hibernate-core-7.2.4.Final.jar:7.2.4.Final]
	at org.hibernate.engine.jdbc.spi.SqlExceptionHelper.convert(SqlExceptionHelper.java:115) ~[hibernate-core-7.2.4.Final.jar:7.2.4.Final]
	at org.hibernate.engine.jdbc.spi.SqlExceptionHelper.convert(SqlExceptionHelper.java:101) ~[hibernate-core-7.2.4.Final.jar:7.2.4.Final]
	at org.hibernate.resource.jdbc.internal.LogicalConnectionManagedImpl.acquire(LogicalConnectionManagedImpl.java:190) ~[hibernate-core-7.2.4.Final.jar:7.2.4.Final]
	at org.hibernate.resource.jdbc.internal.LogicalConnectionManagedImpl.acquireConnectionIfNeeded(LogicalConnectionManagedImpl.java:87) ~[hibernate-core-7.2.4.Final.jar:7.2.4.Final]
	at org.hibernate.resource.jdbc.internal.LogicalConnectionManagedImpl.getPhysicalConnection(LogicalConnectionManagedImpl.java:126) ~[hibernate-core-7.2.4.Final.jar:7.2.4.Final]
	at org.hibernate.resource.jdbc.internal.LogicalConnectionManagedImpl.getConnectionForTransactionManagement(LogicalConnectionManagedImpl.java:277) ~[hibernate-core-7.2.4.Final.jar:7.2.4.Final]
	at org.hibernate.resource.jdbc.internal.LogicalConnectionManagedImpl.begin(LogicalConnectionManagedImpl.java:286) ~[hibernate-core-7.2.4.Final.jar:7.2.4.Final]
	at org.hibernate.resource.transaction.backend.jdbc.internal.JdbcResourceLocalTransactionCoordinatorImpl$TransactionDriverControlImpl.begin(JdbcResourceLocalTransactionCoordinatorImpl.java:226) ~[hibernate-core-7.2.4.Final.jar:7.2.4.Final]
	at org.hibernate.engine.transaction.internal.TransactionImpl.begin(TransactionImpl.java:75) ~[hibernate-core-7.2.4.Final.jar:7.2.4.Final]
	at org.springframework.orm.jpa.vendor.HibernateJpaDialect.beginTransaction(HibernateJpaDialect.java:147) ~[spring-orm-7.0.5.jar:7.0.5]
	at org.springframework.orm.jpa.JpaTransactionManager.doBegin(JpaTransactionManager.java:411) ~[spring-orm-7.0.5.jar:7.0.5]
	... 24 common frames omitted
Caused by: java.sql.SQLTransientConnectionException: HikariPool-1 - Connection is not available, request timed out after 30001ms (total=0, active=0, idle=0, waiting=0)
	at com.zaxxer.hikari.pool.HikariPool.createTimeoutException(HikariPool.java:714) ~[HikariCP-7.0.2.jar:na]
	at com.zaxxer.hikari.pool.HikariPool.getConnection(HikariPool.java:184) ~[HikariCP-7.0.2.jar:na]
	at com.zaxxer.hikari.pool.HikariPool.getConnection(HikariPool.java:142) ~[HikariCP-7.0.2.jar:na]
	at com.zaxxer.hikari.HikariDataSource.getConnection(HikariDataSource.java:127) ~[HikariCP-7.0.2.jar:na]
	at org.hibernate.engine.jdbc.connections.internal.DataSourceConnectionProvider.getConnection(DataSourceConnectionProvider.java:137) ~[hibernate-core-7.2.4.Final.jar:7.2.4.Final]
	at org.hibernate.internal.NonContextualJdbcConnectionAccess.obtainConnection(NonContextualJdbcConnectionAccess.java:47) ~[hibernate-core-7.2.4.Final.jar:7.2.4.Final]
	at org.hibernate.resource.jdbc.internal.LogicalConnectionManagedImpl.acquire(LogicalConnectionManagedImpl.java:187) ~[hibernate-core-7.2.4.Final.jar:7.2.4.Final]
	... 32 common frames omitted
Caused by: org.postgresql.util.PSQLException: Connection to localhost:5433 refused. Check that the hostname and port are correct and that the postmaster is accepting TCP/IP connections.
	at org.postgresql.core.v3.ConnectionFactoryImpl.openConnectionImpl(ConnectionFactoryImpl.java:346) ~[postgresql-42.7.3.jar:42.7.3]
	at org.postgresql.core.ConnectionFactory.openConnection(ConnectionFactory.java:54) ~[postgresql-42.7.3.jar:42.7.3]
	at org.postgresql.jdbc.PgConnection.<init>(PgConnection.java:273) ~[postgresql-42.7.3.jar:42.7.3]
	at org.postgresql.Driver.makeConnection(Driver.java:446) ~[postgresql-42.7.3.jar:42.7.3]
	at org.postgresql.Driver.connect(Driver.java:298) ~[postgresql-42.7.3.jar:42.7.3]
	at com.zaxxer.hikari.util.DriverDataSource.getConnection(DriverDataSource.java:144) ~[HikariCP-7.0.2.jar:na]
	at com.zaxxer.hikari.pool.PoolBase.newConnection(PoolBase.java:373) ~[HikariCP-7.0.2.jar:na]
	at com.zaxxer.hikari.pool.PoolBase.newPoolEntry(PoolBase.java:210) ~[HikariCP-7.0.2.jar:na]
	at com.zaxxer.hikari.pool.HikariPool.createPoolEntry(HikariPool.java:488) ~[HikariCP-7.0.2.jar:na]
	at com.zaxxer.hikari.pool.HikariPool$PoolEntryCreator.call(HikariPool.java:752) ~[HikariCP-7.0.2.jar:na]
	at com.zaxxer.hikari.pool.HikariPool$PoolEntryCreator.call(HikariPool.java:731) ~[HikariCP-7.0.2.jar:na]
	at java.base/java.util.concurrent.FutureTask.run$$$capture(FutureTask.java:317) ~[na:na]
	at java.base/java.util.concurrent.FutureTask.run(FutureTask.java) ~[na:na]
	... 3 common frames omitted
Caused by: java.net.ConnectException: Connection refused
	at java.base/sun.nio.ch.Net.pollConnect(Native Method) ~[na:na]
	at java.base/sun.nio.ch.Net.pollConnectNow(Net.java:694) ~[na:na]
	at java.base/sun.nio.ch.NioSocketImpl.timedFinishConnect(NioSocketImpl.java:549) ~[na:na]
	at java.base/sun.nio.ch.NioSocketImpl.connect(NioSocketImpl.java:592) ~[na:na]
	at java.base/java.net.SocksSocketImpl.connect(SocksSocketImpl.java:327) ~[na:na]
	at java.base/java.net.Socket.connect(Socket.java:751) ~[na:na]
	at org.postgresql.core.PGStream.createSocket(PGStream.java:243) ~[postgresql-42.7.3.jar:42.7.3]
	at org.postgresql.core.PGStream.<init>(PGStream.java:98) ~[postgresql-42.7.3.jar:42.7.3]
	at org.postgresql.core.v3.ConnectionFactoryImpl.tryConnect(ConnectionFactoryImpl.java:136) ~[postgresql-42.7.3.jar:42.7.3]
	at org.postgresql.core.v3.ConnectionFactoryImpl.openConnectionImpl(ConnectionFactoryImpl.java:262) ~[postgresql-42.7.3.jar:42.7.3]
	... 15 common frames omitted

2026-05-14T07:41:53.732+02:00  WARN 42910 --- [e-shop-backend] [HikariPool-1:connection-adder] com.zaxxer.hikari.pool.PoolBase          : HikariPool-1 - Pool is empty, failed to create/setup connection (7d9c3f63-07e2-4355-92dd-d58fccb094da)

org.postgresql.util.PSQLException: Connection to localhost:5433 refused. Check that the hostname and port are correct and that the postmaster is accepting TCP/IP connections.
	at org.postgresql.core.v3.ConnectionFactoryImpl.openConnectionImpl(ConnectionFactoryImpl.java:346) ~[postgresql-42.7.3.jar:42.7.3]
	at org.postgresql.core.ConnectionFactory.openConnection(ConnectionFactory.java:54) ~[postgresql-42.7.3.jar:42.7.3]
	at org.postgresql.jdbc.PgConnection.<init>(PgConnection.java:273) ~[postgresql-42.7.3.jar:42.7.3]
	at org.postgresql.Driver.makeConnection(Driver.java:446) ~[postgresql-42.7.3.jar:42.7.3]
	at org.postgresql.Driver.connect(Driver.java:298) ~[postgresql-42.7.3.jar:42.7.3]
	at com.zaxxer.hikari.util.DriverDataSource.getConnection(DriverDataSource.java:144) ~[HikariCP-7.0.2.jar:na]
	at com.zaxxer.hikari.pool.PoolBase.newConnection(PoolBase.java:373) ~[HikariCP-7.0.2.jar:na]
	at com.zaxxer.hikari.pool.PoolBase.newPoolEntry(PoolBase.java:210) ~[HikariCP-7.0.2.jar:na]
	at com.zaxxer.hikari.pool.HikariPool.createPoolEntry(HikariPool.java:488) ~[HikariCP-7.0.2.jar:na]
	at com.zaxxer.hikari.pool.HikariPool$PoolEntryCreator.call(HikariPool.java:752) ~[HikariCP-7.0.2.jar:na]
	at com.zaxxer.hikari.pool.HikariPool$PoolEntryCreator.call(HikariPool.java:731) ~[HikariCP-7.0.2.jar:na]
	at java.base/java.util.concurrent.FutureTask.run$$$capture(FutureTask.java:317) ~[na:na]
	at java.base/java.util.concurrent.FutureTask.run(FutureTask.java) ~[na:na]
	at java.base/java.util.concurrent.ThreadPoolExecutor.runWorker(ThreadPoolExecutor.java:1144) ~[na:na]
	at java.base/java.util.concurrent.ThreadPoolExecutor$Worker.run(ThreadPoolExecutor.java:642) ~[na:na]
	at java.base/java.lang.Thread.run(Thread.java:1583) ~[na:na]
Caused by: java.net.ConnectException: Connection refused
	at java.base/sun.nio.ch.Net.pollConnect(Native Method) ~[na:na]
	at java.base/sun.nio.ch.Net.pollConnectNow(Net.java:694) ~[na:na]
	at java.base/sun.nio.ch.NioSocketImpl.timedFinishConnect(NioSocketImpl.java:549) ~[na:na]
	at java.base/sun.nio.ch.NioSocketImpl.connect(NioSocketImpl.java:592) ~[na:na]
	at java.base/java.net.SocksSocketImpl.connect(SocksSocketImpl.java:327) ~[na:na]
	at java.base/java.net.Socket.connect(Socket.java:751) ~[na:na]
	at org.postgresql.core.PGStream.createSocket(PGStream.java:243) ~[postgresql-42.7.3.jar:42.7.3]
	at org.postgresql.core.PGStream.<init>(PGStream.java:98) ~[postgresql-42.7.3.jar:42.7.3]
	at org.postgresql.core.v3.ConnectionFactoryImpl.tryConnect(ConnectionFactoryImpl.java:136) ~[postgresql-42.7.3.jar:42.7.3]
	at org.postgresql.core.v3.ConnectionFactoryImpl.openConnectionImpl(ConnectionFactoryImpl.java:262) ~[postgresql-42.7.3.jar:42.7.3]
	... 15 common frames omitted

2026-05-14T07:42:30.003+02:00  WARN 42910 --- [e-shop-backend] [scheduling-1] org.hibernate.orm.jdbc.error             : HHH000247: ErrorCode: 0, SQLState: 08001
2026-05-14T07:42:30.004+02:00  WARN 42910 --- [e-shop-backend] [scheduling-1] org.hibernate.orm.jdbc.error             : HikariPool-1 - Connection is not available, request timed out after 30004ms (total=0, active=0, idle=0, waiting=0)
2026-05-14T07:42:30.004+02:00  WARN 42910 --- [e-shop-backend] [scheduling-1] org.hibernate.orm.jdbc.error             : HHH000247: ErrorCode: 0, SQLState: 08001
2026-05-14T07:42:30.004+02:00  WARN 42910 --- [e-shop-backend] [scheduling-1] org.hibernate.orm.jdbc.error             : HikariPool-1 - Connection is not available, request timed out after 30004ms (total=0, active=0, idle=0, waiting=0)
2026-05-14T07:42:30.004+02:00 ERROR 42910 --- [e-shop-backend] [scheduling-1] o.s.s.s.TaskUtils$LoggingErrorHandler    : Unexpected error occurred in scheduled task

org.springframework.transaction.CannotCreateTransactionException: Could not open JPA EntityManager for transaction
	at org.springframework.orm.jpa.JpaTransactionManager.doBegin(JpaTransactionManager.java:457) ~[spring-orm-7.0.5.jar:7.0.5]
	at org.springframework.transaction.support.AbstractPlatformTransactionManager.startTransaction(AbstractPlatformTransactionManager.java:532) ~[spring-tx-7.0.5.jar:7.0.5]
	at org.springframework.transaction.support.AbstractPlatformTransactionManager.getTransaction(AbstractPlatformTransactionManager.java:405) ~[spring-tx-7.0.5.jar:7.0.5]
	at org.springframework.transaction.interceptor.TransactionAspectSupport.createTransactionIfNecessary(TransactionAspectSupport.java:628) ~[spring-tx-7.0.5.jar:7.0.5]
	at org.springframework.transaction.interceptor.TransactionAspectSupport.invokeWithinTransaction(TransactionAspectSupport.java:365) ~[spring-tx-7.0.5.jar:7.0.5]
	at org.springframework.transaction.interceptor.TransactionInterceptor.invoke(TransactionInterceptor.java:130) ~[spring-tx-7.0.5.jar:7.0.5]
	at org.springframework.aop.framework.ReflectiveMethodInvocation.proceed(ReflectiveMethodInvocation.java:179) ~[spring-aop-7.0.5.jar:7.0.5]
	at org.springframework.aop.framework.CglibAopProxy$DynamicAdvisedInterceptor.intercept(CglibAopProxy.java:719) ~[spring-aop-7.0.5.jar:7.0.5]
	at com.example.emtbackendlab.jobs.MaterializedViewRefreshScheduler$$SpringCGLIB$$0.refreshBooksStatsView(<generated>) ~[classes/:na]
	at java.base/jdk.internal.reflect.DirectMethodHandleAccessor.invoke(DirectMethodHandleAccessor.java:103) ~[na:na]
	at java.base/java.lang.reflect.Method.invoke(Method.java:580) ~[na:na]
	at org.springframework.scheduling.support.ScheduledMethodRunnable.runInternal(ScheduledMethodRunnable.java:128) ~[spring-context-7.0.5.jar:7.0.5]
	at org.springframework.scheduling.support.ScheduledMethodRunnable.lambda$run$1(ScheduledMethodRunnable.java:122) ~[spring-context-7.0.5.jar:7.0.5]
	at io.micrometer.observation.Observation.observe(Observation.java:564) ~[micrometer-observation-1.16.3.jar:1.16.3]
	at org.springframework.scheduling.support.ScheduledMethodRunnable.run(ScheduledMethodRunnable.java:122) ~[spring-context-7.0.5.jar:7.0.5]
	at org.springframework.scheduling.config.Task$OutcomeTrackingRunnable.run(Task.java:88) ~[spring-context-7.0.5.jar:7.0.5]
	at org.springframework.scheduling.support.DelegatingErrorHandlingRunnable.run(DelegatingErrorHandlingRunnable.java:54) ~[spring-context-7.0.5.jar:7.0.5]
	at org.springframework.scheduling.concurrent.ReschedulingRunnable.run(ReschedulingRunnable.java:94) ~[spring-context-7.0.5.jar:7.0.5]
	at java.base/java.util.concurrent.Executors$RunnableAdapter.call(Executors.java:572) ~[na:na]
	at java.base/java.util.concurrent.FutureTask.run$$$capture(FutureTask.java:317) ~[na:na]
	at java.base/java.util.concurrent.FutureTask.run(FutureTask.java) ~[na:na]
	at java.base/java.util.concurrent.ScheduledThreadPoolExecutor$ScheduledFutureTask.run(ScheduledThreadPoolExecutor.java:304) ~[na:na]
	at java.base/java.util.concurrent.ThreadPoolExecutor.runWorker(ThreadPoolExecutor.java:1144) ~[na:na]
	at java.base/java.util.concurrent.ThreadPoolExecutor$Worker.run(ThreadPoolExecutor.java:642) ~[na:na]
	at java.base/java.lang.Thread.run(Thread.java:1583) ~[na:na]
Caused by: org.hibernate.exception.JDBCConnectionException: Unable to acquire JDBC Connection [HikariPool-1 - Connection is not available, request timed out after 30004ms (total=0, active=0, idle=0, waiting=0)] [n/a]
	at org.hibernate.exception.internal.SQLExceptionTypeDelegate.convert(SQLExceptionTypeDelegate.java:49) ~[hibernate-core-7.2.4.Final.jar:7.2.4.Final]
	at org.hibernate.exception.internal.StandardSQLExceptionConverter.convert(StandardSQLExceptionConverter.java:34) ~[hibernate-core-7.2.4.Final.jar:7.2.4.Final]
	at org.hibernate.engine.jdbc.spi.SqlExceptionHelper.convert(SqlExceptionHelper.java:115) ~[hibernate-core-7.2.4.Final.jar:7.2.4.Final]
	at org.hibernate.engine.jdbc.spi.SqlExceptionHelper.convert(SqlExceptionHelper.java:101) ~[hibernate-core-7.2.4.Final.jar:7.2.4.Final]
	at org.hibernate.resource.jdbc.internal.LogicalConnectionManagedImpl.acquire(LogicalConnectionManagedImpl.java:190) ~[hibernate-core-7.2.4.Final.jar:7.2.4.Final]
	at org.hibernate.resource.jdbc.internal.LogicalConnectionManagedImpl.acquireConnectionIfNeeded(LogicalConnectionManagedImpl.java:87) ~[hibernate-core-7.2.4.Final.jar:7.2.4.Final]
	at org.hibernate.resource.jdbc.internal.LogicalConnectionManagedImpl.getPhysicalConnection(LogicalConnectionManagedImpl.java:126) ~[hibernate-core-7.2.4.Final.jar:7.2.4.Final]
	at org.hibernate.resource.jdbc.internal.LogicalConnectionManagedImpl.getConnectionForTransactionManagement(LogicalConnectionManagedImpl.java:277) ~[hibernate-core-7.2.4.Final.jar:7.2.4.Final]
	at org.hibernate.resource.jdbc.internal.LogicalConnectionManagedImpl.begin(LogicalConnectionManagedImpl.java:286) ~[hibernate-core-7.2.4.Final.jar:7.2.4.Final]
	at org.hibernate.resource.transaction.backend.jdbc.internal.JdbcResourceLocalTransactionCoordinatorImpl$TransactionDriverControlImpl.begin(JdbcResourceLocalTransactionCoordinatorImpl.java:226) ~[hibernate-core-7.2.4.Final.jar:7.2.4.Final]
	at org.hibernate.engine.transaction.internal.TransactionImpl.begin(TransactionImpl.java:75) ~[hibernate-core-7.2.4.Final.jar:7.2.4.Final]
	at org.springframework.orm.jpa.vendor.HibernateJpaDialect.beginTransaction(HibernateJpaDialect.java:147) ~[spring-orm-7.0.5.jar:7.0.5]
	at org.springframework.orm.jpa.JpaTransactionManager.doBegin(JpaTransactionManager.java:411) ~[spring-orm-7.0.5.jar:7.0.5]
	... 24 common frames omitted
Caused by: java.sql.SQLTransientConnectionException: HikariPool-1 - Connection is not available, request timed out after 30004ms (total=0, active=0, idle=0, waiting=0)
	at com.zaxxer.hikari.pool.HikariPool.createTimeoutException(HikariPool.java:714) ~[HikariCP-7.0.2.jar:na]
	at com.zaxxer.hikari.pool.HikariPool.getConnection(HikariPool.java:184) ~[HikariCP-7.0.2.jar:na]
	at com.zaxxer.hikari.pool.HikariPool.getConnection(HikariPool.java:142) ~[HikariCP-7.0.2.jar:na]
	at com.zaxxer.hikari.HikariDataSource.getConnection(HikariDataSource.java:127) ~[HikariCP-7.0.2.jar:na]
	at org.hibernate.engine.jdbc.connections.internal.DataSourceConnectionProvider.getConnection(DataSourceConnectionProvider.java:137) ~[hibernate-core-7.2.4.Final.jar:7.2.4.Final]
	at org.hibernate.internal.NonContextualJdbcConnectionAccess.obtainConnection(NonContextualJdbcConnectionAccess.java:47) ~[hibernate-core-7.2.4.Final.jar:7.2.4.Final]
	at org.hibernate.resource.jdbc.internal.LogicalConnectionManagedImpl.acquire(LogicalConnectionManagedImpl.java:187) ~[hibernate-core-7.2.4.Final.jar:7.2.4.Final]
	... 32 common frames omitted
Caused by: org.postgresql.util.PSQLException: Connection to localhost:5433 refused. Check that the hostname and port are correct and that the postmaster is accepting TCP/IP connections.
	at org.postgresql.core.v3.ConnectionFactoryImpl.openConnectionImpl(ConnectionFactoryImpl.java:346) ~[postgresql-42.7.3.jar:42.7.3]
	at org.postgresql.core.ConnectionFactory.openConnection(ConnectionFactory.java:54) ~[postgresql-42.7.3.jar:42.7.3]
	at org.postgresql.jdbc.PgConnection.<init>(PgConnection.java:273) ~[postgresql-42.7.3.jar:42.7.3]
	at org.postgresql.Driver.makeConnection(Driver.java:446) ~[postgresql-42.7.3.jar:42.7.3]
	at org.postgresql.Driver.connect(Driver.java:298) ~[postgresql-42.7.3.jar:42.7.3]
	at com.zaxxer.hikari.util.DriverDataSource.getConnection(DriverDataSource.java:144) ~[HikariCP-7.0.2.jar:na]
	at com.zaxxer.hikari.pool.PoolBase.newConnection(PoolBase.java:373) ~[HikariCP-7.0.2.jar:na]
	at com.zaxxer.hikari.pool.PoolBase.newPoolEntry(PoolBase.java:210) ~[HikariCP-7.0.2.jar:na]
	at com.zaxxer.hikari.pool.HikariPool.createPoolEntry(HikariPool.java:488) ~[HikariCP-7.0.2.jar:na]
	at com.zaxxer.hikari.pool.HikariPool$PoolEntryCreator.call(HikariPool.java:752) ~[HikariCP-7.0.2.jar:na]
	at com.zaxxer.hikari.pool.HikariPool$PoolEntryCreator.call(HikariPool.java:731) ~[HikariCP-7.0.2.jar:na]
	at java.base/java.util.concurrent.FutureTask.run$$$capture(FutureTask.java:317) ~[na:na]
	at java.base/java.util.concurrent.FutureTask.run(FutureTask.java) ~[na:na]
	... 3 common frames omitted
Caused by: java.net.ConnectException: Connection refused
	at java.base/sun.nio.ch.Net.pollConnect(Native Method) ~[na:na]
	at java.base/sun.nio.ch.Net.pollConnectNow(Net.java:694) ~[na:na]
	at java.base/sun.nio.ch.NioSocketImpl.timedFinishConnect(NioSocketImpl.java:549) ~[na:na]
	at java.base/sun.nio.ch.NioSocketImpl.connect(NioSocketImpl.java:592) ~[na:na]
	at java.base/java.net.SocksSocketImpl.connect(SocksSocketImpl.java:327) ~[na:na]
	at java.base/java.net.Socket.connect(Socket.java:751) ~[na:na]
	at org.postgresql.core.PGStream.createSocket(PGStream.java:243) ~[postgresql-42.7.3.jar:42.7.3]
	at org.postgresql.core.PGStream.<init>(PGStream.java:98) ~[postgresql-42.7.3.jar:42.7.3]
	at org.postgresql.core.v3.ConnectionFactoryImpl.tryConnect(ConnectionFactoryImpl.java:136) ~[postgresql-42.7.3.jar:42.7.3]
	at org.postgresql.core.v3.ConnectionFactoryImpl.openConnectionImpl(ConnectionFactoryImpl.java:262) ~[postgresql-42.7.3.jar:42.7.3]
	... 15 common frames omitted

2026-05-14T07:42:58.791+02:00  WARN 42910 --- [e-shop-backend] [HikariPool-1:connection-adder] com.zaxxer.hikari.pool.PoolBase          : HikariPool-1 - Pool is empty, failed to create/setup connection (b7845c2d-45fa-43ad-8817-d2c062fcb9ef)

org.postgresql.util.PSQLException: Connection to localhost:5433 refused. Check that the hostname and port are correct and that the postmaster is accepting TCP/IP connections.
	at org.postgresql.core.v3.ConnectionFactoryImpl.openConnectionImpl(ConnectionFactoryImpl.java:346) ~[postgresql-42.7.3.jar:42.7.3]
	at org.postgresql.core.ConnectionFactory.openConnection(ConnectionFactory.java:54) ~[postgresql-42.7.3.jar:42.7.3]
	at org.postgresql.jdbc.PgConnection.<init>(PgConnection.java:273) ~[postgresql-42.7.3.jar:42.7.3]
	at org.postgresql.Driver.makeConnection(Driver.java:446) ~[postgresql-42.7.3.jar:42.7.3]
	at org.postgresql.Driver.connect(Driver.java:298) ~[postgresql-42.7.3.jar:42.7.3]
	at com.zaxxer.hikari.util.DriverDataSource.getConnection(DriverDataSource.java:144) ~[HikariCP-7.0.2.jar:na]
	at com.zaxxer.hikari.pool.PoolBase.newConnection(PoolBase.java:373) ~[HikariCP-7.0.2.jar:na]
	at com.zaxxer.hikari.pool.PoolBase.newPoolEntry(PoolBase.java:210) ~[HikariCP-7.0.2.jar:na]
	at com.zaxxer.hikari.pool.HikariPool.createPoolEntry(HikariPool.java:488) ~[HikariCP-7.0.2.jar:na]
	at com.zaxxer.hikari.pool.HikariPool$PoolEntryCreator.call(HikariPool.java:752) ~[HikariCP-7.0.2.jar:na]
	at com.zaxxer.hikari.pool.HikariPool$PoolEntryCreator.call(HikariPool.java:731) ~[HikariCP-7.0.2.jar:na]
	at java.base/java.util.concurrent.FutureTask.run$$$capture(FutureTask.java:317) ~[na:na]
	at java.base/java.util.concurrent.FutureTask.run(FutureTask.java) ~[na:na]
	at java.base/java.util.concurrent.ThreadPoolExecutor.runWorker(ThreadPoolExecutor.java:1144) ~[na:na]
	at java.base/java.util.concurrent.ThreadPoolExecutor$Worker.run(ThreadPoolExecutor.java:642) ~[na:na]
	at java.base/java.lang.Thread.run(Thread.java:1583) ~[na:na]
Caused by: java.net.ConnectException: Connection refused
	at java.base/sun.nio.ch.Net.pollConnect(Native Method) ~[na:na]
	at java.base/sun.nio.ch.Net.pollConnectNow(Net.java:694) ~[na:na]
	at java.base/sun.nio.ch.NioSocketImpl.timedFinishConnect(NioSocketImpl.java:549) ~[na:na]
	at java.base/sun.nio.ch.NioSocketImpl.connect(NioSocketImpl.java:592) ~[na:na]
	at java.base/java.net.SocksSocketImpl.connect(SocksSocketImpl.java:327) ~[na:na]
	at java.base/java.net.Socket.connect(Socket.java:751) ~[na:na]
	at org.postgresql.core.PGStream.createSocket(PGStream.java:243) ~[postgresql-42.7.3.jar:42.7.3]
	at org.postgresql.core.PGStream.<init>(PGStream.java:98) ~[postgresql-42.7.3.jar:42.7.3]
	at org.postgresql.core.v3.ConnectionFactoryImpl.tryConnect(ConnectionFactoryImpl.java:136) ~[postgresql-42.7.3.jar:42.7.3]
	at org.postgresql.core.v3.ConnectionFactoryImpl.openConnectionImpl(ConnectionFactoryImpl.java:262) ~[postgresql-42.7.3.jar:42.7.3]
	... 15 common frames omitted

2026-05-14T07:43:30.003+02:00  WARN 42910 --- [e-shop-backend] [scheduling-1] org.hibernate.orm.jdbc.error             : HHH000247: ErrorCode: 0, SQLState: 08001
2026-05-14T07:43:30.003+02:00  WARN 42910 --- [e-shop-backend] [scheduling-1] org.hibernate.orm.jdbc.error             : HikariPool-1 - Connection is not available, request timed out after 30000ms (total=0, active=0, idle=0, waiting=0)
2026-05-14T07:43:30.003+02:00  WARN 42910 --- [e-shop-backend] [scheduling-1] org.hibernate.orm.jdbc.error             : HHH000247: ErrorCode: 0, SQLState: 08001
2026-05-14T07:43:30.003+02:00  WARN 42910 --- [e-shop-backend] [scheduling-1] org.hibernate.orm.jdbc.error             : HikariPool-1 - Connection is not available, request timed out after 30000ms (total=0, active=0, idle=0, waiting=0)
2026-05-14T07:43:30.004+02:00 ERROR 42910 --- [e-shop-backend] [scheduling-1] o.s.s.s.TaskUtils$LoggingErrorHandler    : Unexpected error occurred in scheduled task

org.springframework.transaction.CannotCreateTransactionException: Could not open JPA EntityManager for transaction
	at org.springframework.orm.jpa.JpaTransactionManager.doBegin(JpaTransactionManager.java:457) ~[spring-orm-7.0.5.jar:7.0.5]
	at org.springframework.transaction.support.AbstractPlatformTransactionManager.startTransaction(AbstractPlatformTransactionManager.java:532) ~[spring-tx-7.0.5.jar:7.0.5]
	at org.springframework.transaction.support.AbstractPlatformTransactionManager.getTransaction(AbstractPlatformTransactionManager.java:405) ~[spring-tx-7.0.5.jar:7.0.5]
	at org.springframework.transaction.interceptor.TransactionAspectSupport.createTransactionIfNecessary(TransactionAspectSupport.java:628) ~[spring-tx-7.0.5.jar:7.0.5]
	at org.springframework.transaction.interceptor.TransactionAspectSupport.invokeWithinTransaction(TransactionAspectSupport.java:365) ~[spring-tx-7.0.5.jar:7.0.5]
	at org.springframework.transaction.interceptor.TransactionInterceptor.invoke(TransactionInterceptor.java:130) ~[spring-tx-7.0.5.jar:7.0.5]
	at org.springframework.aop.framework.ReflectiveMethodInvocation.proceed(ReflectiveMethodInvocation.java:179) ~[spring-aop-7.0.5.jar:7.0.5]
	at org.springframework.aop.framework.CglibAopProxy$DynamicAdvisedInterceptor.intercept(CglibAopProxy.java:719) ~[spring-aop-7.0.5.jar:7.0.5]
	at com.example.emtbackendlab.jobs.MaterializedViewRefreshScheduler$$SpringCGLIB$$0.refreshBooksStatsView(<generated>) ~[classes/:na]
	at java.base/jdk.internal.reflect.DirectMethodHandleAccessor.invoke(DirectMethodHandleAccessor.java:103) ~[na:na]
	at java.base/java.lang.reflect.Method.invoke(Method.java:580) ~[na:na]
	at org.springframework.scheduling.support.ScheduledMethodRunnable.runInternal(ScheduledMethodRunnable.java:128) ~[spring-context-7.0.5.jar:7.0.5]
	at org.springframework.scheduling.support.ScheduledMethodRunnable.lambda$run$1(ScheduledMethodRunnable.java:122) ~[spring-context-7.0.5.jar:7.0.5]
	at io.micrometer.observation.Observation.observe(Observation.java:564) ~[micrometer-observation-1.16.3.jar:1.16.3]
	at org.springframework.scheduling.support.ScheduledMethodRunnable.run(ScheduledMethodRunnable.java:122) ~[spring-context-7.0.5.jar:7.0.5]
	at org.springframework.scheduling.config.Task$OutcomeTrackingRunnable.run(Task.java:88) ~[spring-context-7.0.5.jar:7.0.5]
	at org.springframework.scheduling.support.DelegatingErrorHandlingRunnable.run(DelegatingErrorHandlingRunnable.java:54) ~[spring-context-7.0.5.jar:7.0.5]
	at org.springframework.scheduling.concurrent.ReschedulingRunnable.run(ReschedulingRunnable.java:94) ~[spring-context-7.0.5.jar:7.0.5]
	at java.base/java.util.concurrent.Executors$RunnableAdapter.call(Executors.java:572) ~[na:na]
	at java.base/java.util.concurrent.FutureTask.run$$$capture(FutureTask.java:317) ~[na:na]
	at java.base/java.util.concurrent.FutureTask.run(FutureTask.java) ~[na:na]
	at java.base/java.util.concurrent.ScheduledThreadPoolExecutor$ScheduledFutureTask.run(ScheduledThreadPoolExecutor.java:304) ~[na:na]
	at java.base/java.util.concurrent.ThreadPoolExecutor.runWorker(ThreadPoolExecutor.java:1144) ~[na:na]
	at java.base/java.util.concurrent.ThreadPoolExecutor$Worker.run(ThreadPoolExecutor.java:642) ~[na:na]
	at java.base/java.lang.Thread.run(Thread.java:1583) ~[na:na]
Caused by: org.hibernate.exception.JDBCConnectionException: Unable to acquire JDBC Connection [HikariPool-1 - Connection is not available, request timed out after 30000ms (total=0, active=0, idle=0, waiting=0)] [n/a]
	at org.hibernate.exception.internal.SQLExceptionTypeDelegate.convert(SQLExceptionTypeDelegate.java:49) ~[hibernate-core-7.2.4.Final.jar:7.2.4.Final]
	at org.hibernate.exception.internal.StandardSQLExceptionConverter.convert(StandardSQLExceptionConverter.java:34) ~[hibernate-core-7.2.4.Final.jar:7.2.4.Final]
	at org.hibernate.engine.jdbc.spi.SqlExceptionHelper.convert(SqlExceptionHelper.java:115) ~[hibernate-core-7.2.4.Final.jar:7.2.4.Final]
	at org.hibernate.engine.jdbc.spi.SqlExceptionHelper.convert(SqlExceptionHelper.java:101) ~[hibernate-core-7.2.4.Final.jar:7.2.4.Final]
	at org.hibernate.resource.jdbc.internal.LogicalConnectionManagedImpl.acquire(LogicalConnectionManagedImpl.java:190) ~[hibernate-core-7.2.4.Final.jar:7.2.4.Final]
	at org.hibernate.resource.jdbc.internal.LogicalConnectionManagedImpl.acquireConnectionIfNeeded(LogicalConnectionManagedImpl.java:87) ~[hibernate-core-7.2.4.Final.jar:7.2.4.Final]
	at org.hibernate.resource.jdbc.internal.LogicalConnectionManagedImpl.getPhysicalConnection(LogicalConnectionManagedImpl.java:126) ~[hibernate-core-7.2.4.Final.jar:7.2.4.Final]
	at org.hibernate.resource.jdbc.internal.LogicalConnectionManagedImpl.getConnectionForTransactionManagement(LogicalConnectionManagedImpl.java:277) ~[hibernate-core-7.2.4.Final.jar:7.2.4.Final]
	at org.hibernate.resource.jdbc.internal.LogicalConnectionManagedImpl.begin(LogicalConnectionManagedImpl.java:286) ~[hibernate-core-7.2.4.Final.jar:7.2.4.Final]
	at org.hibernate.resource.transaction.backend.jdbc.internal.JdbcResourceLocalTransactionCoordinatorImpl$TransactionDriverControlImpl.begin(JdbcResourceLocalTransactionCoordinatorImpl.java:226) ~[hibernate-core-7.2.4.Final.jar:7.2.4.Final]
	at org.hibernate.engine.transaction.internal.TransactionImpl.begin(TransactionImpl.java:75) ~[hibernate-core-7.2.4.Final.jar:7.2.4.Final]
	at org.springframework.orm.jpa.vendor.HibernateJpaDialect.beginTransaction(HibernateJpaDialect.java:147) ~[spring-orm-7.0.5.jar:7.0.5]
	at org.springframework.orm.jpa.JpaTransactionManager.doBegin(JpaTransactionManager.java:411) ~[spring-orm-7.0.5.jar:7.0.5]
	... 24 common frames omitted
Caused by: java.sql.SQLTransientConnectionException: HikariPool-1 - Connection is not available, request timed out after 30000ms (total=0, active=0, idle=0, waiting=0)
	at com.zaxxer.hikari.pool.HikariPool.createTimeoutException(HikariPool.java:714) ~[HikariCP-7.0.2.jar:na]
	at com.zaxxer.hikari.pool.HikariPool.getConnection(HikariPool.java:184) ~[HikariCP-7.0.2.jar:na]
	at com.zaxxer.hikari.pool.HikariPool.getConnection(HikariPool.java:142) ~[HikariCP-7.0.2.jar:na]
	at com.zaxxer.hikari.HikariDataSource.getConnection(HikariDataSource.java:127) ~[HikariCP-7.0.2.jar:na]
	at org.hibernate.engine.jdbc.connections.internal.DataSourceConnectionProvider.getConnection(DataSourceConnectionProvider.java:137) ~[hibernate-core-7.2.4.Final.jar:7.2.4.Final]
	at org.hibernate.internal.NonContextualJdbcConnectionAccess.obtainConnection(NonContextualJdbcConnectionAccess.java:47) ~[hibernate-core-7.2.4.Final.jar:7.2.4.Final]
	at org.hibernate.resource.jdbc.internal.LogicalConnectionManagedImpl.acquire(LogicalConnectionManagedImpl.java:187) ~[hibernate-core-7.2.4.Final.jar:7.2.4.Final]
	... 32 common frames omitted
Caused by: org.postgresql.util.PSQLException: Connection to localhost:5433 refused. Check that the hostname and port are correct and that the postmaster is accepting TCP/IP connections.
	at org.postgresql.core.v3.ConnectionFactoryImpl.openConnectionImpl(ConnectionFactoryImpl.java:346) ~[postgresql-42.7.3.jar:42.7.3]
	at org.postgresql.core.ConnectionFactory.openConnection(ConnectionFactory.java:54) ~[postgresql-42.7.3.jar:42.7.3]
	at org.postgresql.jdbc.PgConnection.<init>(PgConnection.java:273) ~[postgresql-42.7.3.jar:42.7.3]
	at org.postgresql.Driver.makeConnection(Driver.java:446) ~[postgresql-42.7.3.jar:42.7.3]
	at org.postgresql.Driver.connect(Driver.java:298) ~[postgresql-42.7.3.jar:42.7.3]
	at com.zaxxer.hikari.util.DriverDataSource.getConnection(DriverDataSource.java:144) ~[HikariCP-7.0.2.jar:na]
	at com.zaxxer.hikari.pool.PoolBase.newConnection(PoolBase.java:373) ~[HikariCP-7.0.2.jar:na]
	at com.zaxxer.hikari.pool.PoolBase.newPoolEntry(PoolBase.java:210) ~[HikariCP-7.0.2.jar:na]
	at com.zaxxer.hikari.pool.HikariPool.createPoolEntry(HikariPool.java:488) ~[HikariCP-7.0.2.jar:na]
	at com.zaxxer.hikari.pool.HikariPool$PoolEntryCreator.call(HikariPool.java:752) ~[HikariCP-7.0.2.jar:na]
	at com.zaxxer.hikari.pool.HikariPool$PoolEntryCreator.call(HikariPool.java:731) ~[HikariCP-7.0.2.jar:na]
	at java.base/java.util.concurrent.FutureTask.run$$$capture(FutureTask.java:317) ~[na:na]
	at java.base/java.util.concurrent.FutureTask.run(FutureTask.java) ~[na:na]
	... 3 common frames omitted
Caused by: java.net.ConnectException: Connection refused
	at java.base/sun.nio.ch.Net.pollConnect(Native Method) ~[na:na]
	at java.base/sun.nio.ch.Net.pollConnectNow(Net.java:694) ~[na:na]
	at java.base/sun.nio.ch.NioSocketImpl.timedFinishConnect(NioSocketImpl.java:549) ~[na:na]
	at java.base/sun.nio.ch.NioSocketImpl.connect(NioSocketImpl.java:592) ~[na:na]
	at java.base/java.net.SocksSocketImpl.connect(SocksSocketImpl.java:327) ~[na:na]
	at java.base/java.net.Socket.connect(Socket.java:751) ~[na:na]
	at org.postgresql.core.PGStream.createSocket(PGStream.java:243) ~[postgresql-42.7.3.jar:42.7.3]
	at org.postgresql.core.PGStream.<init>(PGStream.java:98) ~[postgresql-42.7.3.jar:42.7.3]
	at org.postgresql.core.v3.ConnectionFactoryImpl.tryConnect(ConnectionFactoryImpl.java:136) ~[postgresql-42.7.3.jar:42.7.3]
	at org.postgresql.core.v3.ConnectionFactoryImpl.openConnectionImpl(ConnectionFactoryImpl.java:262) ~[postgresql-42.7.3.jar:42.7.3]
	... 15 common frames omitted

2026-05-14T07:44:03.846+02:00  WARN 42910 --- [e-shop-backend] [HikariPool-1:connection-adder] com.zaxxer.hikari.pool.PoolBase          : HikariPool-1 - Pool is empty, failed to create/setup connection (4f1905f3-5bc4-4864-b916-45d373f45ec2)

org.postgresql.util.PSQLException: Connection to localhost:5433 refused. Check that the hostname and port are correct and that the postmaster is accepting TCP/IP connections.
	at org.postgresql.core.v3.ConnectionFactoryImpl.openConnectionImpl(ConnectionFactoryImpl.java:346) ~[postgresql-42.7.3.jar:42.7.3]
	at org.postgresql.core.ConnectionFactory.openConnection(ConnectionFactory.java:54) ~[postgresql-42.7.3.jar:42.7.3]
	at org.postgresql.jdbc.PgConnection.<init>(PgConnection.java:273) ~[postgresql-42.7.3.jar:42.7.3]
	at org.postgresql.Driver.makeConnection(Driver.java:446) ~[postgresql-42.7.3.jar:42.7.3]
	at org.postgresql.Driver.connect(Driver.java:298) ~[postgresql-42.7.3.jar:42.7.3]
	at com.zaxxer.hikari.util.DriverDataSource.getConnection(DriverDataSource.java:144) ~[HikariCP-7.0.2.jar:na]
	at com.zaxxer.hikari.pool.PoolBase.newConnection(PoolBase.java:373) ~[HikariCP-7.0.2.jar:na]
	at com.zaxxer.hikari.pool.PoolBase.newPoolEntry(PoolBase.java:210) ~[HikariCP-7.0.2.jar:na]
	at com.zaxxer.hikari.pool.HikariPool.createPoolEntry(HikariPool.java:488) ~[HikariCP-7.0.2.jar:na]
	at com.zaxxer.hikari.pool.HikariPool$PoolEntryCreator.call(HikariPool.java:752) ~[HikariCP-7.0.2.jar:na]
	at com.zaxxer.hikari.pool.HikariPool$PoolEntryCreator.call(HikariPool.java:731) ~[HikariCP-7.0.2.jar:na]
	at java.base/java.util.concurrent.FutureTask.run$$$capture(FutureTask.java:317) ~[na:na]
	at java.base/java.util.concurrent.FutureTask.run(FutureTask.java) ~[na:na]
	at java.base/java.util.concurrent.ThreadPoolExecutor.runWorker(ThreadPoolExecutor.java:1144) ~[na:na]
	at java.base/java.util.concurrent.ThreadPoolExecutor$Worker.run(ThreadPoolExecutor.java:642) ~[na:na]
	at java.base/java.lang.Thread.run(Thread.java:1583) ~[na:na]
Caused by: java.net.ConnectException: Connection refused
	at java.base/sun.nio.ch.Net.pollConnect(Native Method) ~[na:na]
	at java.base/sun.nio.ch.Net.pollConnectNow(Net.java:694) ~[na:na]
	at java.base/sun.nio.ch.NioSocketImpl.timedFinishConnect(NioSocketImpl.java:549) ~[na:na]
	at java.base/sun.nio.ch.NioSocketImpl.connect(NioSocketImpl.java:592) ~[na:na]
	at java.base/java.net.SocksSocketImpl.connect(SocksSocketImpl.java:327) ~[na:na]
	at java.base/java.net.Socket.connect(Socket.java:751) ~[na:na]
	at org.postgresql.core.PGStream.createSocket(PGStream.java:243) ~[postgresql-42.7.3.jar:42.7.3]
	at org.postgresql.core.PGStream.<init>(PGStream.java:98) ~[postgresql-42.7.3.jar:42.7.3]
	at org.postgresql.core.v3.ConnectionFactoryImpl.tryConnect(ConnectionFactoryImpl.java:136) ~[postgresql-42.7.3.jar:42.7.3]
	at org.postgresql.core.v3.ConnectionFactoryImpl.openConnectionImpl(ConnectionFactoryImpl.java:262) ~[postgresql-42.7.3.jar:42.7.3]
	... 15 common frames omitted

2026-05-14T07:44:30.002+02:00  WARN 42910 --- [e-shop-backend] [scheduling-1] org.hibernate.orm.jdbc.error             : HHH000247: ErrorCode: 0, SQLState: 08001
2026-05-14T07:44:30.003+02:00  WARN 42910 --- [e-shop-backend] [scheduling-1] org.hibernate.orm.jdbc.error             : HikariPool-1 - Connection is not available, request timed out after 30003ms (total=0, active=0, idle=0, waiting=0)
2026-05-14T07:44:30.003+02:00  WARN 42910 --- [e-shop-backend] [scheduling-1] org.hibernate.orm.jdbc.error             : HHH000247: ErrorCode: 0, SQLState: 08001
2026-05-14T07:44:30.003+02:00  WARN 42910 --- [e-shop-backend] [scheduling-1] org.hibernate.orm.jdbc.error             : HikariPool-1 - Connection is not available, request timed out after 30003ms (total=0, active=0, idle=0, waiting=0)
2026-05-14T07:44:30.003+02:00 ERROR 42910 --- [e-shop-backend] [scheduling-1] o.s.s.s.TaskUtils$LoggingErrorHandler    : Unexpected error occurred in scheduled task

org.springframework.transaction.CannotCreateTransactionException: Could not open JPA EntityManager for transaction
	at org.springframework.orm.jpa.JpaTransactionManager.doBegin(JpaTransactionManager.java:457) ~[spring-orm-7.0.5.jar:7.0.5]
	at org.springframework.transaction.support.AbstractPlatformTransactionManager.startTransaction(AbstractPlatformTransactionManager.java:532) ~[spring-tx-7.0.5.jar:7.0.5]
	at org.springframework.transaction.support.AbstractPlatformTransactionManager.getTransaction(AbstractPlatformTransactionManager.java:405) ~[spring-tx-7.0.5.jar:7.0.5]
	at org.springframework.transaction.interceptor.TransactionAspectSupport.createTransactionIfNecessary(TransactionAspectSupport.java:628) ~[spring-tx-7.0.5.jar:7.0.5]
	at org.springframework.transaction.interceptor.TransactionAspectSupport.invokeWithinTransaction(TransactionAspectSupport.java:365) ~[spring-tx-7.0.5.jar:7.0.5]
	at org.springframework.transaction.interceptor.TransactionInterceptor.invoke(TransactionInterceptor.java:130) ~[spring-tx-7.0.5.jar:7.0.5]
	at org.springframework.aop.framework.ReflectiveMethodInvocation.proceed(ReflectiveMethodInvocation.java:179) ~[spring-aop-7.0.5.jar:7.0.5]
	at org.springframework.aop.framework.CglibAopProxy$DynamicAdvisedInterceptor.intercept(CglibAopProxy.java:719) ~[spring-aop-7.0.5.jar:7.0.5]
	at com.example.emtbackendlab.jobs.MaterializedViewRefreshScheduler$$SpringCGLIB$$0.refreshBooksStatsView(<generated>) ~[classes/:na]
	at java.base/jdk.internal.reflect.DirectMethodHandleAccessor.invoke(DirectMethodHandleAccessor.java:103) ~[na:na]
	at java.base/java.lang.reflect.Method.invoke(Method.java:580) ~[na:na]
	at org.springframework.scheduling.support.ScheduledMethodRunnable.runInternal(ScheduledMethodRunnable.java:128) ~[spring-context-7.0.5.jar:7.0.5]
	at org.springframework.scheduling.support.ScheduledMethodRunnable.lambda$run$1(ScheduledMethodRunnable.java:122) ~[spring-context-7.0.5.jar:7.0.5]
	at io.micrometer.observation.Observation.observe(Observation.java:564) ~[micrometer-observation-1.16.3.jar:1.16.3]
	at org.springframework.scheduling.support.ScheduledMethodRunnable.run(ScheduledMethodRunnable.java:122) ~[spring-context-7.0.5.jar:7.0.5]
	at org.springframework.scheduling.config.Task$OutcomeTrackingRunnable.run(Task.java:88) ~[spring-context-7.0.5.jar:7.0.5]
	at org.springframework.scheduling.support.DelegatingErrorHandlingRunnable.run(DelegatingErrorHandlingRunnable.java:54) ~[spring-context-7.0.5.jar:7.0.5]
	at org.springframework.scheduling.concurrent.ReschedulingRunnable.run(ReschedulingRunnable.java:94) ~[spring-context-7.0.5.jar:7.0.5]
	at java.base/java.util.concurrent.Executors$RunnableAdapter.call(Executors.java:572) ~[na:na]
	at java.base/java.util.concurrent.FutureTask.run$$$capture(FutureTask.java:317) ~[na:na]
	at java.base/java.util.concurrent.FutureTask.run(FutureTask.java) ~[na:na]
	at java.base/java.util.concurrent.ScheduledThreadPoolExecutor$ScheduledFutureTask.run(ScheduledThreadPoolExecutor.java:304) ~[na:na]
	at java.base/java.util.concurrent.ThreadPoolExecutor.runWorker(ThreadPoolExecutor.java:1144) ~[na:na]
	at java.base/java.util.concurrent.ThreadPoolExecutor$Worker.run(ThreadPoolExecutor.java:642) ~[na:na]
	at java.base/java.lang.Thread.run(Thread.java:1583) ~[na:na]
Caused by: org.hibernate.exception.JDBCConnectionException: Unable to acquire JDBC Connection [HikariPool-1 - Connection is not available, request timed out after 30003ms (total=0, active=0, idle=0, waiting=0)] [n/a]
	at org.hibernate.exception.internal.SQLExceptionTypeDelegate.convert(SQLExceptionTypeDelegate.java:49) ~[hibernate-core-7.2.4.Final.jar:7.2.4.Final]
	at org.hibernate.exception.internal.StandardSQLExceptionConverter.convert(StandardSQLExceptionConverter.java:34) ~[hibernate-core-7.2.4.Final.jar:7.2.4.Final]
	at org.hibernate.engine.jdbc.spi.SqlExceptionHelper.convert(SqlExceptionHelper.java:115) ~[hibernate-core-7.2.4.Final.jar:7.2.4.Final]
	at org.hibernate.engine.jdbc.spi.SqlExceptionHelper.convert(SqlExceptionHelper.java:101) ~[hibernate-core-7.2.4.Final.jar:7.2.4.Final]
	at org.hibernate.resource.jdbc.internal.LogicalConnectionManagedImpl.acquire(LogicalConnectionManagedImpl.java:190) ~[hibernate-core-7.2.4.Final.jar:7.2.4.Final]
	at org.hibernate.resource.jdbc.internal.LogicalConnectionManagedImpl.acquireConnectionIfNeeded(LogicalConnectionManagedImpl.java:87) ~[hibernate-core-7.2.4.Final.jar:7.2.4.Final]
	at org.hibernate.resource.jdbc.internal.LogicalConnectionManagedImpl.getPhysicalConnection(LogicalConnectionManagedImpl.java:126) ~[hibernate-core-7.2.4.Final.jar:7.2.4.Final]
	at org.hibernate.resource.jdbc.internal.LogicalConnectionManagedImpl.getConnectionForTransactionManagement(LogicalConnectionManagedImpl.java:277) ~[hibernate-core-7.2.4.Final.jar:7.2.4.Final]
	at org.hibernate.resource.jdbc.internal.LogicalConnectionManagedImpl.begin(LogicalConnectionManagedImpl.java:286) ~[hibernate-core-7.2.4.Final.jar:7.2.4.Final]
	at org.hibernate.resource.transaction.backend.jdbc.internal.JdbcResourceLocalTransactionCoordinatorImpl$TransactionDriverControlImpl.begin(JdbcResourceLocalTransactionCoordinatorImpl.java:226) ~[hibernate-core-7.2.4.Final.jar:7.2.4.Final]
	at org.hibernate.engine.transaction.internal.TransactionImpl.begin(TransactionImpl.java:75) ~[hibernate-core-7.2.4.Final.jar:7.2.4.Final]
	at org.springframework.orm.jpa.vendor.HibernateJpaDialect.beginTransaction(HibernateJpaDialect.java:147) ~[spring-orm-7.0.5.jar:7.0.5]
	at org.springframework.orm.jpa.JpaTransactionManager.doBegin(JpaTransactionManager.java:411) ~[spring-orm-7.0.5.jar:7.0.5]
	... 24 common frames omitted
Caused by: java.sql.SQLTransientConnectionException: HikariPool-1 - Connection is not available, request timed out after 30003ms (total=0, active=0, idle=0, waiting=0)
	at com.zaxxer.hikari.pool.HikariPool.createTimeoutException(HikariPool.java:714) ~[HikariCP-7.0.2.jar:na]
	at com.zaxxer.hikari.pool.HikariPool.getConnection(HikariPool.java:184) ~[HikariCP-7.0.2.jar:na]
	at com.zaxxer.hikari.pool.HikariPool.getConnection(HikariPool.java:142) ~[HikariCP-7.0.2.jar:na]
	at com.zaxxer.hikari.HikariDataSource.getConnection(HikariDataSource.java:127) ~[HikariCP-7.0.2.jar:na]
	at org.hibernate.engine.jdbc.connections.internal.DataSourceConnectionProvider.getConnection(DataSourceConnectionProvider.java:137) ~[hibernate-core-7.2.4.Final.jar:7.2.4.Final]
	at org.hibernate.internal.NonContextualJdbcConnectionAccess.obtainConnection(NonContextualJdbcConnectionAccess.java:47) ~[hibernate-core-7.2.4.Final.jar:7.2.4.Final]
	at org.hibernate.resource.jdbc.internal.LogicalConnectionManagedImpl.acquire(LogicalConnectionManagedImpl.java:187) ~[hibernate-core-7.2.4.Final.jar:7.2.4.Final]
	... 32 common frames omitted
Caused by: org.postgresql.util.PSQLException: Connection to localhost:5433 refused. Check that the hostname and port are correct and that the postmaster is accepting TCP/IP connections.
	at org.postgresql.core.v3.ConnectionFactoryImpl.openConnectionImpl(ConnectionFactoryImpl.java:346) ~[postgresql-42.7.3.jar:42.7.3]
	at org.postgresql.core.ConnectionFactory.openConnection(ConnectionFactory.java:54) ~[postgresql-42.7.3.jar:42.7.3]
	at org.postgresql.jdbc.PgConnection.<init>(PgConnection.java:273) ~[postgresql-42.7.3.jar:42.7.3]
	at org.postgresql.Driver.makeConnection(Driver.java:446) ~[postgresql-42.7.3.jar:42.7.3]
	at org.postgresql.Driver.connect(Driver.java:298) ~[postgresql-42.7.3.jar:42.7.3]
	at com.zaxxer.hikari.util.DriverDataSource.getConnection(DriverDataSource.java:144) ~[HikariCP-7.0.2.jar:na]
	at com.zaxxer.hikari.pool.PoolBase.newConnection(PoolBase.java:373) ~[HikariCP-7.0.2.jar:na]
	at com.zaxxer.hikari.pool.PoolBase.newPoolEntry(PoolBase.java:210) ~[HikariCP-7.0.2.jar:na]
	at com.zaxxer.hikari.pool.HikariPool.createPoolEntry(HikariPool.java:488) ~[HikariCP-7.0.2.jar:na]
	at com.zaxxer.hikari.pool.HikariPool$PoolEntryCreator.call(HikariPool.java:752) ~[HikariCP-7.0.2.jar:na]
	at com.zaxxer.hikari.pool.HikariPool$PoolEntryCreator.call(HikariPool.java:731) ~[HikariCP-7.0.2.jar:na]
	at java.base/java.util.concurrent.FutureTask.run$$$capture(FutureTask.java:317) ~[na:na]
	at java.base/java.util.concurrent.FutureTask.run(FutureTask.java) ~[na:na]
	... 3 common frames omitted
Caused by: java.net.ConnectException: Connection refused
	at java.base/sun.nio.ch.Net.pollConnect(Native Method) ~[na:na]
	at java.base/sun.nio.ch.Net.pollConnectNow(Net.java:694) ~[na:na]
	at java.base/sun.nio.ch.NioSocketImpl.timedFinishConnect(NioSocketImpl.java:549) ~[na:na]
	at java.base/sun.nio.ch.NioSocketImpl.connect(NioSocketImpl.java:592) ~[na:na]
	at java.base/java.net.SocksSocketImpl.connect(SocksSocketImpl.java:327) ~[na:na]
	at java.base/java.net.Socket.connect(Socket.java:751) ~[na:na]
	at org.postgresql.core.PGStream.createSocket(PGStream.java:243) ~[postgresql-42.7.3.jar:42.7.3]
	at org.postgresql.core.PGStream.<init>(PGStream.java:98) ~[postgresql-42.7.3.jar:42.7.3]
	at org.postgresql.core.v3.ConnectionFactoryImpl.tryConnect(ConnectionFactoryImpl.java:136) ~[postgresql-42.7.3.jar:42.7.3]
	at org.postgresql.core.v3.ConnectionFactoryImpl.openConnectionImpl(ConnectionFactoryImpl.java:262) ~[postgresql-42.7.3.jar:42.7.3]
	... 15 common frames omitted

2026-05-14T07:45:08.916+02:00  WARN 42910 --- [e-shop-backend] [HikariPool-1:connection-adder] com.zaxxer.hikari.pool.PoolBase          : HikariPool-1 - Pool is empty, failed to create/setup connection (b61f933d-3149-4b79-ba57-77155f815f34)

org.postgresql.util.PSQLException: Connection to localhost:5433 refused. Check that the hostname and port are correct and that the postmaster is accepting TCP/IP connections.
	at org.postgresql.core.v3.ConnectionFactoryImpl.openConnectionImpl(ConnectionFactoryImpl.java:346) ~[postgresql-42.7.3.jar:42.7.3]
	at org.postgresql.core.ConnectionFactory.openConnection(ConnectionFactory.java:54) ~[postgresql-42.7.3.jar:42.7.3]
	at org.postgresql.jdbc.PgConnection.<init>(PgConnection.java:273) ~[postgresql-42.7.3.jar:42.7.3]
	at org.postgresql.Driver.makeConnection(Driver.java:446) ~[postgresql-42.7.3.jar:42.7.3]
	at org.postgresql.Driver.connect(Driver.java:298) ~[postgresql-42.7.3.jar:42.7.3]
	at com.zaxxer.hikari.util.DriverDataSource.getConnection(DriverDataSource.java:144) ~[HikariCP-7.0.2.jar:na]
	at com.zaxxer.hikari.pool.PoolBase.newConnection(PoolBase.java:373) ~[HikariCP-7.0.2.jar:na]
	at com.zaxxer.hikari.pool.PoolBase.newPoolEntry(PoolBase.java:210) ~[HikariCP-7.0.2.jar:na]
	at com.zaxxer.hikari.pool.HikariPool.createPoolEntry(HikariPool.java:488) ~[HikariCP-7.0.2.jar:na]
	at com.zaxxer.hikari.pool.HikariPool$PoolEntryCreator.call(HikariPool.java:752) ~[HikariCP-7.0.2.jar:na]
	at com.zaxxer.hikari.pool.HikariPool$PoolEntryCreator.call(HikariPool.java:731) ~[HikariCP-7.0.2.jar:na]
	at java.base/java.util.concurrent.FutureTask.run$$$capture(FutureTask.java:317) ~[na:na]
	at java.base/java.util.concurrent.FutureTask.run(FutureTask.java) ~[na:na]
	at java.base/java.util.concurrent.ThreadPoolExecutor.runWorker(ThreadPoolExecutor.java:1144) ~[na:na]
	at java.base/java.util.concurrent.ThreadPoolExecutor$Worker.run(ThreadPoolExecutor.java:642) ~[na:na]
	at java.base/java.lang.Thread.run(Thread.java:1583) ~[na:na]
Caused by: java.net.ConnectException: Connection refused
	at java.base/sun.nio.ch.Net.pollConnect(Native Method) ~[na:na]
	at java.base/sun.nio.ch.Net.pollConnectNow(Net.java:694) ~[na:na]
	at java.base/sun.nio.ch.NioSocketImpl.timedFinishConnect(NioSocketImpl.java:549) ~[na:na]
	at java.base/sun.nio.ch.NioSocketImpl.connect(NioSocketImpl.java:592) ~[na:na]
	at java.base/java.net.SocksSocketImpl.connect(SocksSocketImpl.java:327) ~[na:na]
	at java.base/java.net.Socket.connect(Socket.java:751) ~[na:na]
	at org.postgresql.core.PGStream.createSocket(PGStream.java:243) ~[postgresql-42.7.3.jar:42.7.3]
	at org.postgresql.core.PGStream.<init>(PGStream.java:98) ~[postgresql-42.7.3.jar:42.7.3]
	at org.postgresql.core.v3.ConnectionFactoryImpl.tryConnect(ConnectionFactoryImpl.java:136) ~[postgresql-42.7.3.jar:42.7.3]
	at org.postgresql.core.v3.ConnectionFactoryImpl.openConnectionImpl(ConnectionFactoryImpl.java:262) ~[postgresql-42.7.3.jar:42.7.3]
	... 15 common frames omitted

2026-05-14T07:45:30.002+02:00  WARN 42910 --- [e-shop-backend] [scheduling-1] org.hibernate.orm.jdbc.error             : HHH000247: ErrorCode: 0, SQLState: 08001
2026-05-14T07:45:30.003+02:00  WARN 42910 --- [e-shop-backend] [scheduling-1] org.hibernate.orm.jdbc.error             : HikariPool-1 - Connection is not available, request timed out after 30003ms (total=0, active=0, idle=0, waiting=0)
2026-05-14T07:45:30.003+02:00  WARN 42910 --- [e-shop-backend] [scheduling-1] org.hibernate.orm.jdbc.error             : HHH000247: ErrorCode: 0, SQLState: 08001
2026-05-14T07:45:30.003+02:00  WARN 42910 --- [e-shop-backend] [scheduling-1] org.hibernate.orm.jdbc.error             : HikariPool-1 - Connection is not available, request timed out after 30003ms (total=0, active=0, idle=0, waiting=0)
2026-05-14T07:45:30.004+02:00 ERROR 42910 --- [e-shop-backend] [scheduling-1] o.s.s.s.TaskUtils$LoggingErrorHandler    : Unexpected error occurred in scheduled task

org.springframework.transaction.CannotCreateTransactionException: Could not open JPA EntityManager for transaction
	at org.springframework.orm.jpa.JpaTransactionManager.doBegin(JpaTransactionManager.java:457) ~[spring-orm-7.0.5.jar:7.0.5]
	at org.springframework.transaction.support.AbstractPlatformTransactionManager.startTransaction(AbstractPlatformTransactionManager.java:532) ~[spring-tx-7.0.5.jar:7.0.5]
	at org.springframework.transaction.support.AbstractPlatformTransactionManager.getTransaction(AbstractPlatformTransactionManager.java:405) ~[spring-tx-7.0.5.jar:7.0.5]
	at org.springframework.transaction.interceptor.TransactionAspectSupport.createTransactionIfNecessary(TransactionAspectSupport.java:628) ~[spring-tx-7.0.5.jar:7.0.5]
	at org.springframework.transaction.interceptor.TransactionAspectSupport.invokeWithinTransaction(TransactionAspectSupport.java:365) ~[spring-tx-7.0.5.jar:7.0.5]
	at org.springframework.transaction.interceptor.TransactionInterceptor.invoke(TransactionInterceptor.java:130) ~[spring-tx-7.0.5.jar:7.0.5]
	at org.springframework.aop.framework.ReflectiveMethodInvocation.proceed(ReflectiveMethodInvocation.java:179) ~[spring-aop-7.0.5.jar:7.0.5]
	at org.springframework.aop.framework.CglibAopProxy$DynamicAdvisedInterceptor.intercept(CglibAopProxy.java:719) ~[spring-aop-7.0.5.jar:7.0.5]
	at com.example.emtbackendlab.jobs.MaterializedViewRefreshScheduler$$SpringCGLIB$$0.refreshBooksStatsView(<generated>) ~[classes/:na]
	at java.base/jdk.internal.reflect.DirectMethodHandleAccessor.invoke(DirectMethodHandleAccessor.java:103) ~[na:na]
	at java.base/java.lang.reflect.Method.invoke(Method.java:580) ~[na:na]
	at org.springframework.scheduling.support.ScheduledMethodRunnable.runInternal(ScheduledMethodRunnable.java:128) ~[spring-context-7.0.5.jar:7.0.5]
	at org.springframework.scheduling.support.ScheduledMethodRunnable.lambda$run$1(ScheduledMethodRunnable.java:122) ~[spring-context-7.0.5.jar:7.0.5]
	at io.micrometer.observation.Observation.observe(Observation.java:564) ~[micrometer-observation-1.16.3.jar:1.16.3]
	at org.springframework.scheduling.support.ScheduledMethodRunnable.run(ScheduledMethodRunnable.java:122) ~[spring-context-7.0.5.jar:7.0.5]
	at org.springframework.scheduling.config.Task$OutcomeTrackingRunnable.run(Task.java:88) ~[spring-context-7.0.5.jar:7.0.5]
	at org.springframework.scheduling.support.DelegatingErrorHandlingRunnable.run(DelegatingErrorHandlingRunnable.java:54) ~[spring-context-7.0.5.jar:7.0.5]
	at org.springframework.scheduling.concurrent.ReschedulingRunnable.run(ReschedulingRunnable.java:94) ~[spring-context-7.0.5.jar:7.0.5]
	at java.base/java.util.concurrent.Executors$RunnableAdapter.call(Executors.java:572) ~[na:na]
	at java.base/java.util.concurrent.FutureTask.run$$$capture(FutureTask.java:317) ~[na:na]
	at java.base/java.util.concurrent.FutureTask.run(FutureTask.java) ~[na:na]
	at java.base/java.util.concurrent.ScheduledThreadPoolExecutor$ScheduledFutureTask.run(ScheduledThreadPoolExecutor.java:304) ~[na:na]
	at java.base/java.util.concurrent.ThreadPoolExecutor.runWorker(ThreadPoolExecutor.java:1144) ~[na:na]
	at java.base/java.util.concurrent.ThreadPoolExecutor$Worker.run(ThreadPoolExecutor.java:642) ~[na:na]
	at java.base/java.lang.Thread.run(Thread.java:1583) ~[na:na]
Caused by: org.hibernate.exception.JDBCConnectionException: Unable to acquire JDBC Connection [HikariPool-1 - Connection is not available, request timed out after 30003ms (total=0, active=0, idle=0, waiting=0)] [n/a]
	at org.hibernate.exception.internal.SQLExceptionTypeDelegate.convert(SQLExceptionTypeDelegate.java:49) ~[hibernate-core-7.2.4.Final.jar:7.2.4.Final]
	at org.hibernate.exception.internal.StandardSQLExceptionConverter.convert(StandardSQLExceptionConverter.java:34) ~[hibernate-core-7.2.4.Final.jar:7.2.4.Final]
	at org.hibernate.engine.jdbc.spi.SqlExceptionHelper.convert(SqlExceptionHelper.java:115) ~[hibernate-core-7.2.4.Final.jar:7.2.4.Final]
	at org.hibernate.engine.jdbc.spi.SqlExceptionHelper.convert(SqlExceptionHelper.java:101) ~[hibernate-core-7.2.4.Final.jar:7.2.4.Final]
	at org.hibernate.resource.jdbc.internal.LogicalConnectionManagedImpl.acquire(LogicalConnectionManagedImpl.java:190) ~[hibernate-core-7.2.4.Final.jar:7.2.4.Final]
	at org.hibernate.resource.jdbc.internal.LogicalConnectionManagedImpl.acquireConnectionIfNeeded(LogicalConnectionManagedImpl.java:87) ~[hibernate-core-7.2.4.Final.jar:7.2.4.Final]
	at org.hibernate.resource.jdbc.internal.LogicalConnectionManagedImpl.getPhysicalConnection(LogicalConnectionManagedImpl.java:126) ~[hibernate-core-7.2.4.Final.jar:7.2.4.Final]
	at org.hibernate.resource.jdbc.internal.LogicalConnectionManagedImpl.getConnectionForTransactionManagement(LogicalConnectionManagedImpl.java:277) ~[hibernate-core-7.2.4.Final.jar:7.2.4.Final]
	at org.hibernate.resource.jdbc.internal.LogicalConnectionManagedImpl.begin(LogicalConnectionManagedImpl.java:286) ~[hibernate-core-7.2.4.Final.jar:7.2.4.Final]
	at org.hibernate.resource.transaction.backend.jdbc.internal.JdbcResourceLocalTransactionCoordinatorImpl$TransactionDriverControlImpl.begin(JdbcResourceLocalTransactionCoordinatorImpl.java:226) ~[hibernate-core-7.2.4.Final.jar:7.2.4.Final]
	at org.hibernate.engine.transaction.internal.TransactionImpl.begin(TransactionImpl.java:75) ~[hibernate-core-7.2.4.Final.jar:7.2.4.Final]
	at org.springframework.orm.jpa.vendor.HibernateJpaDialect.beginTransaction(HibernateJpaDialect.java:147) ~[spring-orm-7.0.5.jar:7.0.5]
	at org.springframework.orm.jpa.JpaTransactionManager.doBegin(JpaTransactionManager.java:411) ~[spring-orm-7.0.5.jar:7.0.5]
	... 24 common frames omitted
Caused by: java.sql.SQLTransientConnectionException: HikariPool-1 - Connection is not available, request timed out after 30003ms (total=0, active=0, idle=0, waiting=0)
	at com.zaxxer.hikari.pool.HikariPool.createTimeoutException(HikariPool.java:714) ~[HikariCP-7.0.2.jar:na]
	at com.zaxxer.hikari.pool.HikariPool.getConnection(HikariPool.java:184) ~[HikariCP-7.0.2.jar:na]
	at com.zaxxer.hikari.pool.HikariPool.getConnection(HikariPool.java:142) ~[HikariCP-7.0.2.jar:na]
	at com.zaxxer.hikari.HikariDataSource.getConnection(HikariDataSource.java:127) ~[HikariCP-7.0.2.jar:na]
	at org.hibernate.engine.jdbc.connections.internal.DataSourceConnectionProvider.getConnection(DataSourceConnectionProvider.java:137) ~[hibernate-core-7.2.4.Final.jar:7.2.4.Final]
	at org.hibernate.internal.NonContextualJdbcConnectionAccess.obtainConnection(NonContextualJdbcConnectionAccess.java:47) ~[hibernate-core-7.2.4.Final.jar:7.2.4.Final]
	at org.hibernate.resource.jdbc.internal.LogicalConnectionManagedImpl.acquire(LogicalConnectionManagedImpl.java:187) ~[hibernate-core-7.2.4.Final.jar:7.2.4.Final]
	... 32 common frames omitted
Caused by: org.postgresql.util.PSQLException: Connection to localhost:5433 refused. Check that the hostname and port are correct and that the postmaster is accepting TCP/IP connections.
	at org.postgresql.core.v3.ConnectionFactoryImpl.openConnectionImpl(ConnectionFactoryImpl.java:346) ~[postgresql-42.7.3.jar:42.7.3]
	at org.postgresql.core.ConnectionFactory.openConnection(ConnectionFactory.java:54) ~[postgresql-42.7.3.jar:42.7.3]
	at org.postgresql.jdbc.PgConnection.<init>(PgConnection.java:273) ~[postgresql-42.7.3.jar:42.7.3]
	at org.postgresql.Driver.makeConnection(Driver.java:446) ~[postgresql-42.7.3.jar:42.7.3]
	at org.postgresql.Driver.connect(Driver.java:298) ~[postgresql-42.7.3.jar:42.7.3]
	at com.zaxxer.hikari.util.DriverDataSource.getConnection(DriverDataSource.java:144) ~[HikariCP-7.0.2.jar:na]
	at com.zaxxer.hikari.pool.PoolBase.newConnection(PoolBase.java:373) ~[HikariCP-7.0.2.jar:na]
	at com.zaxxer.hikari.pool.PoolBase.newPoolEntry(PoolBase.java:210) ~[HikariCP-7.0.2.jar:na]
	at com.zaxxer.hikari.pool.HikariPool.createPoolEntry(HikariPool.java:488) ~[HikariCP-7.0.2.jar:na]
	at com.zaxxer.hikari.pool.HikariPool$PoolEntryCreator.call(HikariPool.java:752) ~[HikariCP-7.0.2.jar:na]
	at com.zaxxer.hikari.pool.HikariPool$PoolEntryCreator.call(HikariPool.java:731) ~[HikariCP-7.0.2.jar:na]
	at java.base/java.util.concurrent.FutureTask.run$$$capture(FutureTask.java:317) ~[na:na]
	at java.base/java.util.concurrent.FutureTask.run(FutureTask.java) ~[na:na]
	... 3 common frames omitted
Caused by: java.net.ConnectException: Connection refused
	at java.base/sun.nio.ch.Net.pollConnect(Native Method) ~[na:na]
	at java.base/sun.nio.ch.Net.pollConnectNow(Net.java:694) ~[na:na]
	at java.base/sun.nio.ch.NioSocketImpl.timedFinishConnect(NioSocketImpl.java:549) ~[na:na]
	at java.base/sun.nio.ch.NioSocketImpl.connect(NioSocketImpl.java:592) ~[na:na]
	at java.base/java.net.SocksSocketImpl.connect(SocksSocketImpl.java:327) ~[na:na]
	at java.base/java.net.Socket.connect(Socket.java:751) ~[na:na]
	at org.postgresql.core.PGStream.createSocket(PGStream.java:243) ~[postgresql-42.7.3.jar:42.7.3]
	at org.postgresql.core.PGStream.<init>(PGStream.java:98) ~[postgresql-42.7.3.jar:42.7.3]
	at org.postgresql.core.v3.ConnectionFactoryImpl.tryConnect(ConnectionFactoryImpl.java:136) ~[postgresql-42.7.3.jar:42.7.3]
	at org.postgresql.core.v3.ConnectionFactoryImpl.openConnectionImpl(ConnectionFactoryImpl.java:262) ~[postgresql-42.7.3.jar:42.7.3]
	... 15 common frames omitted

2026-05-14T07:46:13.972+02:00  WARN 42910 --- [e-shop-backend] [HikariPool-1:connection-adder] com.zaxxer.hikari.pool.PoolBase          : HikariPool-1 - Pool is empty, failed to create/setup connection (b416ad56-019c-41f8-91bd-20e354a5b2c7)

org.postgresql.util.PSQLException: Connection to localhost:5433 refused. Check that the hostname and port are correct and that the postmaster is accepting TCP/IP connections.
	at org.postgresql.core.v3.ConnectionFactoryImpl.openConnectionImpl(ConnectionFactoryImpl.java:346) ~[postgresql-42.7.3.jar:42.7.3]
	at org.postgresql.core.ConnectionFactory.openConnection(ConnectionFactory.java:54) ~[postgresql-42.7.3.jar:42.7.3]
	at org.postgresql.jdbc.PgConnection.<init>(PgConnection.java:273) ~[postgresql-42.7.3.jar:42.7.3]
	at org.postgresql.Driver.makeConnection(Driver.java:446) ~[postgresql-42.7.3.jar:42.7.3]
	at org.postgresql.Driver.connect(Driver.java:298) ~[postgresql-42.7.3.jar:42.7.3]
	at com.zaxxer.hikari.util.DriverDataSource.getConnection(DriverDataSource.java:144) ~[HikariCP-7.0.2.jar:na]
	at com.zaxxer.hikari.pool.PoolBase.newConnection(PoolBase.java:373) ~[HikariCP-7.0.2.jar:na]
	at com.zaxxer.hikari.pool.PoolBase.newPoolEntry(PoolBase.java:210) ~[HikariCP-7.0.2.jar:na]
	at com.zaxxer.hikari.pool.HikariPool.createPoolEntry(HikariPool.java:488) ~[HikariCP-7.0.2.jar:na]
	at com.zaxxer.hikari.pool.HikariPool$PoolEntryCreator.call(HikariPool.java:752) ~[HikariCP-7.0.2.jar:na]
	at com.zaxxer.hikari.pool.HikariPool$PoolEntryCreator.call(HikariPool.java:731) ~[HikariCP-7.0.2.jar:na]
	at java.base/java.util.concurrent.FutureTask.run$$$capture(FutureTask.java:317) ~[na:na]
	at java.base/java.util.concurrent.FutureTask.run(FutureTask.java) ~[na:na]
	at java.base/java.util.concurrent.ThreadPoolExecutor.runWorker(ThreadPoolExecutor.java:1144) ~[na:na]
	at java.base/java.util.concurrent.ThreadPoolExecutor$Worker.run(ThreadPoolExecutor.java:642) ~[na:na]
	at java.base/java.lang.Thread.run(Thread.java:1583) ~[na:na]
Caused by: java.net.ConnectException: Connection refused
	at java.base/sun.nio.ch.Net.pollConnect(Native Method) ~[na:na]
	at java.base/sun.nio.ch.Net.pollConnectNow(Net.java:694) ~[na:na]
	at java.base/sun.nio.ch.NioSocketImpl.timedFinishConnect(NioSocketImpl.java:549) ~[na:na]
	at java.base/sun.nio.ch.NioSocketImpl.connect(NioSocketImpl.java:592) ~[na:na]
	at java.base/java.net.SocksSocketImpl.connect(SocksSocketImpl.java:327) ~[na:na]
	at java.base/java.net.Socket.connect(Socket.java:751) ~[na:na]
	at org.postgresql.core.PGStream.createSocket(PGStream.java:243) ~[postgresql-42.7.3.jar:42.7.3]
	at org.postgresql.core.PGStream.<init>(PGStream.java:98) ~[postgresql-42.7.3.jar:42.7.3]
	at org.postgresql.core.v3.ConnectionFactoryImpl.tryConnect(ConnectionFactoryImpl.java:136) ~[postgresql-42.7.3.jar:42.7.3]
	at org.postgresql.core.v3.ConnectionFactoryImpl.openConnectionImpl(ConnectionFactoryImpl.java:262) ~[postgresql-42.7.3.jar:42.7.3]
	... 15 common frames omitted

2026-05-14T07:46:30.007+02:00  WARN 42910 --- [e-shop-backend] [scheduling-1] org.hibernate.orm.jdbc.error             : HHH000247: ErrorCode: 0, SQLState: 08001
2026-05-14T07:46:30.007+02:00  WARN 42910 --- [e-shop-backend] [scheduling-1] org.hibernate.orm.jdbc.error             : HikariPool-1 - Connection is not available, request timed out after 30004ms (total=0, active=0, idle=0, waiting=0)
2026-05-14T07:46:30.007+02:00  WARN 42910 --- [e-shop-backend] [scheduling-1] org.hibernate.orm.jdbc.error             : HHH000247: ErrorCode: 0, SQLState: 08001
2026-05-14T07:46:30.007+02:00  WARN 42910 --- [e-shop-backend] [scheduling-1] org.hibernate.orm.jdbc.error             : HikariPool-1 - Connection is not available, request timed out after 30004ms (total=0, active=0, idle=0, waiting=0)
2026-05-14T07:46:30.008+02:00 ERROR 42910 --- [e-shop-backend] [scheduling-1] o.s.s.s.TaskUtils$LoggingErrorHandler    : Unexpected error occurred in scheduled task

org.springframework.transaction.CannotCreateTransactionException: Could not open JPA EntityManager for transaction
	at org.springframework.orm.jpa.JpaTransactionManager.doBegin(JpaTransactionManager.java:457) ~[spring-orm-7.0.5.jar:7.0.5]
	at org.springframework.transaction.support.AbstractPlatformTransactionManager.startTransaction(AbstractPlatformTransactionManager.java:532) ~[spring-tx-7.0.5.jar:7.0.5]
	at org.springframework.transaction.support.AbstractPlatformTransactionManager.getTransaction(AbstractPlatformTransactionManager.java:405) ~[spring-tx-7.0.5.jar:7.0.5]
	at org.springframework.transaction.interceptor.TransactionAspectSupport.createTransactionIfNecessary(TransactionAspectSupport.java:628) ~[spring-tx-7.0.5.jar:7.0.5]
	at org.springframework.transaction.interceptor.TransactionAspectSupport.invokeWithinTransaction(TransactionAspectSupport.java:365) ~[spring-tx-7.0.5.jar:7.0.5]
	at org.springframework.transaction.interceptor.TransactionInterceptor.invoke(TransactionInterceptor.java:130) ~[spring-tx-7.0.5.jar:7.0.5]
	at org.springframework.aop.framework.ReflectiveMethodInvocation.proceed(ReflectiveMethodInvocation.java:179) ~[spring-aop-7.0.5.jar:7.0.5]
	at org.springframework.aop.framework.CglibAopProxy$DynamicAdvisedInterceptor.intercept(CglibAopProxy.java:719) ~[spring-aop-7.0.5.jar:7.0.5]
	at com.example.emtbackendlab.jobs.MaterializedViewRefreshScheduler$$SpringCGLIB$$0.refreshBooksStatsView(<generated>) ~[classes/:na]
	at java.base/jdk.internal.reflect.DirectMethodHandleAccessor.invoke(DirectMethodHandleAccessor.java:103) ~[na:na]
	at java.base/java.lang.reflect.Method.invoke(Method.java:580) ~[na:na]
	at org.springframework.scheduling.support.ScheduledMethodRunnable.runInternal(ScheduledMethodRunnable.java:128) ~[spring-context-7.0.5.jar:7.0.5]
	at org.springframework.scheduling.support.ScheduledMethodRunnable.lambda$run$1(ScheduledMethodRunnable.java:122) ~[spring-context-7.0.5.jar:7.0.5]
	at io.micrometer.observation.Observation.observe(Observation.java:564) ~[micrometer-observation-1.16.3.jar:1.16.3]
	at org.springframework.scheduling.support.ScheduledMethodRunnable.run(ScheduledMethodRunnable.java:122) ~[spring-context-7.0.5.jar:7.0.5]
	at org.springframework.scheduling.config.Task$OutcomeTrackingRunnable.run(Task.java:88) ~[spring-context-7.0.5.jar:7.0.5]
	at org.springframework.scheduling.support.DelegatingErrorHandlingRunnable.run(DelegatingErrorHandlingRunnable.java:54) ~[spring-context-7.0.5.jar:7.0.5]
	at org.springframework.scheduling.concurrent.ReschedulingRunnable.run(ReschedulingRunnable.java:94) ~[spring-context-7.0.5.jar:7.0.5]
	at java.base/java.util.concurrent.Executors$RunnableAdapter.call(Executors.java:572) ~[na:na]
	at java.base/java.util.concurrent.FutureTask.run$$$capture(FutureTask.java:317) ~[na:na]
	at java.base/java.util.concurrent.FutureTask.run(FutureTask.java) ~[na:na]
	at java.base/java.util.concurrent.ScheduledThreadPoolExecutor$ScheduledFutureTask.run(ScheduledThreadPoolExecutor.java:304) ~[na:na]
	at java.base/java.util.concurrent.ThreadPoolExecutor.runWorker(ThreadPoolExecutor.java:1144) ~[na:na]
	at java.base/java.util.concurrent.ThreadPoolExecutor$Worker.run(ThreadPoolExecutor.java:642) ~[na:na]
	at java.base/java.lang.Thread.run(Thread.java:1583) ~[na:na]
Caused by: org.hibernate.exception.JDBCConnectionException: Unable to acquire JDBC Connection [HikariPool-1 - Connection is not available, request timed out after 30004ms (total=0, active=0, idle=0, waiting=0)] [n/a]
	at org.hibernate.exception.internal.SQLExceptionTypeDelegate.convert(SQLExceptionTypeDelegate.java:49) ~[hibernate-core-7.2.4.Final.jar:7.2.4.Final]
	at org.hibernate.exception.internal.StandardSQLExceptionConverter.convert(StandardSQLExceptionConverter.java:34) ~[hibernate-core-7.2.4.Final.jar:7.2.4.Final]
	at org.hibernate.engine.jdbc.spi.SqlExceptionHelper.convert(SqlExceptionHelper.java:115) ~[hibernate-core-7.2.4.Final.jar:7.2.4.Final]
	at org.hibernate.engine.jdbc.spi.SqlExceptionHelper.convert(SqlExceptionHelper.java:101) ~[hibernate-core-7.2.4.Final.jar:7.2.4.Final]
	at org.hibernate.resource.jdbc.internal.LogicalConnectionManagedImpl.acquire(LogicalConnectionManagedImpl.java:190) ~[hibernate-core-7.2.4.Final.jar:7.2.4.Final]
	at org.hibernate.resource.jdbc.internal.LogicalConnectionManagedImpl.acquireConnectionIfNeeded(LogicalConnectionManagedImpl.java:87) ~[hibernate-core-7.2.4.Final.jar:7.2.4.Final]
	at org.hibernate.resource.jdbc.internal.LogicalConnectionManagedImpl.getPhysicalConnection(LogicalConnectionManagedImpl.java:126) ~[hibernate-core-7.2.4.Final.jar:7.2.4.Final]
	at org.hibernate.resource.jdbc.internal.LogicalConnectionManagedImpl.getConnectionForTransactionManagement(LogicalConnectionManagedImpl.java:277) ~[hibernate-core-7.2.4.Final.jar:7.2.4.Final]
	at org.hibernate.resource.jdbc.internal.LogicalConnectionManagedImpl.begin(LogicalConnectionManagedImpl.java:286) ~[hibernate-core-7.2.4.Final.jar:7.2.4.Final]
	at org.hibernate.resource.transaction.backend.jdbc.internal.JdbcResourceLocalTransactionCoordinatorImpl$TransactionDriverControlImpl.begin(JdbcResourceLocalTransactionCoordinatorImpl.java:226) ~[hibernate-core-7.2.4.Final.jar:7.2.4.Final]
	at org.hibernate.engine.transaction.internal.TransactionImpl.begin(TransactionImpl.java:75) ~[hibernate-core-7.2.4.Final.jar:7.2.4.Final]
	at org.springframework.orm.jpa.vendor.HibernateJpaDialect.beginTransaction(HibernateJpaDialect.java:147) ~[spring-orm-7.0.5.jar:7.0.5]
	at org.springframework.orm.jpa.JpaTransactionManager.doBegin(JpaTransactionManager.java:411) ~[spring-orm-7.0.5.jar:7.0.5]
	... 24 common frames omitted
Caused by: java.sql.SQLTransientConnectionException: HikariPool-1 - Connection is not available, request timed out after 30004ms (total=0, active=0, idle=0, waiting=0)
	at com.zaxxer.hikari.pool.HikariPool.createTimeoutException(HikariPool.java:714) ~[HikariCP-7.0.2.jar:na]
	at com.zaxxer.hikari.pool.HikariPool.getConnection(HikariPool.java:184) ~[HikariCP-7.0.2.jar:na]
	at com.zaxxer.hikari.pool.HikariPool.getConnection(HikariPool.java:142) ~[HikariCP-7.0.2.jar:na]
	at com.zaxxer.hikari.HikariDataSource.getConnection(HikariDataSource.java:127) ~[HikariCP-7.0.2.jar:na]
	at org.hibernate.engine.jdbc.connections.internal.DataSourceConnectionProvider.getConnection(DataSourceConnectionProvider.java:137) ~[hibernate-core-7.2.4.Final.jar:7.2.4.Final]
	at org.hibernate.internal.NonContextualJdbcConnectionAccess.obtainConnection(NonContextualJdbcConnectionAccess.java:47) ~[hibernate-core-7.2.4.Final.jar:7.2.4.Final]
	at org.hibernate.resource.jdbc.internal.LogicalConnectionManagedImpl.acquire(LogicalConnectionManagedImpl.java:187) ~[hibernate-core-7.2.4.Final.jar:7.2.4.Final]
	... 32 common frames omitted
Caused by: org.postgresql.util.PSQLException: Connection to localhost:5433 refused. Check that the hostname and port are correct and that the postmaster is accepting TCP/IP connections.
	at org.postgresql.core.v3.ConnectionFactoryImpl.openConnectionImpl(ConnectionFactoryImpl.java:346) ~[postgresql-42.7.3.jar:42.7.3]
	at org.postgresql.core.ConnectionFactory.openConnection(ConnectionFactory.java:54) ~[postgresql-42.7.3.jar:42.7.3]
	at org.postgresql.jdbc.PgConnection.<init>(PgConnection.java:273) ~[postgresql-42.7.3.jar:42.7.3]
	at org.postgresql.Driver.makeConnection(Driver.java:446) ~[postgresql-42.7.3.jar:42.7.3]
	at org.postgresql.Driver.connect(Driver.java:298) ~[postgresql-42.7.3.jar:42.7.3]
	at com.zaxxer.hikari.util.DriverDataSource.getConnection(DriverDataSource.java:144) ~[HikariCP-7.0.2.jar:na]
	at com.zaxxer.hikari.pool.PoolBase.newConnection(PoolBase.java:373) ~[HikariCP-7.0.2.jar:na]
	at com.zaxxer.hikari.pool.PoolBase.newPoolEntry(PoolBase.java:210) ~[HikariCP-7.0.2.jar:na]
	at com.zaxxer.hikari.pool.HikariPool.createPoolEntry(HikariPool.java:488) ~[HikariCP-7.0.2.jar:na]
	at com.zaxxer.hikari.pool.HikariPool$PoolEntryCreator.call(HikariPool.java:752) ~[HikariCP-7.0.2.jar:na]
	at com.zaxxer.hikari.pool.HikariPool$PoolEntryCreator.call(HikariPool.java:731) ~[HikariCP-7.0.2.jar:na]
	at java.base/java.util.concurrent.FutureTask.run$$$capture(FutureTask.java:317) ~[na:na]
	at java.base/java.util.concurrent.FutureTask.run(FutureTask.java) ~[na:na]
	... 3 common frames omitted
Caused by: java.net.ConnectException: Connection refused
	at java.base/sun.nio.ch.Net.pollConnect(Native Method) ~[na:na]
	at java.base/sun.nio.ch.Net.pollConnectNow(Net.java:694) ~[na:na]
	at java.base/sun.nio.ch.NioSocketImpl.timedFinishConnect(NioSocketImpl.java:549) ~[na:na]
	at java.base/sun.nio.ch.NioSocketImpl.connect(NioSocketImpl.java:592) ~[na:na]
	at java.base/java.net.SocksSocketImpl.connect(SocksSocketImpl.java:327) ~[na:na]
	at java.base/java.net.Socket.connect(Socket.java:751) ~[na:na]
	at org.postgresql.core.PGStream.createSocket(PGStream.java:243) ~[postgresql-42.7.3.jar:42.7.3]
	at org.postgresql.core.PGStream.<init>(PGStream.java:98) ~[postgresql-42.7.3.jar:42.7.3]
	at org.postgresql.core.v3.ConnectionFactoryImpl.tryConnect(ConnectionFactoryImpl.java:136) ~[postgresql-42.7.3.jar:42.7.3]
	at org.postgresql.core.v3.ConnectionFactoryImpl.openConnectionImpl(ConnectionFactoryImpl.java:262) ~[postgresql-42.7.3.jar:42.7.3]
	... 15 common frames omitted

2026-05-14T07:47:19.035+02:00  WARN 42910 --- [e-shop-backend] [HikariPool-1:connection-adder] com.zaxxer.hikari.pool.PoolBase          : HikariPool-1 - Pool is empty, failed to create/setup connection (adb55d65-8f78-4dc2-88a3-58f0c9488f63)

org.postgresql.util.PSQLException: Connection to localhost:5433 refused. Check that the hostname and port are correct and that the postmaster is accepting TCP/IP connections.
	at org.postgresql.core.v3.ConnectionFactoryImpl.openConnectionImpl(ConnectionFactoryImpl.java:346) ~[postgresql-42.7.3.jar:42.7.3]
	at org.postgresql.core.ConnectionFactory.openConnection(ConnectionFactory.java:54) ~[postgresql-42.7.3.jar:42.7.3]
	at org.postgresql.jdbc.PgConnection.<init>(PgConnection.java:273) ~[postgresql-42.7.3.jar:42.7.3]
	at org.postgresql.Driver.makeConnection(Driver.java:446) ~[postgresql-42.7.3.jar:42.7.3]
	at org.postgresql.Driver.connect(Driver.java:298) ~[postgresql-42.7.3.jar:42.7.3]
	at com.zaxxer.hikari.util.DriverDataSource.getConnection(DriverDataSource.java:144) ~[HikariCP-7.0.2.jar:na]
	at com.zaxxer.hikari.pool.PoolBase.newConnection(PoolBase.java:373) ~[HikariCP-7.0.2.jar:na]
	at com.zaxxer.hikari.pool.PoolBase.newPoolEntry(PoolBase.java:210) ~[HikariCP-7.0.2.jar:na]
	at com.zaxxer.hikari.pool.HikariPool.createPoolEntry(HikariPool.java:488) ~[HikariCP-7.0.2.jar:na]
	at com.zaxxer.hikari.pool.HikariPool$PoolEntryCreator.call(HikariPool.java:752) ~[HikariCP-7.0.2.jar:na]
	at com.zaxxer.hikari.pool.HikariPool$PoolEntryCreator.call(HikariPool.java:731) ~[HikariCP-7.0.2.jar:na]
	at java.base/java.util.concurrent.FutureTask.run$$$capture(FutureTask.java:317) ~[na:na]
	at java.base/java.util.concurrent.FutureTask.run(FutureTask.java) ~[na:na]
	at java.base/java.util.concurrent.ThreadPoolExecutor.runWorker(ThreadPoolExecutor.java:1144) ~[na:na]
	at java.base/java.util.concurrent.ThreadPoolExecutor$Worker.run(ThreadPoolExecutor.java:642) ~[na:na]
	at java.base/java.lang.Thread.run(Thread.java:1583) ~[na:na]
Caused by: java.net.ConnectException: Connection refused
	at java.base/sun.nio.ch.Net.pollConnect(Native Method) ~[na:na]
	at java.base/sun.nio.ch.Net.pollConnectNow(Net.java:694) ~[na:na]
	at java.base/sun.nio.ch.NioSocketImpl.timedFinishConnect(NioSocketImpl.java:549) ~[na:na]
	at java.base/sun.nio.ch.NioSocketImpl.connect(NioSocketImpl.java:592) ~[na:na]
	at java.base/java.net.SocksSocketImpl.connect(SocksSocketImpl.java:327) ~[na:na]
	at java.base/java.net.Socket.connect(Socket.java:751) ~[na:na]
	at org.postgresql.core.PGStream.createSocket(PGStream.java:243) ~[postgresql-42.7.3.jar:42.7.3]
	at org.postgresql.core.PGStream.<init>(PGStream.java:98) ~[postgresql-42.7.3.jar:42.7.3]
	at org.postgresql.core.v3.ConnectionFactoryImpl.tryConnect(ConnectionFactoryImpl.java:136) ~[postgresql-42.7.3.jar:42.7.3]
	at org.postgresql.core.v3.ConnectionFactoryImpl.openConnectionImpl(ConnectionFactoryImpl.java:262) ~[postgresql-42.7.3.jar:42.7.3]
	... 15 common frames omitted

2026-05-14T07:47:29.999+02:00  WARN 42910 --- [e-shop-backend] [scheduling-1] org.hibernate.orm.jdbc.error             : HHH000247: ErrorCode: 0, SQLState: 08001
2026-05-14T07:47:29.999+02:00  WARN 42910 --- [e-shop-backend] [scheduling-1] org.hibernate.orm.jdbc.error             : HikariPool-1 - Connection is not available, request timed out after 29998ms (total=0, active=0, idle=0, waiting=0)
2026-05-14T07:47:29.999+02:00  WARN 42910 --- [e-shop-backend] [scheduling-1] org.hibernate.orm.jdbc.error             : HHH000247: ErrorCode: 0, SQLState: 08001
2026-05-14T07:47:29.999+02:00  WARN 42910 --- [e-shop-backend] [scheduling-1] org.hibernate.orm.jdbc.error             : HikariPool-1 - Connection is not available, request timed out after 29998ms (total=0, active=0, idle=0, waiting=0)
2026-05-14T07:47:30.000+02:00 ERROR 42910 --- [e-shop-backend] [scheduling-1] o.s.s.s.TaskUtils$LoggingErrorHandler    : Unexpected error occurred in scheduled task

org.springframework.transaction.CannotCreateTransactionException: Could not open JPA EntityManager for transaction
	at org.springframework.orm.jpa.JpaTransactionManager.doBegin(JpaTransactionManager.java:457) ~[spring-orm-7.0.5.jar:7.0.5]
	at org.springframework.transaction.support.AbstractPlatformTransactionManager.startTransaction(AbstractPlatformTransactionManager.java:532) ~[spring-tx-7.0.5.jar:7.0.5]
	at org.springframework.transaction.support.AbstractPlatformTransactionManager.getTransaction(AbstractPlatformTransactionManager.java:405) ~[spring-tx-7.0.5.jar:7.0.5]
	at org.springframework.transaction.interceptor.TransactionAspectSupport.createTransactionIfNecessary(TransactionAspectSupport.java:628) ~[spring-tx-7.0.5.jar:7.0.5]
	at org.springframework.transaction.interceptor.TransactionAspectSupport.invokeWithinTransaction(TransactionAspectSupport.java:365) ~[spring-tx-7.0.5.jar:7.0.5]
	at org.springframework.transaction.interceptor.TransactionInterceptor.invoke(TransactionInterceptor.java:130) ~[spring-tx-7.0.5.jar:7.0.5]
	at org.springframework.aop.framework.ReflectiveMethodInvocation.proceed(ReflectiveMethodInvocation.java:179) ~[spring-aop-7.0.5.jar:7.0.5]
	at org.springframework.aop.framework.CglibAopProxy$DynamicAdvisedInterceptor.intercept(CglibAopProxy.java:719) ~[spring-aop-7.0.5.jar:7.0.5]
	at com.example.emtbackendlab.jobs.MaterializedViewRefreshScheduler$$SpringCGLIB$$0.refreshBooksStatsView(<generated>) ~[classes/:na]
	at java.base/jdk.internal.reflect.DirectMethodHandleAccessor.invoke(DirectMethodHandleAccessor.java:103) ~[na:na]
	at java.base/java.lang.reflect.Method.invoke(Method.java:580) ~[na:na]
	at org.springframework.scheduling.support.ScheduledMethodRunnable.runInternal(ScheduledMethodRunnable.java:128) ~[spring-context-7.0.5.jar:7.0.5]
	at org.springframework.scheduling.support.ScheduledMethodRunnable.lambda$run$1(ScheduledMethodRunnable.java:122) ~[spring-context-7.0.5.jar:7.0.5]
	at io.micrometer.observation.Observation.observe(Observation.java:564) ~[micrometer-observation-1.16.3.jar:1.16.3]
	at org.springframework.scheduling.support.ScheduledMethodRunnable.run(ScheduledMethodRunnable.java:122) ~[spring-context-7.0.5.jar:7.0.5]
	at org.springframework.scheduling.config.Task$OutcomeTrackingRunnable.run(Task.java:88) ~[spring-context-7.0.5.jar:7.0.5]
	at org.springframework.scheduling.support.DelegatingErrorHandlingRunnable.run(DelegatingErrorHandlingRunnable.java:54) ~[spring-context-7.0.5.jar:7.0.5]
	at org.springframework.scheduling.concurrent.ReschedulingRunnable.run(ReschedulingRunnable.java:94) ~[spring-context-7.0.5.jar:7.0.5]
	at java.base/java.util.concurrent.Executors$RunnableAdapter.call(Executors.java:572) ~[na:na]
	at java.base/java.util.concurrent.FutureTask.run$$$capture(FutureTask.java:317) ~[na:na]
	at java.base/java.util.concurrent.FutureTask.run(FutureTask.java) ~[na:na]
	at java.base/java.util.concurrent.ScheduledThreadPoolExecutor$ScheduledFutureTask.run(ScheduledThreadPoolExecutor.java:304) ~[na:na]
	at java.base/java.util.concurrent.ThreadPoolExecutor.runWorker(ThreadPoolExecutor.java:1144) ~[na:na]
	at java.base/java.util.concurrent.ThreadPoolExecutor$Worker.run(ThreadPoolExecutor.java:642) ~[na:na]
	at java.base/java.lang.Thread.run(Thread.java:1583) ~[na:na]
Caused by: org.hibernate.exception.JDBCConnectionException: Unable to acquire JDBC Connection [HikariPool-1 - Connection is not available, request timed out after 29998ms (total=0, active=0, idle=0, waiting=0)] [n/a]
	at org.hibernate.exception.internal.SQLExceptionTypeDelegate.convert(SQLExceptionTypeDelegate.java:49) ~[hibernate-core-7.2.4.Final.jar:7.2.4.Final]
	at org.hibernate.exception.internal.StandardSQLExceptionConverter.convert(StandardSQLExceptionConverter.java:34) ~[hibernate-core-7.2.4.Final.jar:7.2.4.Final]
	at org.hibernate.engine.jdbc.spi.SqlExceptionHelper.convert(SqlExceptionHelper.java:115) ~[hibernate-core-7.2.4.Final.jar:7.2.4.Final]
	at org.hibernate.engine.jdbc.spi.SqlExceptionHelper.convert(SqlExceptionHelper.java:101) ~[hibernate-core-7.2.4.Final.jar:7.2.4.Final]
	at org.hibernate.resource.jdbc.internal.LogicalConnectionManagedImpl.acquire(LogicalConnectionManagedImpl.java:190) ~[hibernate-core-7.2.4.Final.jar:7.2.4.Final]
	at org.hibernate.resource.jdbc.internal.LogicalConnectionManagedImpl.acquireConnectionIfNeeded(LogicalConnectionManagedImpl.java:87) ~[hibernate-core-7.2.4.Final.jar:7.2.4.Final]
	at org.hibernate.resource.jdbc.internal.LogicalConnectionManagedImpl.getPhysicalConnection(LogicalConnectionManagedImpl.java:126) ~[hibernate-core-7.2.4.Final.jar:7.2.4.Final]
	at org.hibernate.resource.jdbc.internal.LogicalConnectionManagedImpl.getConnectionForTransactionManagement(LogicalConnectionManagedImpl.java:277) ~[hibernate-core-7.2.4.Final.jar:7.2.4.Final]
	at org.hibernate.resource.jdbc.internal.LogicalConnectionManagedImpl.begin(LogicalConnectionManagedImpl.java:286) ~[hibernate-core-7.2.4.Final.jar:7.2.4.Final]
	at org.hibernate.resource.transaction.backend.jdbc.internal.JdbcResourceLocalTransactionCoordinatorImpl$TransactionDriverControlImpl.begin(JdbcResourceLocalTransactionCoordinatorImpl.java:226) ~[hibernate-core-7.2.4.Final.jar:7.2.4.Final]
	at org.hibernate.engine.transaction.internal.TransactionImpl.begin(TransactionImpl.java:75) ~[hibernate-core-7.2.4.Final.jar:7.2.4.Final]
	at org.springframework.orm.jpa.vendor.HibernateJpaDialect.beginTransaction(HibernateJpaDialect.java:147) ~[spring-orm-7.0.5.jar:7.0.5]
	at org.springframework.orm.jpa.JpaTransactionManager.doBegin(JpaTransactionManager.java:411) ~[spring-orm-7.0.5.jar:7.0.5]
	... 24 common frames omitted
Caused by: java.sql.SQLTransientConnectionException: HikariPool-1 - Connection is not available, request timed out after 29998ms (total=0, active=0, idle=0, waiting=0)
	at com.zaxxer.hikari.pool.HikariPool.createTimeoutException(HikariPool.java:714) ~[HikariCP-7.0.2.jar:na]
	at com.zaxxer.hikari.pool.HikariPool.getConnection(HikariPool.java:184) ~[HikariCP-7.0.2.jar:na]
	at com.zaxxer.hikari.pool.HikariPool.getConnection(HikariPool.java:142) ~[HikariCP-7.0.2.jar:na]
	at com.zaxxer.hikari.HikariDataSource.getConnection(HikariDataSource.java:127) ~[HikariCP-7.0.2.jar:na]
	at org.hibernate.engine.jdbc.connections.internal.DataSourceConnectionProvider.getConnection(DataSourceConnectionProvider.java:137) ~[hibernate-core-7.2.4.Final.jar:7.2.4.Final]
	at org.hibernate.internal.NonContextualJdbcConnectionAccess.obtainConnection(NonContextualJdbcConnectionAccess.java:47) ~[hibernate-core-7.2.4.Final.jar:7.2.4.Final]
	at org.hibernate.resource.jdbc.internal.LogicalConnectionManagedImpl.acquire(LogicalConnectionManagedImpl.java:187) ~[hibernate-core-7.2.4.Final.jar:7.2.4.Final]
	... 32 common frames omitted
Caused by: org.postgresql.util.PSQLException: Connection to localhost:5433 refused. Check that the hostname and port are correct and that the postmaster is accepting TCP/IP connections.
	at org.postgresql.core.v3.ConnectionFactoryImpl.openConnectionImpl(ConnectionFactoryImpl.java:346) ~[postgresql-42.7.3.jar:42.7.3]
	at org.postgresql.core.ConnectionFactory.openConnection(ConnectionFactory.java:54) ~[postgresql-42.7.3.jar:42.7.3]
	at org.postgresql.jdbc.PgConnection.<init>(PgConnection.java:273) ~[postgresql-42.7.3.jar:42.7.3]
	at org.postgresql.Driver.makeConnection(Driver.java:446) ~[postgresql-42.7.3.jar:42.7.3]
	at org.postgresql.Driver.connect(Driver.java:298) ~[postgresql-42.7.3.jar:42.7.3]
	at com.zaxxer.hikari.util.DriverDataSource.getConnection(DriverDataSource.java:144) ~[HikariCP-7.0.2.jar:na]
	at com.zaxxer.hikari.pool.PoolBase.newConnection(PoolBase.java:373) ~[HikariCP-7.0.2.jar:na]
	at com.zaxxer.hikari.pool.PoolBase.newPoolEntry(PoolBase.java:210) ~[HikariCP-7.0.2.jar:na]
	at com.zaxxer.hikari.pool.HikariPool.createPoolEntry(HikariPool.java:488) ~[HikariCP-7.0.2.jar:na]
	at com.zaxxer.hikari.pool.HikariPool$PoolEntryCreator.call(HikariPool.java:752) ~[HikariCP-7.0.2.jar:na]
	at com.zaxxer.hikari.pool.HikariPool$PoolEntryCreator.call(HikariPool.java:731) ~[HikariCP-7.0.2.jar:na]
	at java.base/java.util.concurrent.FutureTask.run$$$capture(FutureTask.java:317) ~[na:na]
	at java.base/java.util.concurrent.FutureTask.run(FutureTask.java) ~[na:na]
	... 3 common frames omitted
Caused by: java.net.ConnectException: Connection refused
	at java.base/sun.nio.ch.Net.pollConnect(Native Method) ~[na:na]
	at java.base/sun.nio.ch.Net.pollConnectNow(Net.java:694) ~[na:na]
	at java.base/sun.nio.ch.NioSocketImpl.timedFinishConnect(NioSocketImpl.java:549) ~[na:na]
	at java.base/sun.nio.ch.NioSocketImpl.connect(NioSocketImpl.java:592) ~[na:na]
	at java.base/java.net.SocksSocketImpl.connect(SocksSocketImpl.java:327) ~[na:na]
	at java.base/java.net.Socket.connect(Socket.java:751) ~[na:na]
	at org.postgresql.core.PGStream.createSocket(PGStream.java:243) ~[postgresql-42.7.3.jar:42.7.3]
	at org.postgresql.core.PGStream.<init>(PGStream.java:98) ~[postgresql-42.7.3.jar:42.7.3]
	at org.postgresql.core.v3.ConnectionFactoryImpl.tryConnect(ConnectionFactoryImpl.java:136) ~[postgresql-42.7.3.jar:42.7.3]
	at org.postgresql.core.v3.ConnectionFactoryImpl.openConnectionImpl(ConnectionFactoryImpl.java:262) ~[postgresql-42.7.3.jar:42.7.3]
	... 15 common frames omitted

2026-05-14T07:48:24.104+02:00  WARN 42910 --- [e-shop-backend] [HikariPool-1:connection-adder] com.zaxxer.hikari.pool.PoolBase          : HikariPool-1 - Pool is empty, failed to create/setup connection (c5bcdcb3-a9ff-4384-9d6a-ff2d1ac574ec)

org.postgresql.util.PSQLException: Connection to localhost:5433 refused. Check that the hostname and port are correct and that the postmaster is accepting TCP/IP connections.
	at org.postgresql.core.v3.ConnectionFactoryImpl.openConnectionImpl(ConnectionFactoryImpl.java:346) ~[postgresql-42.7.3.jar:42.7.3]
	at org.postgresql.core.ConnectionFactory.openConnection(ConnectionFactory.java:54) ~[postgresql-42.7.3.jar:42.7.3]
	at org.postgresql.jdbc.PgConnection.<init>(PgConnection.java:273) ~[postgresql-42.7.3.jar:42.7.3]
	at org.postgresql.Driver.makeConnection(Driver.java:446) ~[postgresql-42.7.3.jar:42.7.3]
	at org.postgresql.Driver.connect(Driver.java:298) ~[postgresql-42.7.3.jar:42.7.3]
	at com.zaxxer.hikari.util.DriverDataSource.getConnection(DriverDataSource.java:144) ~[HikariCP-7.0.2.jar:na]
	at com.zaxxer.hikari.pool.PoolBase.newConnection(PoolBase.java:373) ~[HikariCP-7.0.2.jar:na]
	at com.zaxxer.hikari.pool.PoolBase.newPoolEntry(PoolBase.java:210) ~[HikariCP-7.0.2.jar:na]
	at com.zaxxer.hikari.pool.HikariPool.createPoolEntry(HikariPool.java:488) ~[HikariCP-7.0.2.jar:na]
	at com.zaxxer.hikari.pool.HikariPool$PoolEntryCreator.call(HikariPool.java:752) ~[HikariCP-7.0.2.jar:na]
	at com.zaxxer.hikari.pool.HikariPool$PoolEntryCreator.call(HikariPool.java:731) ~[HikariCP-7.0.2.jar:na]
	at java.base/java.util.concurrent.FutureTask.run$$$capture(FutureTask.java:317) ~[na:na]
	at java.base/java.util.concurrent.FutureTask.run(FutureTask.java) ~[na:na]
	at java.base/java.util.concurrent.ThreadPoolExecutor.runWorker(ThreadPoolExecutor.java:1144) ~[na:na]
	at java.base/java.util.concurrent.ThreadPoolExecutor$Worker.run(ThreadPoolExecutor.java:642) ~[na:na]
	at java.base/java.lang.Thread.run(Thread.java:1583) ~[na:na]
Caused by: java.net.ConnectException: Connection refused
	at java.base/sun.nio.ch.Net.pollConnect(Native Method) ~[na:na]
	at java.base/sun.nio.ch.Net.pollConnectNow(Net.java:694) ~[na:na]
	at java.base/sun.nio.ch.NioSocketImpl.timedFinishConnect(NioSocketImpl.java:549) ~[na:na]
	at java.base/sun.nio.ch.NioSocketImpl.connect(NioSocketImpl.java:592) ~[na:na]
	at java.base/java.net.SocksSocketImpl.connect(SocksSocketImpl.java:327) ~[na:na]
	at java.base/java.net.Socket.connect(Socket.java:751) ~[na:na]
	at org.postgresql.core.PGStream.createSocket(PGStream.java:243) ~[postgresql-42.7.3.jar:42.7.3]
	at org.postgresql.core.PGStream.<init>(PGStream.java:98) ~[postgresql-42.7.3.jar:42.7.3]
	at org.postgresql.core.v3.ConnectionFactoryImpl.tryConnect(ConnectionFactoryImpl.java:136) ~[postgresql-42.7.3.jar:42.7.3]
	at org.postgresql.core.v3.ConnectionFactoryImpl.openConnectionImpl(ConnectionFactoryImpl.java:262) ~[postgresql-42.7.3.jar:42.7.3]
	... 15 common frames omitted

2026-05-14T07:48:30.006+02:00  WARN 42910 --- [e-shop-backend] [scheduling-1] org.hibernate.orm.jdbc.error             : HHH000247: ErrorCode: 0, SQLState: 08001
2026-05-14T07:48:30.006+02:00  WARN 42910 --- [e-shop-backend] [scheduling-1] org.hibernate.orm.jdbc.error             : HikariPool-1 - Connection is not available, request timed out after 30002ms (total=0, active=0, idle=0, waiting=0)
2026-05-14T07:48:30.006+02:00  WARN 42910 --- [e-shop-backend] [scheduling-1] org.hibernate.orm.jdbc.error             : HHH000247: ErrorCode: 0, SQLState: 08001
2026-05-14T07:48:30.006+02:00  WARN 42910 --- [e-shop-backend] [scheduling-1] org.hibernate.orm.jdbc.error             : HikariPool-1 - Connection is not available, request timed out after 30002ms (total=0, active=0, idle=0, waiting=0)
2026-05-14T07:48:30.007+02:00 ERROR 42910 --- [e-shop-backend] [scheduling-1] o.s.s.s.TaskUtils$LoggingErrorHandler    : Unexpected error occurred in scheduled task

org.springframework.transaction.CannotCreateTransactionException: Could not open JPA EntityManager for transaction
	at org.springframework.orm.jpa.JpaTransactionManager.doBegin(JpaTransactionManager.java:457) ~[spring-orm-7.0.5.jar:7.0.5]
	at org.springframework.transaction.support.AbstractPlatformTransactionManager.startTransaction(AbstractPlatformTransactionManager.java:532) ~[spring-tx-7.0.5.jar:7.0.5]
	at org.springframework.transaction.support.AbstractPlatformTransactionManager.getTransaction(AbstractPlatformTransactionManager.java:405) ~[spring-tx-7.0.5.jar:7.0.5]
	at org.springframework.transaction.interceptor.TransactionAspectSupport.createTransactionIfNecessary(TransactionAspectSupport.java:628) ~[spring-tx-7.0.5.jar:7.0.5]
	at org.springframework.transaction.interceptor.TransactionAspectSupport.invokeWithinTransaction(TransactionAspectSupport.java:365) ~[spring-tx-7.0.5.jar:7.0.5]
	at org.springframework.transaction.interceptor.TransactionInterceptor.invoke(TransactionInterceptor.java:130) ~[spring-tx-7.0.5.jar:7.0.5]
	at org.springframework.aop.framework.ReflectiveMethodInvocation.proceed(ReflectiveMethodInvocation.java:179) ~[spring-aop-7.0.5.jar:7.0.5]
	at org.springframework.aop.framework.CglibAopProxy$DynamicAdvisedInterceptor.intercept(CglibAopProxy.java:719) ~[spring-aop-7.0.5.jar:7.0.5]
	at com.example.emtbackendlab.jobs.MaterializedViewRefreshScheduler$$SpringCGLIB$$0.refreshBooksStatsView(<generated>) ~[classes/:na]
	at java.base/jdk.internal.reflect.DirectMethodHandleAccessor.invoke(DirectMethodHandleAccessor.java:103) ~[na:na]
	at java.base/java.lang.reflect.Method.invoke(Method.java:580) ~[na:na]
	at org.springframework.scheduling.support.ScheduledMethodRunnable.runInternal(ScheduledMethodRunnable.java:128) ~[spring-context-7.0.5.jar:7.0.5]
	at org.springframework.scheduling.support.ScheduledMethodRunnable.lambda$run$1(ScheduledMethodRunnable.java:122) ~[spring-context-7.0.5.jar:7.0.5]
	at io.micrometer.observation.Observation.observe(Observation.java:564) ~[micrometer-observation-1.16.3.jar:1.16.3]
	at org.springframework.scheduling.support.ScheduledMethodRunnable.run(ScheduledMethodRunnable.java:122) ~[spring-context-7.0.5.jar:7.0.5]
	at org.springframework.scheduling.config.Task$OutcomeTrackingRunnable.run(Task.java:88) ~[spring-context-7.0.5.jar:7.0.5]
	at org.springframework.scheduling.support.DelegatingErrorHandlingRunnable.run(DelegatingErrorHandlingRunnable.java:54) ~[spring-context-7.0.5.jar:7.0.5]
	at org.springframework.scheduling.concurrent.ReschedulingRunnable.run(ReschedulingRunnable.java:94) ~[spring-context-7.0.5.jar:7.0.5]
	at java.base/java.util.concurrent.Executors$RunnableAdapter.call(Executors.java:572) ~[na:na]
	at java.base/java.util.concurrent.FutureTask.run$$$capture(FutureTask.java:317) ~[na:na]
	at java.base/java.util.concurrent.FutureTask.run(FutureTask.java) ~[na:na]
	at java.base/java.util.concurrent.ScheduledThreadPoolExecutor$ScheduledFutureTask.run(ScheduledThreadPoolExecutor.java:304) ~[na:na]
	at java.base/java.util.concurrent.ThreadPoolExecutor.runWorker(ThreadPoolExecutor.java:1144) ~[na:na]
	at java.base/java.util.concurrent.ThreadPoolExecutor$Worker.run(ThreadPoolExecutor.java:642) ~[na:na]
	at java.base/java.lang.Thread.run(Thread.java:1583) ~[na:na]
Caused by: org.hibernate.exception.JDBCConnectionException: Unable to acquire JDBC Connection [HikariPool-1 - Connection is not available, request timed out after 30002ms (total=0, active=0, idle=0, waiting=0)] [n/a]
	at org.hibernate.exception.internal.SQLExceptionTypeDelegate.convert(SQLExceptionTypeDelegate.java:49) ~[hibernate-core-7.2.4.Final.jar:7.2.4.Final]
	at org.hibernate.exception.internal.StandardSQLExceptionConverter.convert(StandardSQLExceptionConverter.java:34) ~[hibernate-core-7.2.4.Final.jar:7.2.4.Final]
	at org.hibernate.engine.jdbc.spi.SqlExceptionHelper.convert(SqlExceptionHelper.java:115) ~[hibernate-core-7.2.4.Final.jar:7.2.4.Final]
	at org.hibernate.engine.jdbc.spi.SqlExceptionHelper.convert(SqlExceptionHelper.java:101) ~[hibernate-core-7.2.4.Final.jar:7.2.4.Final]
	at org.hibernate.resource.jdbc.internal.LogicalConnectionManagedImpl.acquire(LogicalConnectionManagedImpl.java:190) ~[hibernate-core-7.2.4.Final.jar:7.2.4.Final]
	at org.hibernate.resource.jdbc.internal.LogicalConnectionManagedImpl.acquireConnectionIfNeeded(LogicalConnectionManagedImpl.java:87) ~[hibernate-core-7.2.4.Final.jar:7.2.4.Final]
	at org.hibernate.resource.jdbc.internal.LogicalConnectionManagedImpl.getPhysicalConnection(LogicalConnectionManagedImpl.java:126) ~[hibernate-core-7.2.4.Final.jar:7.2.4.Final]
	at org.hibernate.resource.jdbc.internal.LogicalConnectionManagedImpl.getConnectionForTransactionManagement(LogicalConnectionManagedImpl.java:277) ~[hibernate-core-7.2.4.Final.jar:7.2.4.Final]
	at org.hibernate.resource.jdbc.internal.LogicalConnectionManagedImpl.begin(LogicalConnectionManagedImpl.java:286) ~[hibernate-core-7.2.4.Final.jar:7.2.4.Final]
	at org.hibernate.resource.transaction.backend.jdbc.internal.JdbcResourceLocalTransactionCoordinatorImpl$TransactionDriverControlImpl.begin(JdbcResourceLocalTransactionCoordinatorImpl.java:226) ~[hibernate-core-7.2.4.Final.jar:7.2.4.Final]
	at org.hibernate.engine.transaction.internal.TransactionImpl.begin(TransactionImpl.java:75) ~[hibernate-core-7.2.4.Final.jar:7.2.4.Final]
	at org.springframework.orm.jpa.vendor.HibernateJpaDialect.beginTransaction(HibernateJpaDialect.java:147) ~[spring-orm-7.0.5.jar:7.0.5]
	at org.springframework.orm.jpa.JpaTransactionManager.doBegin(JpaTransactionManager.java:411) ~[spring-orm-7.0.5.jar:7.0.5]
	... 24 common frames omitted
Caused by: java.sql.SQLTransientConnectionException: HikariPool-1 - Connection is not available, request timed out after 30002ms (total=0, active=0, idle=0, waiting=0)
	at com.zaxxer.hikari.pool.HikariPool.createTimeoutException(HikariPool.java:714) ~[HikariCP-7.0.2.jar:na]
	at com.zaxxer.hikari.pool.HikariPool.getConnection(HikariPool.java:184) ~[HikariCP-7.0.2.jar:na]
	at com.zaxxer.hikari.pool.HikariPool.getConnection(HikariPool.java:142) ~[HikariCP-7.0.2.jar:na]
	at com.zaxxer.hikari.HikariDataSource.getConnection(HikariDataSource.java:127) ~[HikariCP-7.0.2.jar:na]
	at org.hibernate.engine.jdbc.connections.internal.DataSourceConnectionProvider.getConnection(DataSourceConnectionProvider.java:137) ~[hibernate-core-7.2.4.Final.jar:7.2.4.Final]
	at org.hibernate.internal.NonContextualJdbcConnectionAccess.obtainConnection(NonContextualJdbcConnectionAccess.java:47) ~[hibernate-core-7.2.4.Final.jar:7.2.4.Final]
	at org.hibernate.resource.jdbc.internal.LogicalConnectionManagedImpl.acquire(LogicalConnectionManagedImpl.java:187) ~[hibernate-core-7.2.4.Final.jar:7.2.4.Final]
	... 32 common frames omitted
Caused by: org.postgresql.util.PSQLException: Connection to localhost:5433 refused. Check that the hostname and port are correct and that the postmaster is accepting TCP/IP connections.
	at org.postgresql.core.v3.ConnectionFactoryImpl.openConnectionImpl(ConnectionFactoryImpl.java:346) ~[postgresql-42.7.3.jar:42.7.3]
	at org.postgresql.core.ConnectionFactory.openConnection(ConnectionFactory.java:54) ~[postgresql-42.7.3.jar:42.7.3]
	at org.postgresql.jdbc.PgConnection.<init>(PgConnection.java:273) ~[postgresql-42.7.3.jar:42.7.3]
	at org.postgresql.Driver.makeConnection(Driver.java:446) ~[postgresql-42.7.3.jar:42.7.3]
	at org.postgresql.Driver.connect(Driver.java:298) ~[postgresql-42.7.3.jar:42.7.3]
	at com.zaxxer.hikari.util.DriverDataSource.getConnection(DriverDataSource.java:144) ~[HikariCP-7.0.2.jar:na]
	at com.zaxxer.hikari.pool.PoolBase.newConnection(PoolBase.java:373) ~[HikariCP-7.0.2.jar:na]
	at com.zaxxer.hikari.pool.PoolBase.newPoolEntry(PoolBase.java:210) ~[HikariCP-7.0.2.jar:na]
	at com.zaxxer.hikari.pool.HikariPool.createPoolEntry(HikariPool.java:488) ~[HikariCP-7.0.2.jar:na]
	at com.zaxxer.hikari.pool.HikariPool$PoolEntryCreator.call(HikariPool.java:752) ~[HikariCP-7.0.2.jar:na]
	at com.zaxxer.hikari.pool.HikariPool$PoolEntryCreator.call(HikariPool.java:731) ~[HikariCP-7.0.2.jar:na]
	at java.base/java.util.concurrent.FutureTask.run$$$capture(FutureTask.java:317) ~[na:na]
	at java.base/java.util.concurrent.FutureTask.run(FutureTask.java) ~[na:na]
	... 3 common frames omitted
Caused by: java.net.ConnectException: Connection refused
	at java.base/sun.nio.ch.Net.pollConnect(Native Method) ~[na:na]
	at java.base/sun.nio.ch.Net.pollConnectNow(Net.java:694) ~[na:na]
	at java.base/sun.nio.ch.NioSocketImpl.timedFinishConnect(NioSocketImpl.java:549) ~[na:na]
	at java.base/sun.nio.ch.NioSocketImpl.connect(NioSocketImpl.java:592) ~[na:na]
	at java.base/java.net.SocksSocketImpl.connect(SocksSocketImpl.java:327) ~[na:na]
	at java.base/java.net.Socket.connect(Socket.java:751) ~[na:na]
	at org.postgresql.core.PGStream.createSocket(PGStream.java:243) ~[postgresql-42.7.3.jar:42.7.3]
	at org.postgresql.core.PGStream.<init>(PGStream.java:98) ~[postgresql-42.7.3.jar:42.7.3]
	at org.postgresql.core.v3.ConnectionFactoryImpl.tryConnect(ConnectionFactoryImpl.java:136) ~[postgresql-42.7.3.jar:42.7.3]
	at org.postgresql.core.v3.ConnectionFactoryImpl.openConnectionImpl(ConnectionFactoryImpl.java:262) ~[postgresql-42.7.3.jar:42.7.3]
	... 15 common frames omitted

2026-05-14T07:49:29.162+02:00  WARN 42910 --- [e-shop-backend] [HikariPool-1:connection-adder] com.zaxxer.hikari.pool.PoolBase          : HikariPool-1 - Pool is empty, failed to create/setup connection (73f48f53-7d64-43f2-9b34-9bdae0e312db)

org.postgresql.util.PSQLException: Connection to localhost:5433 refused. Check that the hostname and port are correct and that the postmaster is accepting TCP/IP connections.
	at org.postgresql.core.v3.ConnectionFactoryImpl.openConnectionImpl(ConnectionFactoryImpl.java:346) ~[postgresql-42.7.3.jar:42.7.3]
	at org.postgresql.core.ConnectionFactory.openConnection(ConnectionFactory.java:54) ~[postgresql-42.7.3.jar:42.7.3]
	at org.postgresql.jdbc.PgConnection.<init>(PgConnection.java:273) ~[postgresql-42.7.3.jar:42.7.3]
	at org.postgresql.Driver.makeConnection(Driver.java:446) ~[postgresql-42.7.3.jar:42.7.3]
	at org.postgresql.Driver.connect(Driver.java:298) ~[postgresql-42.7.3.jar:42.7.3]
	at com.zaxxer.hikari.util.DriverDataSource.getConnection(DriverDataSource.java:144) ~[HikariCP-7.0.2.jar:na]
	at com.zaxxer.hikari.pool.PoolBase.newConnection(PoolBase.java:373) ~[HikariCP-7.0.2.jar:na]
	at com.zaxxer.hikari.pool.PoolBase.newPoolEntry(PoolBase.java:210) ~[HikariCP-7.0.2.jar:na]
	at com.zaxxer.hikari.pool.HikariPool.createPoolEntry(HikariPool.java:488) ~[HikariCP-7.0.2.jar:na]
	at com.zaxxer.hikari.pool.HikariPool$PoolEntryCreator.call(HikariPool.java:752) ~[HikariCP-7.0.2.jar:na]
	at com.zaxxer.hikari.pool.HikariPool$PoolEntryCreator.call(HikariPool.java:731) ~[HikariCP-7.0.2.jar:na]
	at java.base/java.util.concurrent.FutureTask.run$$$capture(FutureTask.java:317) ~[na:na]
	at java.base/java.util.concurrent.FutureTask.run(FutureTask.java) ~[na:na]
	at java.base/java.util.concurrent.ThreadPoolExecutor.runWorker(ThreadPoolExecutor.java:1144) ~[na:na]
	at java.base/java.util.concurrent.ThreadPoolExecutor$Worker.run(ThreadPoolExecutor.java:642) ~[na:na]
	at java.base/java.lang.Thread.run(Thread.java:1583) ~[na:na]
Caused by: java.net.ConnectException: Connection refused
	at java.base/sun.nio.ch.Net.pollConnect(Native Method) ~[na:na]
	at java.base/sun.nio.ch.Net.pollConnectNow(Net.java:694) ~[na:na]
	at java.base/sun.nio.ch.NioSocketImpl.timedFinishConnect(NioSocketImpl.java:549) ~[na:na]
	at java.base/sun.nio.ch.NioSocketImpl.connect(NioSocketImpl.java:592) ~[na:na]
	at java.base/java.net.SocksSocketImpl.connect(SocksSocketImpl.java:327) ~[na:na]
	at java.base/java.net.Socket.connect(Socket.java:751) ~[na:na]
	at org.postgresql.core.PGStream.createSocket(PGStream.java:243) ~[postgresql-42.7.3.jar:42.7.3]
	at org.postgresql.core.PGStream.<init>(PGStream.java:98) ~[postgresql-42.7.3.jar:42.7.3]
	at org.postgresql.core.v3.ConnectionFactoryImpl.tryConnect(ConnectionFactoryImpl.java:136) ~[postgresql-42.7.3.jar:42.7.3]
	at org.postgresql.core.v3.ConnectionFactoryImpl.openConnectionImpl(ConnectionFactoryImpl.java:262) ~[postgresql-42.7.3.jar:42.7.3]
	... 15 common frames omitted

2026-05-14T07:49:30.004+02:00  WARN 42910 --- [e-shop-backend] [scheduling-1] org.hibernate.orm.jdbc.error             : HHH000247: ErrorCode: 0, SQLState: 08001
2026-05-14T07:49:30.005+02:00  WARN 42910 --- [e-shop-backend] [scheduling-1] org.hibernate.orm.jdbc.error             : HikariPool-1 - Connection is not available, request timed out after 30001ms (total=0, active=0, idle=0, waiting=0)
2026-05-14T07:49:30.005+02:00  WARN 42910 --- [e-shop-backend] [scheduling-1] org.hibernate.orm.jdbc.error             : HHH000247: ErrorCode: 0, SQLState: 08001
2026-05-14T07:49:30.005+02:00  WARN 42910 --- [e-shop-backend] [scheduling-1] org.hibernate.orm.jdbc.error             : HikariPool-1 - Connection is not available, request timed out after 30001ms (total=0, active=0, idle=0, waiting=0)
2026-05-14T07:49:30.005+02:00 ERROR 42910 --- [e-shop-backend] [scheduling-1] o.s.s.s.TaskUtils$LoggingErrorHandler    : Unexpected error occurred in scheduled task

org.springframework.transaction.CannotCreateTransactionException: Could not open JPA EntityManager for transaction
	at org.springframework.orm.jpa.JpaTransactionManager.doBegin(JpaTransactionManager.java:457) ~[spring-orm-7.0.5.jar:7.0.5]
	at org.springframework.transaction.support.AbstractPlatformTransactionManager.startTransaction(AbstractPlatformTransactionManager.java:532) ~[spring-tx-7.0.5.jar:7.0.5]
	at org.springframework.transaction.support.AbstractPlatformTransactionManager.getTransaction(AbstractPlatformTransactionManager.java:405) ~[spring-tx-7.0.5.jar:7.0.5]
	at org.springframework.transaction.interceptor.TransactionAspectSupport.createTransactionIfNecessary(TransactionAspectSupport.java:628) ~[spring-tx-7.0.5.jar:7.0.5]
	at org.springframework.transaction.interceptor.TransactionAspectSupport.invokeWithinTransaction(TransactionAspectSupport.java:365) ~[spring-tx-7.0.5.jar:7.0.5]
	at org.springframework.transaction.interceptor.TransactionInterceptor.invoke(TransactionInterceptor.java:130) ~[spring-tx-7.0.5.jar:7.0.5]
	at org.springframework.aop.framework.ReflectiveMethodInvocation.proceed(ReflectiveMethodInvocation.java:179) ~[spring-aop-7.0.5.jar:7.0.5]
	at org.springframework.aop.framework.CglibAopProxy$DynamicAdvisedInterceptor.intercept(CglibAopProxy.java:719) ~[spring-aop-7.0.5.jar:7.0.5]
	at com.example.emtbackendlab.jobs.MaterializedViewRefreshScheduler$$SpringCGLIB$$0.refreshBooksStatsView(<generated>) ~[classes/:na]
	at java.base/jdk.internal.reflect.DirectMethodHandleAccessor.invoke(DirectMethodHandleAccessor.java:103) ~[na:na]
	at java.base/java.lang.reflect.Method.invoke(Method.java:580) ~[na:na]
	at org.springframework.scheduling.support.ScheduledMethodRunnable.runInternal(ScheduledMethodRunnable.java:128) ~[spring-context-7.0.5.jar:7.0.5]
	at org.springframework.scheduling.support.ScheduledMethodRunnable.lambda$run$1(ScheduledMethodRunnable.java:122) ~[spring-context-7.0.5.jar:7.0.5]
	at io.micrometer.observation.Observation.observe(Observation.java:564) ~[micrometer-observation-1.16.3.jar:1.16.3]
	at org.springframework.scheduling.support.ScheduledMethodRunnable.run(ScheduledMethodRunnable.java:122) ~[spring-context-7.0.5.jar:7.0.5]
	at org.springframework.scheduling.config.Task$OutcomeTrackingRunnable.run(Task.java:88) ~[spring-context-7.0.5.jar:7.0.5]
	at org.springframework.scheduling.support.DelegatingErrorHandlingRunnable.run(DelegatingErrorHandlingRunnable.java:54) ~[spring-context-7.0.5.jar:7.0.5]
	at org.springframework.scheduling.concurrent.ReschedulingRunnable.run(ReschedulingRunnable.java:94) ~[spring-context-7.0.5.jar:7.0.5]
	at java.base/java.util.concurrent.Executors$RunnableAdapter.call(Executors.java:572) ~[na:na]
	at java.base/java.util.concurrent.FutureTask.run$$$capture(FutureTask.java:317) ~[na:na]
	at java.base/java.util.concurrent.FutureTask.run(FutureTask.java) ~[na:na]
	at java.base/java.util.concurrent.ScheduledThreadPoolExecutor$ScheduledFutureTask.run(ScheduledThreadPoolExecutor.java:304) ~[na:na]
	at java.base/java.util.concurrent.ThreadPoolExecutor.runWorker(ThreadPoolExecutor.java:1144) ~[na:na]
	at java.base/java.util.concurrent.ThreadPoolExecutor$Worker.run(ThreadPoolExecutor.java:642) ~[na:na]
	at java.base/java.lang.Thread.run(Thread.java:1583) ~[na:na]
Caused by: org.hibernate.exception.JDBCConnectionException: Unable to acquire JDBC Connection [HikariPool-1 - Connection is not available, request timed out after 30001ms (total=0, active=0, idle=0, waiting=0)] [n/a]
	at org.hibernate.exception.internal.SQLExceptionTypeDelegate.convert(SQLExceptionTypeDelegate.java:49) ~[hibernate-core-7.2.4.Final.jar:7.2.4.Final]
	at org.hibernate.exception.internal.StandardSQLExceptionConverter.convert(StandardSQLExceptionConverter.java:34) ~[hibernate-core-7.2.4.Final.jar:7.2.4.Final]
	at org.hibernate.engine.jdbc.spi.SqlExceptionHelper.convert(SqlExceptionHelper.java:115) ~[hibernate-core-7.2.4.Final.jar:7.2.4.Final]
	at org.hibernate.engine.jdbc.spi.SqlExceptionHelper.convert(SqlExceptionHelper.java:101) ~[hibernate-core-7.2.4.Final.jar:7.2.4.Final]
	at org.hibernate.resource.jdbc.internal.LogicalConnectionManagedImpl.acquire(LogicalConnectionManagedImpl.java:190) ~[hibernate-core-7.2.4.Final.jar:7.2.4.Final]
	at org.hibernate.resource.jdbc.internal.LogicalConnectionManagedImpl.acquireConnectionIfNeeded(LogicalConnectionManagedImpl.java:87) ~[hibernate-core-7.2.4.Final.jar:7.2.4.Final]
	at org.hibernate.resource.jdbc.internal.LogicalConnectionManagedImpl.getPhysicalConnection(LogicalConnectionManagedImpl.java:126) ~[hibernate-core-7.2.4.Final.jar:7.2.4.Final]
	at org.hibernate.resource.jdbc.internal.LogicalConnectionManagedImpl.getConnectionForTransactionManagement(LogicalConnectionManagedImpl.java:277) ~[hibernate-core-7.2.4.Final.jar:7.2.4.Final]
	at org.hibernate.resource.jdbc.internal.LogicalConnectionManagedImpl.begin(LogicalConnectionManagedImpl.java:286) ~[hibernate-core-7.2.4.Final.jar:7.2.4.Final]
	at org.hibernate.resource.transaction.backend.jdbc.internal.JdbcResourceLocalTransactionCoordinatorImpl$TransactionDriverControlImpl.begin(JdbcResourceLocalTransactionCoordinatorImpl.java:226) ~[hibernate-core-7.2.4.Final.jar:7.2.4.Final]
	at org.hibernate.engine.transaction.internal.TransactionImpl.begin(TransactionImpl.java:75) ~[hibernate-core-7.2.4.Final.jar:7.2.4.Final]
	at org.springframework.orm.jpa.vendor.HibernateJpaDialect.beginTransaction(HibernateJpaDialect.java:147) ~[spring-orm-7.0.5.jar:7.0.5]
	at org.springframework.orm.jpa.JpaTransactionManager.doBegin(JpaTransactionManager.java:411) ~[spring-orm-7.0.5.jar:7.0.5]
	... 24 common frames omitted
Caused by: java.sql.SQLTransientConnectionException: HikariPool-1 - Connection is not available, request timed out after 30001ms (total=0, active=0, idle=0, waiting=0)
	at com.zaxxer.hikari.pool.HikariPool.createTimeoutException(HikariPool.java:714) ~[HikariCP-7.0.2.jar:na]
	at com.zaxxer.hikari.pool.HikariPool.getConnection(HikariPool.java:184) ~[HikariCP-7.0.2.jar:na]
	at com.zaxxer.hikari.pool.HikariPool.getConnection(HikariPool.java:142) ~[HikariCP-7.0.2.jar:na]
	at com.zaxxer.hikari.HikariDataSource.getConnection(HikariDataSource.java:127) ~[HikariCP-7.0.2.jar:na]
	at org.hibernate.engine.jdbc.connections.internal.DataSourceConnectionProvider.getConnection(DataSourceConnectionProvider.java:137) ~[hibernate-core-7.2.4.Final.jar:7.2.4.Final]
	at org.hibernate.internal.NonContextualJdbcConnectionAccess.obtainConnection(NonContextualJdbcConnectionAccess.java:47) ~[hibernate-core-7.2.4.Final.jar:7.2.4.Final]
	at org.hibernate.resource.jdbc.internal.LogicalConnectionManagedImpl.acquire(LogicalConnectionManagedImpl.java:187) ~[hibernate-core-7.2.4.Final.jar:7.2.4.Final]
	... 32 common frames omitted
Caused by: org.postgresql.util.PSQLException: Connection to localhost:5433 refused. Check that the hostname and port are correct and that the postmaster is accepting TCP/IP connections.
	at org.postgresql.core.v3.ConnectionFactoryImpl.openConnectionImpl(ConnectionFactoryImpl.java:346) ~[postgresql-42.7.3.jar:42.7.3]
	at org.postgresql.core.ConnectionFactory.openConnection(ConnectionFactory.java:54) ~[postgresql-42.7.3.jar:42.7.3]
	at org.postgresql.jdbc.PgConnection.<init>(PgConnection.java:273) ~[postgresql-42.7.3.jar:42.7.3]
	at org.postgresql.Driver.makeConnection(Driver.java:446) ~[postgresql-42.7.3.jar:42.7.3]
	at org.postgresql.Driver.connect(Driver.java:298) ~[postgresql-42.7.3.jar:42.7.3]
	at com.zaxxer.hikari.util.DriverDataSource.getConnection(DriverDataSource.java:144) ~[HikariCP-7.0.2.jar:na]
	at com.zaxxer.hikari.pool.PoolBase.newConnection(PoolBase.java:373) ~[HikariCP-7.0.2.jar:na]
	at com.zaxxer.hikari.pool.PoolBase.newPoolEntry(PoolBase.java:210) ~[HikariCP-7.0.2.jar:na]
	at com.zaxxer.hikari.pool.HikariPool.createPoolEntry(HikariPool.java:488) ~[HikariCP-7.0.2.jar:na]
	at com.zaxxer.hikari.pool.HikariPool$PoolEntryCreator.call(HikariPool.java:752) ~[HikariCP-7.0.2.jar:na]
	at com.zaxxer.hikari.pool.HikariPool$PoolEntryCreator.call(HikariPool.java:731) ~[HikariCP-7.0.2.jar:na]
	at java.base/java.util.concurrent.FutureTask.run$$$capture(FutureTask.java:317) ~[na:na]
	at java.base/java.util.concurrent.FutureTask.run(FutureTask.java) ~[na:na]
	... 3 common frames omitted
Caused by: java.net.ConnectException: Connection refused
	at java.base/sun.nio.ch.Net.pollConnect(Native Method) ~[na:na]
	at java.base/sun.nio.ch.Net.pollConnectNow(Net.java:694) ~[na:na]
	at java.base/sun.nio.ch.NioSocketImpl.timedFinishConnect(NioSocketImpl.java:549) ~[na:na]
	at java.base/sun.nio.ch.NioSocketImpl.connect(NioSocketImpl.java:592) ~[na:na]
	at java.base/java.net.SocksSocketImpl.connect(SocksSocketImpl.java:327) ~[na:na]
	at java.base/java.net.Socket.connect(Socket.java:751) ~[na:na]
	at org.postgresql.core.PGStream.createSocket(PGStream.java:243) ~[postgresql-42.7.3.jar:42.7.3]
	at org.postgresql.core.PGStream.<init>(PGStream.java:98) ~[postgresql-42.7.3.jar:42.7.3]
	at org.postgresql.core.v3.ConnectionFactoryImpl.tryConnect(ConnectionFactoryImpl.java:136) ~[postgresql-42.7.3.jar:42.7.3]
	at org.postgresql.core.v3.ConnectionFactoryImpl.openConnectionImpl(ConnectionFactoryImpl.java:262) ~[postgresql-42.7.3.jar:42.7.3]
	... 15 common frames omitted

2026-05-14T07:50:30.006+02:00  WARN 42910 --- [e-shop-backend] [scheduling-1] org.hibernate.orm.jdbc.error             : HHH000247: ErrorCode: 0, SQLState: 08001
2026-05-14T07:50:30.007+02:00  WARN 42910 --- [e-shop-backend] [scheduling-1] org.hibernate.orm.jdbc.error             : HikariPool-1 - Connection is not available, request timed out after 30003ms (total=0, active=0, idle=0, waiting=0)
2026-05-14T07:50:30.007+02:00  WARN 42910 --- [e-shop-backend] [scheduling-1] org.hibernate.orm.jdbc.error             : HHH000247: ErrorCode: 0, SQLState: 08001
2026-05-14T07:50:30.007+02:00  WARN 42910 --- [e-shop-backend] [scheduling-1] org.hibernate.orm.jdbc.error             : HikariPool-1 - Connection is not available, request timed out after 30003ms (total=0, active=0, idle=0, waiting=0)
2026-05-14T07:50:30.007+02:00 ERROR 42910 --- [e-shop-backend] [scheduling-1] o.s.s.s.TaskUtils$LoggingErrorHandler    : Unexpected error occurred in scheduled task

org.springframework.transaction.CannotCreateTransactionException: Could not open JPA EntityManager for transaction
	at org.springframework.orm.jpa.JpaTransactionManager.doBegin(JpaTransactionManager.java:457) ~[spring-orm-7.0.5.jar:7.0.5]
	at org.springframework.transaction.support.AbstractPlatformTransactionManager.startTransaction(AbstractPlatformTransactionManager.java:532) ~[spring-tx-7.0.5.jar:7.0.5]
	at org.springframework.transaction.support.AbstractPlatformTransactionManager.getTransaction(AbstractPlatformTransactionManager.java:405) ~[spring-tx-7.0.5.jar:7.0.5]
	at org.springframework.transaction.interceptor.TransactionAspectSupport.createTransactionIfNecessary(TransactionAspectSupport.java:628) ~[spring-tx-7.0.5.jar:7.0.5]
	at org.springframework.transaction.interceptor.TransactionAspectSupport.invokeWithinTransaction(TransactionAspectSupport.java:365) ~[spring-tx-7.0.5.jar:7.0.5]
	at org.springframework.transaction.interceptor.TransactionInterceptor.invoke(TransactionInterceptor.java:130) ~[spring-tx-7.0.5.jar:7.0.5]
	at org.springframework.aop.framework.ReflectiveMethodInvocation.proceed(ReflectiveMethodInvocation.java:179) ~[spring-aop-7.0.5.jar:7.0.5]
	at org.springframework.aop.framework.CglibAopProxy$DynamicAdvisedInterceptor.intercept(CglibAopProxy.java:719) ~[spring-aop-7.0.5.jar:7.0.5]
	at com.example.emtbackendlab.jobs.MaterializedViewRefreshScheduler$$SpringCGLIB$$0.refreshBooksStatsView(<generated>) ~[classes/:na]
	at java.base/jdk.internal.reflect.DirectMethodHandleAccessor.invoke(DirectMethodHandleAccessor.java:103) ~[na:na]
	at java.base/java.lang.reflect.Method.invoke(Method.java:580) ~[na:na]
	at org.springframework.scheduling.support.ScheduledMethodRunnable.runInternal(ScheduledMethodRunnable.java:128) ~[spring-context-7.0.5.jar:7.0.5]
	at org.springframework.scheduling.support.ScheduledMethodRunnable.lambda$run$1(ScheduledMethodRunnable.java:122) ~[spring-context-7.0.5.jar:7.0.5]
	at io.micrometer.observation.Observation.observe(Observation.java:564) ~[micrometer-observation-1.16.3.jar:1.16.3]
	at org.springframework.scheduling.support.ScheduledMethodRunnable.run(ScheduledMethodRunnable.java:122) ~[spring-context-7.0.5.jar:7.0.5]
	at org.springframework.scheduling.config.Task$OutcomeTrackingRunnable.run(Task.java:88) ~[spring-context-7.0.5.jar:7.0.5]
	at org.springframework.scheduling.support.DelegatingErrorHandlingRunnable.run(DelegatingErrorHandlingRunnable.java:54) ~[spring-context-7.0.5.jar:7.0.5]
	at org.springframework.scheduling.concurrent.ReschedulingRunnable.run(ReschedulingRunnable.java:94) ~[spring-context-7.0.5.jar:7.0.5]
	at java.base/java.util.concurrent.Executors$RunnableAdapter.call(Executors.java:572) ~[na:na]
	at java.base/java.util.concurrent.FutureTask.run$$$capture(FutureTask.java:317) ~[na:na]
	at java.base/java.util.concurrent.FutureTask.run(FutureTask.java) ~[na:na]
	at java.base/java.util.concurrent.ScheduledThreadPoolExecutor$ScheduledFutureTask.run(ScheduledThreadPoolExecutor.java:304) ~[na:na]
	at java.base/java.util.concurrent.ThreadPoolExecutor.runWorker(ThreadPoolExecutor.java:1144) ~[na:na]
	at java.base/java.util.concurrent.ThreadPoolExecutor$Worker.run(ThreadPoolExecutor.java:642) ~[na:na]
	at java.base/java.lang.Thread.run(Thread.java:1583) ~[na:na]
Caused by: org.hibernate.exception.JDBCConnectionException: Unable to acquire JDBC Connection [HikariPool-1 - Connection is not available, request timed out after 30003ms (total=0, active=0, idle=0, waiting=0)] [n/a]
	at org.hibernate.exception.internal.SQLExceptionTypeDelegate.convert(SQLExceptionTypeDelegate.java:49) ~[hibernate-core-7.2.4.Final.jar:7.2.4.Final]
	at org.hibernate.exception.internal.StandardSQLExceptionConverter.convert(StandardSQLExceptionConverter.java:34) ~[hibernate-core-7.2.4.Final.jar:7.2.4.Final]
	at org.hibernate.engine.jdbc.spi.SqlExceptionHelper.convert(SqlExceptionHelper.java:115) ~[hibernate-core-7.2.4.Final.jar:7.2.4.Final]
	at org.hibernate.engine.jdbc.spi.SqlExceptionHelper.convert(SqlExceptionHelper.java:101) ~[hibernate-core-7.2.4.Final.jar:7.2.4.Final]
	at org.hibernate.resource.jdbc.internal.LogicalConnectionManagedImpl.acquire(LogicalConnectionManagedImpl.java:190) ~[hibernate-core-7.2.4.Final.jar:7.2.4.Final]
	at org.hibernate.resource.jdbc.internal.LogicalConnectionManagedImpl.acquireConnectionIfNeeded(LogicalConnectionManagedImpl.java:87) ~[hibernate-core-7.2.4.Final.jar:7.2.4.Final]
	at org.hibernate.resource.jdbc.internal.LogicalConnectionManagedImpl.getPhysicalConnection(LogicalConnectionManagedImpl.java:126) ~[hibernate-core-7.2.4.Final.jar:7.2.4.Final]
	at org.hibernate.resource.jdbc.internal.LogicalConnectionManagedImpl.getConnectionForTransactionManagement(LogicalConnectionManagedImpl.java:277) ~[hibernate-core-7.2.4.Final.jar:7.2.4.Final]
	at org.hibernate.resource.jdbc.internal.LogicalConnectionManagedImpl.begin(LogicalConnectionManagedImpl.java:286) ~[hibernate-core-7.2.4.Final.jar:7.2.4.Final]
	at org.hibernate.resource.transaction.backend.jdbc.internal.JdbcResourceLocalTransactionCoordinatorImpl$TransactionDriverControlImpl.begin(JdbcResourceLocalTransactionCoordinatorImpl.java:226) ~[hibernate-core-7.2.4.Final.jar:7.2.4.Final]
	at org.hibernate.engine.transaction.internal.TransactionImpl.begin(TransactionImpl.java:75) ~[hibernate-core-7.2.4.Final.jar:7.2.4.Final]
	at org.springframework.orm.jpa.vendor.HibernateJpaDialect.beginTransaction(HibernateJpaDialect.java:147) ~[spring-orm-7.0.5.jar:7.0.5]
	at org.springframework.orm.jpa.JpaTransactionManager.doBegin(JpaTransactionManager.java:411) ~[spring-orm-7.0.5.jar:7.0.5]
	... 24 common frames omitted
Caused by: java.sql.SQLTransientConnectionException: HikariPool-1 - Connection is not available, request timed out after 30003ms (total=0, active=0, idle=0, waiting=0)
	at com.zaxxer.hikari.pool.HikariPool.createTimeoutException(HikariPool.java:714) ~[HikariCP-7.0.2.jar:na]
	at com.zaxxer.hikari.pool.HikariPool.getConnection(HikariPool.java:184) ~[HikariCP-7.0.2.jar:na]
	at com.zaxxer.hikari.pool.HikariPool.getConnection(HikariPool.java:142) ~[HikariCP-7.0.2.jar:na]
	at com.zaxxer.hikari.HikariDataSource.getConnection(HikariDataSource.java:127) ~[HikariCP-7.0.2.jar:na]
	at org.hibernate.engine.jdbc.connections.internal.DataSourceConnectionProvider.getConnection(DataSourceConnectionProvider.java:137) ~[hibernate-core-7.2.4.Final.jar:7.2.4.Final]
	at org.hibernate.internal.NonContextualJdbcConnectionAccess.obtainConnection(NonContextualJdbcConnectionAccess.java:47) ~[hibernate-core-7.2.4.Final.jar:7.2.4.Final]
	at org.hibernate.resource.jdbc.internal.LogicalConnectionManagedImpl.acquire(LogicalConnectionManagedImpl.java:187) ~[hibernate-core-7.2.4.Final.jar:7.2.4.Final]
	... 32 common frames omitted
Caused by: org.postgresql.util.PSQLException: Connection to localhost:5433 refused. Check that the hostname and port are correct and that the postmaster is accepting TCP/IP connections.
	at org.postgresql.core.v3.ConnectionFactoryImpl.openConnectionImpl(ConnectionFactoryImpl.java:346) ~[postgresql-42.7.3.jar:42.7.3]
	at org.postgresql.core.ConnectionFactory.openConnection(ConnectionFactory.java:54) ~[postgresql-42.7.3.jar:42.7.3]
	at org.postgresql.jdbc.PgConnection.<init>(PgConnection.java:273) ~[postgresql-42.7.3.jar:42.7.3]
	at org.postgresql.Driver.makeConnection(Driver.java:446) ~[postgresql-42.7.3.jar:42.7.3]
	at org.postgresql.Driver.connect(Driver.java:298) ~[postgresql-42.7.3.jar:42.7.3]
	at com.zaxxer.hikari.util.DriverDataSource.getConnection(DriverDataSource.java:144) ~[HikariCP-7.0.2.jar:na]
	at com.zaxxer.hikari.pool.PoolBase.newConnection(PoolBase.java:373) ~[HikariCP-7.0.2.jar:na]
	at com.zaxxer.hikari.pool.PoolBase.newPoolEntry(PoolBase.java:210) ~[HikariCP-7.0.2.jar:na]
	at com.zaxxer.hikari.pool.HikariPool.createPoolEntry(HikariPool.java:488) ~[HikariCP-7.0.2.jar:na]
	at com.zaxxer.hikari.pool.HikariPool$PoolEntryCreator.call(HikariPool.java:752) ~[HikariCP-7.0.2.jar:na]
	at com.zaxxer.hikari.pool.HikariPool$PoolEntryCreator.call(HikariPool.java:731) ~[HikariCP-7.0.2.jar:na]
	at java.base/java.util.concurrent.FutureTask.run$$$capture(FutureTask.java:317) ~[na:na]
	at java.base/java.util.concurrent.FutureTask.run(FutureTask.java) ~[na:na]
	... 3 common frames omitted
Caused by: java.net.ConnectException: Connection refused
	at java.base/sun.nio.ch.Net.pollConnect(Native Method) ~[na:na]
	at java.base/sun.nio.ch.Net.pollConnectNow(Net.java:694) ~[na:na]
	at java.base/sun.nio.ch.NioSocketImpl.timedFinishConnect(NioSocketImpl.java:549) ~[na:na]
	at java.base/sun.nio.ch.NioSocketImpl.connect(NioSocketImpl.java:592) ~[na:na]
	at java.base/java.net.SocksSocketImpl.connect(SocksSocketImpl.java:327) ~[na:na]
	at java.base/java.net.Socket.connect(Socket.java:751) ~[na:na]
	at org.postgresql.core.PGStream.createSocket(PGStream.java:243) ~[postgresql-42.7.3.jar:42.7.3]
	at org.postgresql.core.PGStream.<init>(PGStream.java:98) ~[postgresql-42.7.3.jar:42.7.3]
	at org.postgresql.core.v3.ConnectionFactoryImpl.tryConnect(ConnectionFactoryImpl.java:136) ~[postgresql-42.7.3.jar:42.7.3]
	at org.postgresql.core.v3.ConnectionFactoryImpl.openConnectionImpl(ConnectionFactoryImpl.java:262) ~[postgresql-42.7.3.jar:42.7.3]
	... 15 common frames omitted

2026-05-14T07:50:34.217+02:00  WARN 42910 --- [e-shop-backend] [HikariPool-1:connection-adder] com.zaxxer.hikari.pool.PoolBase          : HikariPool-1 - Pool is empty, failed to create/setup connection (663ab107-1e1d-4706-9d3f-6105be5c355b)

org.postgresql.util.PSQLException: Connection to localhost:5433 refused. Check that the hostname and port are correct and that the postmaster is accepting TCP/IP connections.
	at org.postgresql.core.v3.ConnectionFactoryImpl.openConnectionImpl(ConnectionFactoryImpl.java:346) ~[postgresql-42.7.3.jar:42.7.3]
	at org.postgresql.core.ConnectionFactory.openConnection(ConnectionFactory.java:54) ~[postgresql-42.7.3.jar:42.7.3]
	at org.postgresql.jdbc.PgConnection.<init>(PgConnection.java:273) ~[postgresql-42.7.3.jar:42.7.3]
	at org.postgresql.Driver.makeConnection(Driver.java:446) ~[postgresql-42.7.3.jar:42.7.3]
	at org.postgresql.Driver.connect(Driver.java:298) ~[postgresql-42.7.3.jar:42.7.3]
	at com.zaxxer.hikari.util.DriverDataSource.getConnection(DriverDataSource.java:144) ~[HikariCP-7.0.2.jar:na]
	at com.zaxxer.hikari.pool.PoolBase.newConnection(PoolBase.java:373) ~[HikariCP-7.0.2.jar:na]
	at com.zaxxer.hikari.pool.PoolBase.newPoolEntry(PoolBase.java:210) ~[HikariCP-7.0.2.jar:na]
	at com.zaxxer.hikari.pool.HikariPool.createPoolEntry(HikariPool.java:488) ~[HikariCP-7.0.2.jar:na]
	at com.zaxxer.hikari.pool.HikariPool$PoolEntryCreator.call(HikariPool.java:752) ~[HikariCP-7.0.2.jar:na]
	at com.zaxxer.hikari.pool.HikariPool$PoolEntryCreator.call(HikariPool.java:731) ~[HikariCP-7.0.2.jar:na]
	at java.base/java.util.concurrent.FutureTask.run$$$capture(FutureTask.java:317) ~[na:na]
	at java.base/java.util.concurrent.FutureTask.run(FutureTask.java) ~[na:na]
	at java.base/java.util.concurrent.ThreadPoolExecutor.runWorker(ThreadPoolExecutor.java:1144) ~[na:na]
	at java.base/java.util.concurrent.ThreadPoolExecutor$Worker.run(ThreadPoolExecutor.java:642) ~[na:na]
	at java.base/java.lang.Thread.run(Thread.java:1583) ~[na:na]
Caused by: java.net.ConnectException: Connection refused
	at java.base/sun.nio.ch.Net.pollConnect(Native Method) ~[na:na]
	at java.base/sun.nio.ch.Net.pollConnectNow(Net.java:694) ~[na:na]
	at java.base/sun.nio.ch.NioSocketImpl.timedFinishConnect(NioSocketImpl.java:549) ~[na:na]
	at java.base/sun.nio.ch.NioSocketImpl.connect(NioSocketImpl.java:592) ~[na:na]
	at java.base/java.net.SocksSocketImpl.connect(SocksSocketImpl.java:327) ~[na:na]
	at java.base/java.net.Socket.connect(Socket.java:751) ~[na:na]
	at org.postgresql.core.PGStream.createSocket(PGStream.java:243) ~[postgresql-42.7.3.jar:42.7.3]
	at org.postgresql.core.PGStream.<init>(PGStream.java:98) ~[postgresql-42.7.3.jar:42.7.3]
	at org.postgresql.core.v3.ConnectionFactoryImpl.tryConnect(ConnectionFactoryImpl.java:136) ~[postgresql-42.7.3.jar:42.7.3]
	at org.postgresql.core.v3.ConnectionFactoryImpl.openConnectionImpl(ConnectionFactoryImpl.java:262) ~[postgresql-42.7.3.jar:42.7.3]
	... 15 common frames omitted

2026-05-14T07:51:30.003+02:00  WARN 42910 --- [e-shop-backend] [scheduling-1] org.hibernate.orm.jdbc.error             : HHH000247: ErrorCode: 0, SQLState: 08001
2026-05-14T07:51:30.004+02:00  WARN 42910 --- [e-shop-backend] [scheduling-1] org.hibernate.orm.jdbc.error             : HikariPool-1 - Connection is not available, request timed out after 30002ms (total=0, active=0, idle=0, waiting=0)
2026-05-14T07:51:30.004+02:00  WARN 42910 --- [e-shop-backend] [scheduling-1] org.hibernate.orm.jdbc.error             : HHH000247: ErrorCode: 0, SQLState: 08001
2026-05-14T07:51:30.004+02:00  WARN 42910 --- [e-shop-backend] [scheduling-1] org.hibernate.orm.jdbc.error             : HikariPool-1 - Connection is not available, request timed out after 30002ms (total=0, active=0, idle=0, waiting=0)
2026-05-14T07:51:30.004+02:00 ERROR 42910 --- [e-shop-backend] [scheduling-1] o.s.s.s.TaskUtils$LoggingErrorHandler    : Unexpected error occurred in scheduled task

org.springframework.transaction.CannotCreateTransactionException: Could not open JPA EntityManager for transaction
	at org.springframework.orm.jpa.JpaTransactionManager.doBegin(JpaTransactionManager.java:457) ~[spring-orm-7.0.5.jar:7.0.5]
	at org.springframework.transaction.support.AbstractPlatformTransactionManager.startTransaction(AbstractPlatformTransactionManager.java:532) ~[spring-tx-7.0.5.jar:7.0.5]
	at org.springframework.transaction.support.AbstractPlatformTransactionManager.getTransaction(AbstractPlatformTransactionManager.java:405) ~[spring-tx-7.0.5.jar:7.0.5]
	at org.springframework.transaction.interceptor.TransactionAspectSupport.createTransactionIfNecessary(TransactionAspectSupport.java:628) ~[spring-tx-7.0.5.jar:7.0.5]
	at org.springframework.transaction.interceptor.TransactionAspectSupport.invokeWithinTransaction(TransactionAspectSupport.java:365) ~[spring-tx-7.0.5.jar:7.0.5]
	at org.springframework.transaction.interceptor.TransactionInterceptor.invoke(TransactionInterceptor.java:130) ~[spring-tx-7.0.5.jar:7.0.5]
	at org.springframework.aop.framework.ReflectiveMethodInvocation.proceed(ReflectiveMethodInvocation.java:179) ~[spring-aop-7.0.5.jar:7.0.5]
	at org.springframework.aop.framework.CglibAopProxy$DynamicAdvisedInterceptor.intercept(CglibAopProxy.java:719) ~[spring-aop-7.0.5.jar:7.0.5]
	at com.example.emtbackendlab.jobs.MaterializedViewRefreshScheduler$$SpringCGLIB$$0.refreshBooksStatsView(<generated>) ~[classes/:na]
	at java.base/jdk.internal.reflect.DirectMethodHandleAccessor.invoke(DirectMethodHandleAccessor.java:103) ~[na:na]
	at java.base/java.lang.reflect.Method.invoke(Method.java:580) ~[na:na]
	at org.springframework.scheduling.support.ScheduledMethodRunnable.runInternal(ScheduledMethodRunnable.java:128) ~[spring-context-7.0.5.jar:7.0.5]
	at org.springframework.scheduling.support.ScheduledMethodRunnable.lambda$run$1(ScheduledMethodRunnable.java:122) ~[spring-context-7.0.5.jar:7.0.5]
	at io.micrometer.observation.Observation.observe(Observation.java:564) ~[micrometer-observation-1.16.3.jar:1.16.3]
	at org.springframework.scheduling.support.ScheduledMethodRunnable.run(ScheduledMethodRunnable.java:122) ~[spring-context-7.0.5.jar:7.0.5]
	at org.springframework.scheduling.config.Task$OutcomeTrackingRunnable.run(Task.java:88) ~[spring-context-7.0.5.jar:7.0.5]
	at org.springframework.scheduling.support.DelegatingErrorHandlingRunnable.run(DelegatingErrorHandlingRunnable.java:54) ~[spring-context-7.0.5.jar:7.0.5]
	at org.springframework.scheduling.concurrent.ReschedulingRunnable.run(ReschedulingRunnable.java:94) ~[spring-context-7.0.5.jar:7.0.5]
	at java.base/java.util.concurrent.Executors$RunnableAdapter.call(Executors.java:572) ~[na:na]
	at java.base/java.util.concurrent.FutureTask.run$$$capture(FutureTask.java:317) ~[na:na]
	at java.base/java.util.concurrent.FutureTask.run(FutureTask.java) ~[na:na]
	at java.base/java.util.concurrent.ScheduledThreadPoolExecutor$ScheduledFutureTask.run(ScheduledThreadPoolExecutor.java:304) ~[na:na]
	at java.base/java.util.concurrent.ThreadPoolExecutor.runWorker(ThreadPoolExecutor.java:1144) ~[na:na]
	at java.base/java.util.concurrent.ThreadPoolExecutor$Worker.run(ThreadPoolExecutor.java:642) ~[na:na]
	at java.base/java.lang.Thread.run(Thread.java:1583) ~[na:na]
Caused by: org.hibernate.exception.JDBCConnectionException: Unable to acquire JDBC Connection [HikariPool-1 - Connection is not available, request timed out after 30002ms (total=0, active=0, idle=0, waiting=0)] [n/a]
	at org.hibernate.exception.internal.SQLExceptionTypeDelegate.convert(SQLExceptionTypeDelegate.java:49) ~[hibernate-core-7.2.4.Final.jar:7.2.4.Final]
	at org.hibernate.exception.internal.StandardSQLExceptionConverter.convert(StandardSQLExceptionConverter.java:34) ~[hibernate-core-7.2.4.Final.jar:7.2.4.Final]
	at org.hibernate.engine.jdbc.spi.SqlExceptionHelper.convert(SqlExceptionHelper.java:115) ~[hibernate-core-7.2.4.Final.jar:7.2.4.Final]
	at org.hibernate.engine.jdbc.spi.SqlExceptionHelper.convert(SqlExceptionHelper.java:101) ~[hibernate-core-7.2.4.Final.jar:7.2.4.Final]
	at org.hibernate.resource.jdbc.internal.LogicalConnectionManagedImpl.acquire(LogicalConnectionManagedImpl.java:190) ~[hibernate-core-7.2.4.Final.jar:7.2.4.Final]
	at org.hibernate.resource.jdbc.internal.LogicalConnectionManagedImpl.acquireConnectionIfNeeded(LogicalConnectionManagedImpl.java:87) ~[hibernate-core-7.2.4.Final.jar:7.2.4.Final]
	at org.hibernate.resource.jdbc.internal.LogicalConnectionManagedImpl.getPhysicalConnection(LogicalConnectionManagedImpl.java:126) ~[hibernate-core-7.2.4.Final.jar:7.2.4.Final]
	at org.hibernate.resource.jdbc.internal.LogicalConnectionManagedImpl.getConnectionForTransactionManagement(LogicalConnectionManagedImpl.java:277) ~[hibernate-core-7.2.4.Final.jar:7.2.4.Final]
	at org.hibernate.resource.jdbc.internal.LogicalConnectionManagedImpl.begin(LogicalConnectionManagedImpl.java:286) ~[hibernate-core-7.2.4.Final.jar:7.2.4.Final]
	at org.hibernate.resource.transaction.backend.jdbc.internal.JdbcResourceLocalTransactionCoordinatorImpl$TransactionDriverControlImpl.begin(JdbcResourceLocalTransactionCoordinatorImpl.java:226) ~[hibernate-core-7.2.4.Final.jar:7.2.4.Final]
	at org.hibernate.engine.transaction.internal.TransactionImpl.begin(TransactionImpl.java:75) ~[hibernate-core-7.2.4.Final.jar:7.2.4.Final]
	at org.springframework.orm.jpa.vendor.HibernateJpaDialect.beginTransaction(HibernateJpaDialect.java:147) ~[spring-orm-7.0.5.jar:7.0.5]
	at org.springframework.orm.jpa.JpaTransactionManager.doBegin(JpaTransactionManager.java:411) ~[spring-orm-7.0.5.jar:7.0.5]
	... 24 common frames omitted
Caused by: java.sql.SQLTransientConnectionException: HikariPool-1 - Connection is not available, request timed out after 30002ms (total=0, active=0, idle=0, waiting=0)
	at com.zaxxer.hikari.pool.HikariPool.createTimeoutException(HikariPool.java:714) ~[HikariCP-7.0.2.jar:na]
	at com.zaxxer.hikari.pool.HikariPool.getConnection(HikariPool.java:184) ~[HikariCP-7.0.2.jar:na]
	at com.zaxxer.hikari.pool.HikariPool.getConnection(HikariPool.java:142) ~[HikariCP-7.0.2.jar:na]
	at com.zaxxer.hikari.HikariDataSource.getConnection(HikariDataSource.java:127) ~[HikariCP-7.0.2.jar:na]
	at org.hibernate.engine.jdbc.connections.internal.DataSourceConnectionProvider.getConnection(DataSourceConnectionProvider.java:137) ~[hibernate-core-7.2.4.Final.jar:7.2.4.Final]
	at org.hibernate.internal.NonContextualJdbcConnectionAccess.obtainConnection(NonContextualJdbcConnectionAccess.java:47) ~[hibernate-core-7.2.4.Final.jar:7.2.4.Final]
	at org.hibernate.resource.jdbc.internal.LogicalConnectionManagedImpl.acquire(LogicalConnectionManagedImpl.java:187) ~[hibernate-core-7.2.4.Final.jar:7.2.4.Final]
	... 32 common frames omitted
Caused by: org.postgresql.util.PSQLException: Connection to localhost:5433 refused. Check that the hostname and port are correct and that the postmaster is accepting TCP/IP connections.
	at org.postgresql.core.v3.ConnectionFactoryImpl.openConnectionImpl(ConnectionFactoryImpl.java:346) ~[postgresql-42.7.3.jar:42.7.3]
	at org.postgresql.core.ConnectionFactory.openConnection(ConnectionFactory.java:54) ~[postgresql-42.7.3.jar:42.7.3]
	at org.postgresql.jdbc.PgConnection.<init>(PgConnection.java:273) ~[postgresql-42.7.3.jar:42.7.3]
	at org.postgresql.Driver.makeConnection(Driver.java:446) ~[postgresql-42.7.3.jar:42.7.3]
	at org.postgresql.Driver.connect(Driver.java:298) ~[postgresql-42.7.3.jar:42.7.3]
	at com.zaxxer.hikari.util.DriverDataSource.getConnection(DriverDataSource.java:144) ~[HikariCP-7.0.2.jar:na]
	at com.zaxxer.hikari.pool.PoolBase.newConnection(PoolBase.java:373) ~[HikariCP-7.0.2.jar:na]
	at com.zaxxer.hikari.pool.PoolBase.newPoolEntry(PoolBase.java:210) ~[HikariCP-7.0.2.jar:na]
	at com.zaxxer.hikari.pool.HikariPool.createPoolEntry(HikariPool.java:488) ~[HikariCP-7.0.2.jar:na]
	at com.zaxxer.hikari.pool.HikariPool$PoolEntryCreator.call(HikariPool.java:752) ~[HikariCP-7.0.2.jar:na]
	at com.zaxxer.hikari.pool.HikariPool$PoolEntryCreator.call(HikariPool.java:731) ~[HikariCP-7.0.2.jar:na]
	at java.base/java.util.concurrent.FutureTask.run$$$capture(FutureTask.java:317) ~[na:na]
	at java.base/java.util.concurrent.FutureTask.run(FutureTask.java) ~[na:na]
	... 3 common frames omitted
Caused by: java.net.ConnectException: Connection refused
	at java.base/sun.nio.ch.Net.pollConnect(Native Method) ~[na:na]
	at java.base/sun.nio.ch.Net.pollConnectNow(Net.java:694) ~[na:na]
	at java.base/sun.nio.ch.NioSocketImpl.timedFinishConnect(NioSocketImpl.java:549) ~[na:na]
	at java.base/sun.nio.ch.NioSocketImpl.connect(NioSocketImpl.java:592) ~[na:na]
	at java.base/java.net.SocksSocketImpl.connect(SocksSocketImpl.java:327) ~[na:na]
	at java.base/java.net.Socket.connect(Socket.java:751) ~[na:na]
	at org.postgresql.core.PGStream.createSocket(PGStream.java:243) ~[postgresql-42.7.3.jar:42.7.3]
	at org.postgresql.core.PGStream.<init>(PGStream.java:98) ~[postgresql-42.7.3.jar:42.7.3]
	at org.postgresql.core.v3.ConnectionFactoryImpl.tryConnect(ConnectionFactoryImpl.java:136) ~[postgresql-42.7.3.jar:42.7.3]
	at org.postgresql.core.v3.ConnectionFactoryImpl.openConnectionImpl(ConnectionFactoryImpl.java:262) ~[postgresql-42.7.3.jar:42.7.3]
	... 15 common frames omitted

2026-05-14T07:51:39.274+02:00  WARN 42910 --- [e-shop-backend] [HikariPool-1:connection-adder] com.zaxxer.hikari.pool.PoolBase          : HikariPool-1 - Pool is empty, failed to create/setup connection (29631f64-8462-4503-aaeb-7d474ae8d0b9)

org.postgresql.util.PSQLException: Connection to localhost:5433 refused. Check that the hostname and port are correct and that the postmaster is accepting TCP/IP connections.
	at org.postgresql.core.v3.ConnectionFactoryImpl.openConnectionImpl(ConnectionFactoryImpl.java:346) ~[postgresql-42.7.3.jar:42.7.3]
	at org.postgresql.core.ConnectionFactory.openConnection(ConnectionFactory.java:54) ~[postgresql-42.7.3.jar:42.7.3]
	at org.postgresql.jdbc.PgConnection.<init>(PgConnection.java:273) ~[postgresql-42.7.3.jar:42.7.3]
	at org.postgresql.Driver.makeConnection(Driver.java:446) ~[postgresql-42.7.3.jar:42.7.3]
	at org.postgresql.Driver.connect(Driver.java:298) ~[postgresql-42.7.3.jar:42.7.3]
	at com.zaxxer.hikari.util.DriverDataSource.getConnection(DriverDataSource.java:144) ~[HikariCP-7.0.2.jar:na]
	at com.zaxxer.hikari.pool.PoolBase.newConnection(PoolBase.java:373) ~[HikariCP-7.0.2.jar:na]
	at com.zaxxer.hikari.pool.PoolBase.newPoolEntry(PoolBase.java:210) ~[HikariCP-7.0.2.jar:na]
	at com.zaxxer.hikari.pool.HikariPool.createPoolEntry(HikariPool.java:488) ~[HikariCP-7.0.2.jar:na]
	at com.zaxxer.hikari.pool.HikariPool$PoolEntryCreator.call(HikariPool.java:752) ~[HikariCP-7.0.2.jar:na]
	at com.zaxxer.hikari.pool.HikariPool$PoolEntryCreator.call(HikariPool.java:731) ~[HikariCP-7.0.2.jar:na]
	at java.base/java.util.concurrent.FutureTask.run$$$capture(FutureTask.java:317) ~[na:na]
	at java.base/java.util.concurrent.FutureTask.run(FutureTask.java) ~[na:na]
	at java.base/java.util.concurrent.ThreadPoolExecutor.runWorker(ThreadPoolExecutor.java:1144) ~[na:na]
	at java.base/java.util.concurrent.ThreadPoolExecutor$Worker.run(ThreadPoolExecutor.java:642) ~[na:na]
	at java.base/java.lang.Thread.run(Thread.java:1583) ~[na:na]
Caused by: java.net.ConnectException: Connection refused
	at java.base/sun.nio.ch.Net.pollConnect(Native Method) ~[na:na]
	at java.base/sun.nio.ch.Net.pollConnectNow(Net.java:694) ~[na:na]
	at java.base/sun.nio.ch.NioSocketImpl.timedFinishConnect(NioSocketImpl.java:549) ~[na:na]
	at java.base/sun.nio.ch.NioSocketImpl.connect(NioSocketImpl.java:592) ~[na:na]
	at java.base/java.net.SocksSocketImpl.connect(SocksSocketImpl.java:327) ~[na:na]
	at java.base/java.net.Socket.connect(Socket.java:751) ~[na:na]
	at org.postgresql.core.PGStream.createSocket(PGStream.java:243) ~[postgresql-42.7.3.jar:42.7.3]
	at org.postgresql.core.PGStream.<init>(PGStream.java:98) ~[postgresql-42.7.3.jar:42.7.3]
	at org.postgresql.core.v3.ConnectionFactoryImpl.tryConnect(ConnectionFactoryImpl.java:136) ~[postgresql-42.7.3.jar:42.7.3]
	at org.postgresql.core.v3.ConnectionFactoryImpl.openConnectionImpl(ConnectionFactoryImpl.java:262) ~[postgresql-42.7.3.jar:42.7.3]
	... 15 common frames omitted

2026-05-14T07:52:30.001+02:00  WARN 42910 --- [e-shop-backend] [scheduling-1] org.hibernate.orm.jdbc.error             : HHH000247: ErrorCode: 0, SQLState: 08001
2026-05-14T07:52:30.003+02:00  WARN 42910 --- [e-shop-backend] [scheduling-1] org.hibernate.orm.jdbc.error             : HikariPool-1 - Connection is not available, request timed out after 30000ms (total=0, active=0, idle=0, waiting=0)
2026-05-14T07:52:30.003+02:00  WARN 42910 --- [e-shop-backend] [scheduling-1] org.hibernate.orm.jdbc.error             : HHH000247: ErrorCode: 0, SQLState: 08001
2026-05-14T07:52:30.003+02:00  WARN 42910 --- [e-shop-backend] [scheduling-1] org.hibernate.orm.jdbc.error             : HikariPool-1 - Connection is not available, request timed out after 30000ms (total=0, active=0, idle=0, waiting=0)
2026-05-14T07:52:30.003+02:00 ERROR 42910 --- [e-shop-backend] [scheduling-1] o.s.s.s.TaskUtils$LoggingErrorHandler    : Unexpected error occurred in scheduled task

org.springframework.transaction.CannotCreateTransactionException: Could not open JPA EntityManager for transaction
	at org.springframework.orm.jpa.JpaTransactionManager.doBegin(JpaTransactionManager.java:457) ~[spring-orm-7.0.5.jar:7.0.5]
	at org.springframework.transaction.support.AbstractPlatformTransactionManager.startTransaction(AbstractPlatformTransactionManager.java:532) ~[spring-tx-7.0.5.jar:7.0.5]
	at org.springframework.transaction.support.AbstractPlatformTransactionManager.getTransaction(AbstractPlatformTransactionManager.java:405) ~[spring-tx-7.0.5.jar:7.0.5]
	at org.springframework.transaction.interceptor.TransactionAspectSupport.createTransactionIfNecessary(TransactionAspectSupport.java:628) ~[spring-tx-7.0.5.jar:7.0.5]
	at org.springframework.transaction.interceptor.TransactionAspectSupport.invokeWithinTransaction(TransactionAspectSupport.java:365) ~[spring-tx-7.0.5.jar:7.0.5]
	at org.springframework.transaction.interceptor.TransactionInterceptor.invoke(TransactionInterceptor.java:130) ~[spring-tx-7.0.5.jar:7.0.5]
	at org.springframework.aop.framework.ReflectiveMethodInvocation.proceed(ReflectiveMethodInvocation.java:179) ~[spring-aop-7.0.5.jar:7.0.5]
	at org.springframework.aop.framework.CglibAopProxy$DynamicAdvisedInterceptor.intercept(CglibAopProxy.java:719) ~[spring-aop-7.0.5.jar:7.0.5]
	at com.example.emtbackendlab.jobs.MaterializedViewRefreshScheduler$$SpringCGLIB$$0.refreshBooksStatsView(<generated>) ~[classes/:na]
	at java.base/jdk.internal.reflect.DirectMethodHandleAccessor.invoke(DirectMethodHandleAccessor.java:103) ~[na:na]
	at java.base/java.lang.reflect.Method.invoke(Method.java:580) ~[na:na]
	at org.springframework.scheduling.support.ScheduledMethodRunnable.runInternal(ScheduledMethodRunnable.java:128) ~[spring-context-7.0.5.jar:7.0.5]
	at org.springframework.scheduling.support.ScheduledMethodRunnable.lambda$run$1(ScheduledMethodRunnable.java:122) ~[spring-context-7.0.5.jar:7.0.5]
	at io.micrometer.observation.Observation.observe(Observation.java:564) ~[micrometer-observation-1.16.3.jar:1.16.3]
	at org.springframework.scheduling.support.ScheduledMethodRunnable.run(ScheduledMethodRunnable.java:122) ~[spring-context-7.0.5.jar:7.0.5]
	at org.springframework.scheduling.config.Task$OutcomeTrackingRunnable.run(Task.java:88) ~[spring-context-7.0.5.jar:7.0.5]
	at org.springframework.scheduling.support.DelegatingErrorHandlingRunnable.run(DelegatingErrorHandlingRunnable.java:54) ~[spring-context-7.0.5.jar:7.0.5]
	at org.springframework.scheduling.concurrent.ReschedulingRunnable.run(ReschedulingRunnable.java:94) ~[spring-context-7.0.5.jar:7.0.5]
	at java.base/java.util.concurrent.Executors$RunnableAdapter.call(Executors.java:572) ~[na:na]
	at java.base/java.util.concurrent.FutureTask.run$$$capture(FutureTask.java:317) ~[na:na]
	at java.base/java.util.concurrent.FutureTask.run(FutureTask.java) ~[na:na]
	at java.base/java.util.concurrent.ScheduledThreadPoolExecutor$ScheduledFutureTask.run(ScheduledThreadPoolExecutor.java:304) ~[na:na]
	at java.base/java.util.concurrent.ThreadPoolExecutor.runWorker(ThreadPoolExecutor.java:1144) ~[na:na]
	at java.base/java.util.concurrent.ThreadPoolExecutor$Worker.run(ThreadPoolExecutor.java:642) ~[na:na]
	at java.base/java.lang.Thread.run(Thread.java:1583) ~[na:na]
Caused by: org.hibernate.exception.JDBCConnectionException: Unable to acquire JDBC Connection [HikariPool-1 - Connection is not available, request timed out after 30000ms (total=0, active=0, idle=0, waiting=0)] [n/a]
	at org.hibernate.exception.internal.SQLExceptionTypeDelegate.convert(SQLExceptionTypeDelegate.java:49) ~[hibernate-core-7.2.4.Final.jar:7.2.4.Final]
	at org.hibernate.exception.internal.StandardSQLExceptionConverter.convert(StandardSQLExceptionConverter.java:34) ~[hibernate-core-7.2.4.Final.jar:7.2.4.Final]
	at org.hibernate.engine.jdbc.spi.SqlExceptionHelper.convert(SqlExceptionHelper.java:115) ~[hibernate-core-7.2.4.Final.jar:7.2.4.Final]
	at org.hibernate.engine.jdbc.spi.SqlExceptionHelper.convert(SqlExceptionHelper.java:101) ~[hibernate-core-7.2.4.Final.jar:7.2.4.Final]
	at org.hibernate.resource.jdbc.internal.LogicalConnectionManagedImpl.acquire(LogicalConnectionManagedImpl.java:190) ~[hibernate-core-7.2.4.Final.jar:7.2.4.Final]
	at org.hibernate.resource.jdbc.internal.LogicalConnectionManagedImpl.acquireConnectionIfNeeded(LogicalConnectionManagedImpl.java:87) ~[hibernate-core-7.2.4.Final.jar:7.2.4.Final]
	at org.hibernate.resource.jdbc.internal.LogicalConnectionManagedImpl.getPhysicalConnection(LogicalConnectionManagedImpl.java:126) ~[hibernate-core-7.2.4.Final.jar:7.2.4.Final]
	at org.hibernate.resource.jdbc.internal.LogicalConnectionManagedImpl.getConnectionForTransactionManagement(LogicalConnectionManagedImpl.java:277) ~[hibernate-core-7.2.4.Final.jar:7.2.4.Final]
	at org.hibernate.resource.jdbc.internal.LogicalConnectionManagedImpl.begin(LogicalConnectionManagedImpl.java:286) ~[hibernate-core-7.2.4.Final.jar:7.2.4.Final]
	at org.hibernate.resource.transaction.backend.jdbc.internal.JdbcResourceLocalTransactionCoordinatorImpl$TransactionDriverControlImpl.begin(JdbcResourceLocalTransactionCoordinatorImpl.java:226) ~[hibernate-core-7.2.4.Final.jar:7.2.4.Final]
	at org.hibernate.engine.transaction.internal.TransactionImpl.begin(TransactionImpl.java:75) ~[hibernate-core-7.2.4.Final.jar:7.2.4.Final]
	at org.springframework.orm.jpa.vendor.HibernateJpaDialect.beginTransaction(HibernateJpaDialect.java:147) ~[spring-orm-7.0.5.jar:7.0.5]
	at org.springframework.orm.jpa.JpaTransactionManager.doBegin(JpaTransactionManager.java:411) ~[spring-orm-7.0.5.jar:7.0.5]
	... 24 common frames omitted
Caused by: java.sql.SQLTransientConnectionException: HikariPool-1 - Connection is not available, request timed out after 30000ms (total=0, active=0, idle=0, waiting=0)
	at com.zaxxer.hikari.pool.HikariPool.createTimeoutException(HikariPool.java:714) ~[HikariCP-7.0.2.jar:na]
	at com.zaxxer.hikari.pool.HikariPool.getConnection(HikariPool.java:184) ~[HikariCP-7.0.2.jar:na]
	at com.zaxxer.hikari.pool.HikariPool.getConnection(HikariPool.java:142) ~[HikariCP-7.0.2.jar:na]
	at com.zaxxer.hikari.HikariDataSource.getConnection(HikariDataSource.java:127) ~[HikariCP-7.0.2.jar:na]
	at org.hibernate.engine.jdbc.connections.internal.DataSourceConnectionProvider.getConnection(DataSourceConnectionProvider.java:137) ~[hibernate-core-7.2.4.Final.jar:7.2.4.Final]
	at org.hibernate.internal.NonContextualJdbcConnectionAccess.obtainConnection(NonContextualJdbcConnectionAccess.java:47) ~[hibernate-core-7.2.4.Final.jar:7.2.4.Final]
	at org.hibernate.resource.jdbc.internal.LogicalConnectionManagedImpl.acquire(LogicalConnectionManagedImpl.java:187) ~[hibernate-core-7.2.4.Final.jar:7.2.4.Final]
	... 32 common frames omitted
Caused by: org.postgresql.util.PSQLException: Connection to localhost:5433 refused. Check that the hostname and port are correct and that the postmaster is accepting TCP/IP connections.
	at org.postgresql.core.v3.ConnectionFactoryImpl.openConnectionImpl(ConnectionFactoryImpl.java:346) ~[postgresql-42.7.3.jar:42.7.3]
	at org.postgresql.core.ConnectionFactory.openConnection(ConnectionFactory.java:54) ~[postgresql-42.7.3.jar:42.7.3]
	at org.postgresql.jdbc.PgConnection.<init>(PgConnection.java:273) ~[postgresql-42.7.3.jar:42.7.3]
	at org.postgresql.Driver.makeConnection(Driver.java:446) ~[postgresql-42.7.3.jar:42.7.3]
	at org.postgresql.Driver.connect(Driver.java:298) ~[postgresql-42.7.3.jar:42.7.3]
	at com.zaxxer.hikari.util.DriverDataSource.getConnection(DriverDataSource.java:144) ~[HikariCP-7.0.2.jar:na]
	at com.zaxxer.hikari.pool.PoolBase.newConnection(PoolBase.java:373) ~[HikariCP-7.0.2.jar:na]
	at com.zaxxer.hikari.pool.PoolBase.newPoolEntry(PoolBase.java:210) ~[HikariCP-7.0.2.jar:na]
	at com.zaxxer.hikari.pool.HikariPool.createPoolEntry(HikariPool.java:488) ~[HikariCP-7.0.2.jar:na]
	at com.zaxxer.hikari.pool.HikariPool$PoolEntryCreator.call(HikariPool.java:752) ~[HikariCP-7.0.2.jar:na]
	at com.zaxxer.hikari.pool.HikariPool$PoolEntryCreator.call(HikariPool.java:731) ~[HikariCP-7.0.2.jar:na]
	at java.base/java.util.concurrent.FutureTask.run$$$capture(FutureTask.java:317) ~[na:na]
	at java.base/java.util.concurrent.FutureTask.run(FutureTask.java) ~[na:na]
	... 3 common frames omitted
Caused by: java.net.ConnectException: Connection refused
	at java.base/sun.nio.ch.Net.pollConnect(Native Method) ~[na:na]
	at java.base/sun.nio.ch.Net.pollConnectNow(Net.java:694) ~[na:na]
	at java.base/sun.nio.ch.NioSocketImpl.timedFinishConnect(NioSocketImpl.java:549) ~[na:na]
	at java.base/sun.nio.ch.NioSocketImpl.connect(NioSocketImpl.java:592) ~[na:na]
	at java.base/java.net.SocksSocketImpl.connect(SocksSocketImpl.java:327) ~[na:na]
	at java.base/java.net.Socket.connect(Socket.java:751) ~[na:na]
	at org.postgresql.core.PGStream.createSocket(PGStream.java:243) ~[postgresql-42.7.3.jar:42.7.3]
	at org.postgresql.core.PGStream.<init>(PGStream.java:98) ~[postgresql-42.7.3.jar:42.7.3]
	at org.postgresql.core.v3.ConnectionFactoryImpl.tryConnect(ConnectionFactoryImpl.java:136) ~[postgresql-42.7.3.jar:42.7.3]
	at org.postgresql.core.v3.ConnectionFactoryImpl.openConnectionImpl(ConnectionFactoryImpl.java:262) ~[postgresql-42.7.3.jar:42.7.3]
	... 15 common frames omitted

2026-05-14T07:52:44.325+02:00  WARN 42910 --- [e-shop-backend] [HikariPool-1:connection-adder] com.zaxxer.hikari.pool.PoolBase          : HikariPool-1 - Pool is empty, failed to create/setup connection (a1efa2ec-fbff-486b-919e-c3aa1f93e2e7)

org.postgresql.util.PSQLException: Connection to localhost:5433 refused. Check that the hostname and port are correct and that the postmaster is accepting TCP/IP connections.
	at org.postgresql.core.v3.ConnectionFactoryImpl.openConnectionImpl(ConnectionFactoryImpl.java:346) ~[postgresql-42.7.3.jar:42.7.3]
	at org.postgresql.core.ConnectionFactory.openConnection(ConnectionFactory.java:54) ~[postgresql-42.7.3.jar:42.7.3]
	at org.postgresql.jdbc.PgConnection.<init>(PgConnection.java:273) ~[postgresql-42.7.3.jar:42.7.3]
	at org.postgresql.Driver.makeConnection(Driver.java:446) ~[postgresql-42.7.3.jar:42.7.3]
	at org.postgresql.Driver.connect(Driver.java:298) ~[postgresql-42.7.3.jar:42.7.3]
	at com.zaxxer.hikari.util.DriverDataSource.getConnection(DriverDataSource.java:144) ~[HikariCP-7.0.2.jar:na]
	at com.zaxxer.hikari.pool.PoolBase.newConnection(PoolBase.java:373) ~[HikariCP-7.0.2.jar:na]
	at com.zaxxer.hikari.pool.PoolBase.newPoolEntry(PoolBase.java:210) ~[HikariCP-7.0.2.jar:na]
	at com.zaxxer.hikari.pool.HikariPool.createPoolEntry(HikariPool.java:488) ~[HikariCP-7.0.2.jar:na]
	at com.zaxxer.hikari.pool.HikariPool$PoolEntryCreator.call(HikariPool.java:752) ~[HikariCP-7.0.2.jar:na]
	at com.zaxxer.hikari.pool.HikariPool$PoolEntryCreator.call(HikariPool.java:731) ~[HikariCP-7.0.2.jar:na]
	at java.base/java.util.concurrent.FutureTask.run$$$capture(FutureTask.java:317) ~[na:na]
	at java.base/java.util.concurrent.FutureTask.run(FutureTask.java) ~[na:na]
	at java.base/java.util.concurrent.ThreadPoolExecutor.runWorker(ThreadPoolExecutor.java:1144) ~[na:na]
	at java.base/java.util.concurrent.ThreadPoolExecutor$Worker.run(ThreadPoolExecutor.java:642) ~[na:na]
	at java.base/java.lang.Thread.run(Thread.java:1583) ~[na:na]
Caused by: java.net.ConnectException: Connection refused
	at java.base/sun.nio.ch.Net.pollConnect(Native Method) ~[na:na]
	at java.base/sun.nio.ch.Net.pollConnectNow(Net.java:694) ~[na:na]
	at java.base/sun.nio.ch.NioSocketImpl.timedFinishConnect(NioSocketImpl.java:549) ~[na:na]
	at java.base/sun.nio.ch.NioSocketImpl.connect(NioSocketImpl.java:592) ~[na:na]
	at java.base/java.net.SocksSocketImpl.connect(SocksSocketImpl.java:327) ~[na:na]
	at java.base/java.net.Socket.connect(Socket.java:751) ~[na:na]
	at org.postgresql.core.PGStream.createSocket(PGStream.java:243) ~[postgresql-42.7.3.jar:42.7.3]
	at org.postgresql.core.PGStream.<init>(PGStream.java:98) ~[postgresql-42.7.3.jar:42.7.3]
	at org.postgresql.core.v3.ConnectionFactoryImpl.tryConnect(ConnectionFactoryImpl.java:136) ~[postgresql-42.7.3.jar:42.7.3]
	at org.postgresql.core.v3.ConnectionFactoryImpl.openConnectionImpl(ConnectionFactoryImpl.java:262) ~[postgresql-42.7.3.jar:42.7.3]
	... 15 common frames omitted

2026-05-14T07:53:30.003+02:00  WARN 42910 --- [e-shop-backend] [scheduling-1] org.hibernate.orm.jdbc.error             : HHH000247: ErrorCode: 0, SQLState: 08001
2026-05-14T07:53:30.003+02:00  WARN 42910 --- [e-shop-backend] [scheduling-1] org.hibernate.orm.jdbc.error             : HikariPool-1 - Connection is not available, request timed out after 30001ms (total=0, active=0, idle=0, waiting=0)
2026-05-14T07:53:30.003+02:00  WARN 42910 --- [e-shop-backend] [scheduling-1] org.hibernate.orm.jdbc.error             : HHH000247: ErrorCode: 0, SQLState: 08001
2026-05-14T07:53:30.003+02:00  WARN 42910 --- [e-shop-backend] [scheduling-1] org.hibernate.orm.jdbc.error             : HikariPool-1 - Connection is not available, request timed out after 30001ms (total=0, active=0, idle=0, waiting=0)
2026-05-14T07:53:30.003+02:00 ERROR 42910 --- [e-shop-backend] [scheduling-1] o.s.s.s.TaskUtils$LoggingErrorHandler    : Unexpected error occurred in scheduled task

org.springframework.transaction.CannotCreateTransactionException: Could not open JPA EntityManager for transaction
	at org.springframework.orm.jpa.JpaTransactionManager.doBegin(JpaTransactionManager.java:457) ~[spring-orm-7.0.5.jar:7.0.5]
	at org.springframework.transaction.support.AbstractPlatformTransactionManager.startTransaction(AbstractPlatformTransactionManager.java:532) ~[spring-tx-7.0.5.jar:7.0.5]
	at org.springframework.transaction.support.AbstractPlatformTransactionManager.getTransaction(AbstractPlatformTransactionManager.java:405) ~[spring-tx-7.0.5.jar:7.0.5]
	at org.springframework.transaction.interceptor.TransactionAspectSupport.createTransactionIfNecessary(TransactionAspectSupport.java:628) ~[spring-tx-7.0.5.jar:7.0.5]
	at org.springframework.transaction.interceptor.TransactionAspectSupport.invokeWithinTransaction(TransactionAspectSupport.java:365) ~[spring-tx-7.0.5.jar:7.0.5]
	at org.springframework.transaction.interceptor.TransactionInterceptor.invoke(TransactionInterceptor.java:130) ~[spring-tx-7.0.5.jar:7.0.5]
	at org.springframework.aop.framework.ReflectiveMethodInvocation.proceed(ReflectiveMethodInvocation.java:179) ~[spring-aop-7.0.5.jar:7.0.5]
	at org.springframework.aop.framework.CglibAopProxy$DynamicAdvisedInterceptor.intercept(CglibAopProxy.java:719) ~[spring-aop-7.0.5.jar:7.0.5]
	at com.example.emtbackendlab.jobs.MaterializedViewRefreshScheduler$$SpringCGLIB$$0.refreshBooksStatsView(<generated>) ~[classes/:na]
	at java.base/jdk.internal.reflect.DirectMethodHandleAccessor.invoke(DirectMethodHandleAccessor.java:103) ~[na:na]
	at java.base/java.lang.reflect.Method.invoke(Method.java:580) ~[na:na]
	at org.springframework.scheduling.support.ScheduledMethodRunnable.runInternal(ScheduledMethodRunnable.java:128) ~[spring-context-7.0.5.jar:7.0.5]
	at org.springframework.scheduling.support.ScheduledMethodRunnable.lambda$run$1(ScheduledMethodRunnable.java:122) ~[spring-context-7.0.5.jar:7.0.5]
	at io.micrometer.observation.Observation.observe(Observation.java:564) ~[micrometer-observation-1.16.3.jar:1.16.3]
	at org.springframework.scheduling.support.ScheduledMethodRunnable.run(ScheduledMethodRunnable.java:122) ~[spring-context-7.0.5.jar:7.0.5]
	at org.springframework.scheduling.config.Task$OutcomeTrackingRunnable.run(Task.java:88) ~[spring-context-7.0.5.jar:7.0.5]
	at org.springframework.scheduling.support.DelegatingErrorHandlingRunnable.run(DelegatingErrorHandlingRunnable.java:54) ~[spring-context-7.0.5.jar:7.0.5]
	at org.springframework.scheduling.concurrent.ReschedulingRunnable.run(ReschedulingRunnable.java:94) ~[spring-context-7.0.5.jar:7.0.5]
	at java.base/java.util.concurrent.Executors$RunnableAdapter.call(Executors.java:572) ~[na:na]
	at java.base/java.util.concurrent.FutureTask.run$$$capture(FutureTask.java:317) ~[na:na]
	at java.base/java.util.concurrent.FutureTask.run(FutureTask.java) ~[na:na]
	at java.base/java.util.concurrent.ScheduledThreadPoolExecutor$ScheduledFutureTask.run(ScheduledThreadPoolExecutor.java:304) ~[na:na]
	at java.base/java.util.concurrent.ThreadPoolExecutor.runWorker(ThreadPoolExecutor.java:1144) ~[na:na]
	at java.base/java.util.concurrent.ThreadPoolExecutor$Worker.run(ThreadPoolExecutor.java:642) ~[na:na]
	at java.base/java.lang.Thread.run(Thread.java:1583) ~[na:na]
Caused by: org.hibernate.exception.JDBCConnectionException: Unable to acquire JDBC Connection [HikariPool-1 - Connection is not available, request timed out after 30001ms (total=0, active=0, idle=0, waiting=0)] [n/a]
	at org.hibernate.exception.internal.SQLExceptionTypeDelegate.convert(SQLExceptionTypeDelegate.java:49) ~[hibernate-core-7.2.4.Final.jar:7.2.4.Final]
	at org.hibernate.exception.internal.StandardSQLExceptionConverter.convert(StandardSQLExceptionConverter.java:34) ~[hibernate-core-7.2.4.Final.jar:7.2.4.Final]
	at org.hibernate.engine.jdbc.spi.SqlExceptionHelper.convert(SqlExceptionHelper.java:115) ~[hibernate-core-7.2.4.Final.jar:7.2.4.Final]
	at org.hibernate.engine.jdbc.spi.SqlExceptionHelper.convert(SqlExceptionHelper.java:101) ~[hibernate-core-7.2.4.Final.jar:7.2.4.Final]
	at org.hibernate.resource.jdbc.internal.LogicalConnectionManagedImpl.acquire(LogicalConnectionManagedImpl.java:190) ~[hibernate-core-7.2.4.Final.jar:7.2.4.Final]
	at org.hibernate.resource.jdbc.internal.LogicalConnectionManagedImpl.acquireConnectionIfNeeded(LogicalConnectionManagedImpl.java:87) ~[hibernate-core-7.2.4.Final.jar:7.2.4.Final]
	at org.hibernate.resource.jdbc.internal.LogicalConnectionManagedImpl.getPhysicalConnection(LogicalConnectionManagedImpl.java:126) ~[hibernate-core-7.2.4.Final.jar:7.2.4.Final]
	at org.hibernate.resource.jdbc.internal.LogicalConnectionManagedImpl.getConnectionForTransactionManagement(LogicalConnectionManagedImpl.java:277) ~[hibernate-core-7.2.4.Final.jar:7.2.4.Final]
	at org.hibernate.resource.jdbc.internal.LogicalConnectionManagedImpl.begin(LogicalConnectionManagedImpl.java:286) ~[hibernate-core-7.2.4.Final.jar:7.2.4.Final]
	at org.hibernate.resource.transaction.backend.jdbc.internal.JdbcResourceLocalTransactionCoordinatorImpl$TransactionDriverControlImpl.begin(JdbcResourceLocalTransactionCoordinatorImpl.java:226) ~[hibernate-core-7.2.4.Final.jar:7.2.4.Final]
	at org.hibernate.engine.transaction.internal.TransactionImpl.begin(TransactionImpl.java:75) ~[hibernate-core-7.2.4.Final.jar:7.2.4.Final]
	at org.springframework.orm.jpa.vendor.HibernateJpaDialect.beginTransaction(HibernateJpaDialect.java:147) ~[spring-orm-7.0.5.jar:7.0.5]
	at org.springframework.orm.jpa.JpaTransactionManager.doBegin(JpaTransactionManager.java:411) ~[spring-orm-7.0.5.jar:7.0.5]
	... 24 common frames omitted
Caused by: java.sql.SQLTransientConnectionException: HikariPool-1 - Connection is not available, request timed out after 30001ms (total=0, active=0, idle=0, waiting=0)
	at com.zaxxer.hikari.pool.HikariPool.createTimeoutException(HikariPool.java:714) ~[HikariCP-7.0.2.jar:na]
	at com.zaxxer.hikari.pool.HikariPool.getConnection(HikariPool.java:184) ~[HikariCP-7.0.2.jar:na]
	at com.zaxxer.hikari.pool.HikariPool.getConnection(HikariPool.java:142) ~[HikariCP-7.0.2.jar:na]
	at com.zaxxer.hikari.HikariDataSource.getConnection(HikariDataSource.java:127) ~[HikariCP-7.0.2.jar:na]
	at org.hibernate.engine.jdbc.connections.internal.DataSourceConnectionProvider.getConnection(DataSourceConnectionProvider.java:137) ~[hibernate-core-7.2.4.Final.jar:7.2.4.Final]
	at org.hibernate.internal.NonContextualJdbcConnectionAccess.obtainConnection(NonContextualJdbcConnectionAccess.java:47) ~[hibernate-core-7.2.4.Final.jar:7.2.4.Final]
	at org.hibernate.resource.jdbc.internal.LogicalConnectionManagedImpl.acquire(LogicalConnectionManagedImpl.java:187) ~[hibernate-core-7.2.4.Final.jar:7.2.4.Final]
	... 32 common frames omitted
Caused by: org.postgresql.util.PSQLException: Connection to localhost:5433 refused. Check that the hostname and port are correct and that the postmaster is accepting TCP/IP connections.
	at org.postgresql.core.v3.ConnectionFactoryImpl.openConnectionImpl(ConnectionFactoryImpl.java:346) ~[postgresql-42.7.3.jar:42.7.3]
	at org.postgresql.core.ConnectionFactory.openConnection(ConnectionFactory.java:54) ~[postgresql-42.7.3.jar:42.7.3]
	at org.postgresql.jdbc.PgConnection.<init>(PgConnection.java:273) ~[postgresql-42.7.3.jar:42.7.3]
	at org.postgresql.Driver.makeConnection(Driver.java:446) ~[postgresql-42.7.3.jar:42.7.3]
	at org.postgresql.Driver.connect(Driver.java:298) ~[postgresql-42.7.3.jar:42.7.3]
	at com.zaxxer.hikari.util.DriverDataSource.getConnection(DriverDataSource.java:144) ~[HikariCP-7.0.2.jar:na]
	at com.zaxxer.hikari.pool.PoolBase.newConnection(PoolBase.java:373) ~[HikariCP-7.0.2.jar:na]
	at com.zaxxer.hikari.pool.PoolBase.newPoolEntry(PoolBase.java:210) ~[HikariCP-7.0.2.jar:na]
	at com.zaxxer.hikari.pool.HikariPool.createPoolEntry(HikariPool.java:488) ~[HikariCP-7.0.2.jar:na]
	at com.zaxxer.hikari.pool.HikariPool$PoolEntryCreator.call(HikariPool.java:752) ~[HikariCP-7.0.2.jar:na]
	at com.zaxxer.hikari.pool.HikariPool$PoolEntryCreator.call(HikariPool.java:731) ~[HikariCP-7.0.2.jar:na]
	at java.base/java.util.concurrent.FutureTask.run$$$capture(FutureTask.java:317) ~[na:na]
	at java.base/java.util.concurrent.FutureTask.run(FutureTask.java) ~[na:na]
	... 3 common frames omitted
Caused by: java.net.ConnectException: Connection refused
	at java.base/sun.nio.ch.Net.pollConnect(Native Method) ~[na:na]
	at java.base/sun.nio.ch.Net.pollConnectNow(Net.java:694) ~[na:na]
	at java.base/sun.nio.ch.NioSocketImpl.timedFinishConnect(NioSocketImpl.java:549) ~[na:na]
	at java.base/sun.nio.ch.NioSocketImpl.connect(NioSocketImpl.java:592) ~[na:na]
	at java.base/java.net.SocksSocketImpl.connect(SocksSocketImpl.java:327) ~[na:na]
	at java.base/java.net.Socket.connect(Socket.java:751) ~[na:na]
	at org.postgresql.core.PGStream.createSocket(PGStream.java:243) ~[postgresql-42.7.3.jar:42.7.3]
	at org.postgresql.core.PGStream.<init>(PGStream.java:98) ~[postgresql-42.7.3.jar:42.7.3]
	at org.postgresql.core.v3.ConnectionFactoryImpl.tryConnect(ConnectionFactoryImpl.java:136) ~[postgresql-42.7.3.jar:42.7.3]
	at org.postgresql.core.v3.ConnectionFactoryImpl.openConnectionImpl(ConnectionFactoryImpl.java:262) ~[postgresql-42.7.3.jar:42.7.3]
	... 15 common frames omitted

2026-05-14T07:53:49.389+02:00  WARN 42910 --- [e-shop-backend] [HikariPool-1:connection-adder] com.zaxxer.hikari.pool.PoolBase          : HikariPool-1 - Pool is empty, failed to create/setup connection (1850be22-b3a9-4564-94af-db1961a06d57)

org.postgresql.util.PSQLException: Connection to localhost:5433 refused. Check that the hostname and port are correct and that the postmaster is accepting TCP/IP connections.
	at org.postgresql.core.v3.ConnectionFactoryImpl.openConnectionImpl(ConnectionFactoryImpl.java:346) ~[postgresql-42.7.3.jar:42.7.3]
	at org.postgresql.core.ConnectionFactory.openConnection(ConnectionFactory.java:54) ~[postgresql-42.7.3.jar:42.7.3]
	at org.postgresql.jdbc.PgConnection.<init>(PgConnection.java:273) ~[postgresql-42.7.3.jar:42.7.3]
	at org.postgresql.Driver.makeConnection(Driver.java:446) ~[postgresql-42.7.3.jar:42.7.3]
	at org.postgresql.Driver.connect(Driver.java:298) ~[postgresql-42.7.3.jar:42.7.3]
	at com.zaxxer.hikari.util.DriverDataSource.getConnection(DriverDataSource.java:144) ~[HikariCP-7.0.2.jar:na]
	at com.zaxxer.hikari.pool.PoolBase.newConnection(PoolBase.java:373) ~[HikariCP-7.0.2.jar:na]
	at com.zaxxer.hikari.pool.PoolBase.newPoolEntry(PoolBase.java:210) ~[HikariCP-7.0.2.jar:na]
	at com.zaxxer.hikari.pool.HikariPool.createPoolEntry(HikariPool.java:488) ~[HikariCP-7.0.2.jar:na]
	at com.zaxxer.hikari.pool.HikariPool$PoolEntryCreator.call(HikariPool.java:752) ~[HikariCP-7.0.2.jar:na]
	at com.zaxxer.hikari.pool.HikariPool$PoolEntryCreator.call(HikariPool.java:731) ~[HikariCP-7.0.2.jar:na]
	at java.base/java.util.concurrent.FutureTask.run$$$capture(FutureTask.java:317) ~[na:na]
	at java.base/java.util.concurrent.FutureTask.run(FutureTask.java) ~[na:na]
	at java.base/java.util.concurrent.ThreadPoolExecutor.runWorker(ThreadPoolExecutor.java:1144) ~[na:na]
	at java.base/java.util.concurrent.ThreadPoolExecutor$Worker.run(ThreadPoolExecutor.java:642) ~[na:na]
	at java.base/java.lang.Thread.run(Thread.java:1583) ~[na:na]
Caused by: java.net.ConnectException: Connection refused
	at java.base/sun.nio.ch.Net.pollConnect(Native Method) ~[na:na]
	at java.base/sun.nio.ch.Net.pollConnectNow(Net.java:694) ~[na:na]
	at java.base/sun.nio.ch.NioSocketImpl.timedFinishConnect(NioSocketImpl.java:549) ~[na:na]
	at java.base/sun.nio.ch.NioSocketImpl.connect(NioSocketImpl.java:592) ~[na:na]
	at java.base/java.net.SocksSocketImpl.connect(SocksSocketImpl.java:327) ~[na:na]
	at java.base/java.net.Socket.connect(Socket.java:751) ~[na:na]
	at org.postgresql.core.PGStream.createSocket(PGStream.java:243) ~[postgresql-42.7.3.jar:42.7.3]
	at org.postgresql.core.PGStream.<init>(PGStream.java:98) ~[postgresql-42.7.3.jar:42.7.3]
	at org.postgresql.core.v3.ConnectionFactoryImpl.tryConnect(ConnectionFactoryImpl.java:136) ~[postgresql-42.7.3.jar:42.7.3]
	at org.postgresql.core.v3.ConnectionFactoryImpl.openConnectionImpl(ConnectionFactoryImpl.java:262) ~[postgresql-42.7.3.jar:42.7.3]
	... 15 common frames omitted

2026-05-14T07:54:30.003+02:00  WARN 42910 --- [e-shop-backend] [scheduling-1] org.hibernate.orm.jdbc.error             : HHH000247: ErrorCode: 0, SQLState: 08001
2026-05-14T07:54:30.004+02:00  WARN 42910 --- [e-shop-backend] [scheduling-1] org.hibernate.orm.jdbc.error             : HikariPool-1 - Connection is not available, request timed out after 30001ms (total=0, active=0, idle=0, waiting=0)
2026-05-14T07:54:30.004+02:00  WARN 42910 --- [e-shop-backend] [scheduling-1] org.hibernate.orm.jdbc.error             : HHH000247: ErrorCode: 0, SQLState: 08001
2026-05-14T07:54:30.004+02:00  WARN 42910 --- [e-shop-backend] [scheduling-1] org.hibernate.orm.jdbc.error             : HikariPool-1 - Connection is not available, request timed out after 30001ms (total=0, active=0, idle=0, waiting=0)
2026-05-14T07:54:30.005+02:00 ERROR 42910 --- [e-shop-backend] [scheduling-1] o.s.s.s.TaskUtils$LoggingErrorHandler    : Unexpected error occurred in scheduled task

org.springframework.transaction.CannotCreateTransactionException: Could not open JPA EntityManager for transaction
	at org.springframework.orm.jpa.JpaTransactionManager.doBegin(JpaTransactionManager.java:457) ~[spring-orm-7.0.5.jar:7.0.5]
	at org.springframework.transaction.support.AbstractPlatformTransactionManager.startTransaction(AbstractPlatformTransactionManager.java:532) ~[spring-tx-7.0.5.jar:7.0.5]
	at org.springframework.transaction.support.AbstractPlatformTransactionManager.getTransaction(AbstractPlatformTransactionManager.java:405) ~[spring-tx-7.0.5.jar:7.0.5]
	at org.springframework.transaction.interceptor.TransactionAspectSupport.createTransactionIfNecessary(TransactionAspectSupport.java:628) ~[spring-tx-7.0.5.jar:7.0.5]
	at org.springframework.transaction.interceptor.TransactionAspectSupport.invokeWithinTransaction(TransactionAspectSupport.java:365) ~[spring-tx-7.0.5.jar:7.0.5]
	at org.springframework.transaction.interceptor.TransactionInterceptor.invoke(TransactionInterceptor.java:130) ~[spring-tx-7.0.5.jar:7.0.5]
	at org.springframework.aop.framework.ReflectiveMethodInvocation.proceed(ReflectiveMethodInvocation.java:179) ~[spring-aop-7.0.5.jar:7.0.5]
	at org.springframework.aop.framework.CglibAopProxy$DynamicAdvisedInterceptor.intercept(CglibAopProxy.java:719) ~[spring-aop-7.0.5.jar:7.0.5]
	at com.example.emtbackendlab.jobs.MaterializedViewRefreshScheduler$$SpringCGLIB$$0.refreshBooksStatsView(<generated>) ~[classes/:na]
	at java.base/jdk.internal.reflect.DirectMethodHandleAccessor.invoke(DirectMethodHandleAccessor.java:103) ~[na:na]
	at java.base/java.lang.reflect.Method.invoke(Method.java:580) ~[na:na]
	at org.springframework.scheduling.support.ScheduledMethodRunnable.runInternal(ScheduledMethodRunnable.java:128) ~[spring-context-7.0.5.jar:7.0.5]
	at org.springframework.scheduling.support.ScheduledMethodRunnable.lambda$run$1(ScheduledMethodRunnable.java:122) ~[spring-context-7.0.5.jar:7.0.5]
	at io.micrometer.observation.Observation.observe(Observation.java:564) ~[micrometer-observation-1.16.3.jar:1.16.3]
	at org.springframework.scheduling.support.ScheduledMethodRunnable.run(ScheduledMethodRunnable.java:122) ~[spring-context-7.0.5.jar:7.0.5]
	at org.springframework.scheduling.config.Task$OutcomeTrackingRunnable.run(Task.java:88) ~[spring-context-7.0.5.jar:7.0.5]
	at org.springframework.scheduling.support.DelegatingErrorHandlingRunnable.run(DelegatingErrorHandlingRunnable.java:54) ~[spring-context-7.0.5.jar:7.0.5]
	at org.springframework.scheduling.concurrent.ReschedulingRunnable.run(ReschedulingRunnable.java:94) ~[spring-context-7.0.5.jar:7.0.5]
	at java.base/java.util.concurrent.Executors$RunnableAdapter.call(Executors.java:572) ~[na:na]
	at java.base/java.util.concurrent.FutureTask.run$$$capture(FutureTask.java:317) ~[na:na]
	at java.base/java.util.concurrent.FutureTask.run(FutureTask.java) ~[na:na]
	at java.base/java.util.concurrent.ScheduledThreadPoolExecutor$ScheduledFutureTask.run(ScheduledThreadPoolExecutor.java:304) ~[na:na]
	at java.base/java.util.concurrent.ThreadPoolExecutor.runWorker(ThreadPoolExecutor.java:1144) ~[na:na]
	at java.base/java.util.concurrent.ThreadPoolExecutor$Worker.run(ThreadPoolExecutor.java:642) ~[na:na]
	at java.base/java.lang.Thread.run(Thread.java:1583) ~[na:na]
Caused by: org.hibernate.exception.JDBCConnectionException: Unable to acquire JDBC Connection [HikariPool-1 - Connection is not available, request timed out after 30001ms (total=0, active=0, idle=0, waiting=0)] [n/a]
	at org.hibernate.exception.internal.SQLExceptionTypeDelegate.convert(SQLExceptionTypeDelegate.java:49) ~[hibernate-core-7.2.4.Final.jar:7.2.4.Final]
	at org.hibernate.exception.internal.StandardSQLExceptionConverter.convert(StandardSQLExceptionConverter.java:34) ~[hibernate-core-7.2.4.Final.jar:7.2.4.Final]
	at org.hibernate.engine.jdbc.spi.SqlExceptionHelper.convert(SqlExceptionHelper.java:115) ~[hibernate-core-7.2.4.Final.jar:7.2.4.Final]
	at org.hibernate.engine.jdbc.spi.SqlExceptionHelper.convert(SqlExceptionHelper.java:101) ~[hibernate-core-7.2.4.Final.jar:7.2.4.Final]
	at org.hibernate.resource.jdbc.internal.LogicalConnectionManagedImpl.acquire(LogicalConnectionManagedImpl.java:190) ~[hibernate-core-7.2.4.Final.jar:7.2.4.Final]
	at org.hibernate.resource.jdbc.internal.LogicalConnectionManagedImpl.acquireConnectionIfNeeded(LogicalConnectionManagedImpl.java:87) ~[hibernate-core-7.2.4.Final.jar:7.2.4.Final]
	at org.hibernate.resource.jdbc.internal.LogicalConnectionManagedImpl.getPhysicalConnection(LogicalConnectionManagedImpl.java:126) ~[hibernate-core-7.2.4.Final.jar:7.2.4.Final]
	at org.hibernate.resource.jdbc.internal.LogicalConnectionManagedImpl.getConnectionForTransactionManagement(LogicalConnectionManagedImpl.java:277) ~[hibernate-core-7.2.4.Final.jar:7.2.4.Final]
	at org.hibernate.resource.jdbc.internal.LogicalConnectionManagedImpl.begin(LogicalConnectionManagedImpl.java:286) ~[hibernate-core-7.2.4.Final.jar:7.2.4.Final]
	at org.hibernate.resource.transaction.backend.jdbc.internal.JdbcResourceLocalTransactionCoordinatorImpl$TransactionDriverControlImpl.begin(JdbcResourceLocalTransactionCoordinatorImpl.java:226) ~[hibernate-core-7.2.4.Final.jar:7.2.4.Final]
	at org.hibernate.engine.transaction.internal.TransactionImpl.begin(TransactionImpl.java:75) ~[hibernate-core-7.2.4.Final.jar:7.2.4.Final]
	at org.springframework.orm.jpa.vendor.HibernateJpaDialect.beginTransaction(HibernateJpaDialect.java:147) ~[spring-orm-7.0.5.jar:7.0.5]
	at org.springframework.orm.jpa.JpaTransactionManager.doBegin(JpaTransactionManager.java:411) ~[spring-orm-7.0.5.jar:7.0.5]
	... 24 common frames omitted
Caused by: java.sql.SQLTransientConnectionException: HikariPool-1 - Connection is not available, request timed out after 30001ms (total=0, active=0, idle=0, waiting=0)
	at com.zaxxer.hikari.pool.HikariPool.createTimeoutException(HikariPool.java:714) ~[HikariCP-7.0.2.jar:na]
	at com.zaxxer.hikari.pool.HikariPool.getConnection(HikariPool.java:184) ~[HikariCP-7.0.2.jar:na]
	at com.zaxxer.hikari.pool.HikariPool.getConnection(HikariPool.java:142) ~[HikariCP-7.0.2.jar:na]
	at com.zaxxer.hikari.HikariDataSource.getConnection(HikariDataSource.java:127) ~[HikariCP-7.0.2.jar:na]
	at org.hibernate.engine.jdbc.connections.internal.DataSourceConnectionProvider.getConnection(DataSourceConnectionProvider.java:137) ~[hibernate-core-7.2.4.Final.jar:7.2.4.Final]
	at org.hibernate.internal.NonContextualJdbcConnectionAccess.obtainConnection(NonContextualJdbcConnectionAccess.java:47) ~[hibernate-core-7.2.4.Final.jar:7.2.4.Final]
	at org.hibernate.resource.jdbc.internal.LogicalConnectionManagedImpl.acquire(LogicalConnectionManagedImpl.java:187) ~[hibernate-core-7.2.4.Final.jar:7.2.4.Final]
	... 32 common frames omitted
Caused by: org.postgresql.util.PSQLException: Connection to localhost:5433 refused. Check that the hostname and port are correct and that the postmaster is accepting TCP/IP connections.
	at org.postgresql.core.v3.ConnectionFactoryImpl.openConnectionImpl(ConnectionFactoryImpl.java:346) ~[postgresql-42.7.3.jar:42.7.3]
	at org.postgresql.core.ConnectionFactory.openConnection(ConnectionFactory.java:54) ~[postgresql-42.7.3.jar:42.7.3]
	at org.postgresql.jdbc.PgConnection.<init>(PgConnection.java:273) ~[postgresql-42.7.3.jar:42.7.3]
	at org.postgresql.Driver.makeConnection(Driver.java:446) ~[postgresql-42.7.3.jar:42.7.3]
	at org.postgresql.Driver.connect(Driver.java:298) ~[postgresql-42.7.3.jar:42.7.3]
	at com.zaxxer.hikari.util.DriverDataSource.getConnection(DriverDataSource.java:144) ~[HikariCP-7.0.2.jar:na]
	at com.zaxxer.hikari.pool.PoolBase.newConnection(PoolBase.java:373) ~[HikariCP-7.0.2.jar:na]
	at com.zaxxer.hikari.pool.PoolBase.newPoolEntry(PoolBase.java:210) ~[HikariCP-7.0.2.jar:na]
	at com.zaxxer.hikari.pool.HikariPool.createPoolEntry(HikariPool.java:488) ~[HikariCP-7.0.2.jar:na]
	at com.zaxxer.hikari.pool.HikariPool$PoolEntryCreator.call(HikariPool.java:752) ~[HikariCP-7.0.2.jar:na]
	at com.zaxxer.hikari.pool.HikariPool$PoolEntryCreator.call(HikariPool.java:731) ~[HikariCP-7.0.2.jar:na]
	at java.base/java.util.concurrent.FutureTask.run$$$capture(FutureTask.java:317) ~[na:na]
	at java.base/java.util.concurrent.FutureTask.run(FutureTask.java) ~[na:na]
	... 3 common frames omitted
Caused by: java.net.ConnectException: Connection refused
	at java.base/sun.nio.ch.Net.pollConnect(Native Method) ~[na:na]
	at java.base/sun.nio.ch.Net.pollConnectNow(Net.java:694) ~[na:na]
	at java.base/sun.nio.ch.NioSocketImpl.timedFinishConnect(NioSocketImpl.java:549) ~[na:na]
	at java.base/sun.nio.ch.NioSocketImpl.connect(NioSocketImpl.java:592) ~[na:na]
	at java.base/java.net.SocksSocketImpl.connect(SocksSocketImpl.java:327) ~[na:na]
	at java.base/java.net.Socket.connect(Socket.java:751) ~[na:na]
	at org.postgresql.core.PGStream.createSocket(PGStream.java:243) ~[postgresql-42.7.3.jar:42.7.3]
	at org.postgresql.core.PGStream.<init>(PGStream.java:98) ~[postgresql-42.7.3.jar:42.7.3]
	at org.postgresql.core.v3.ConnectionFactoryImpl.tryConnect(ConnectionFactoryImpl.java:136) ~[postgresql-42.7.3.jar:42.7.3]
	at org.postgresql.core.v3.ConnectionFactoryImpl.openConnectionImpl(ConnectionFactoryImpl.java:262) ~[postgresql-42.7.3.jar:42.7.3]
	... 15 common frames omitted

2026-05-14T07:54:54.446+02:00  WARN 42910 --- [e-shop-backend] [HikariPool-1:connection-adder] com.zaxxer.hikari.pool.PoolBase          : HikariPool-1 - Pool is empty, failed to create/setup connection (0aad91cd-d93a-4aaa-b117-efec89322613)

org.postgresql.util.PSQLException: Connection to localhost:5433 refused. Check that the hostname and port are correct and that the postmaster is accepting TCP/IP connections.
	at org.postgresql.core.v3.ConnectionFactoryImpl.openConnectionImpl(ConnectionFactoryImpl.java:346) ~[postgresql-42.7.3.jar:42.7.3]
	at org.postgresql.core.ConnectionFactory.openConnection(ConnectionFactory.java:54) ~[postgresql-42.7.3.jar:42.7.3]
	at org.postgresql.jdbc.PgConnection.<init>(PgConnection.java:273) ~[postgresql-42.7.3.jar:42.7.3]
	at org.postgresql.Driver.makeConnection(Driver.java:446) ~[postgresql-42.7.3.jar:42.7.3]
	at org.postgresql.Driver.connect(Driver.java:298) ~[postgresql-42.7.3.jar:42.7.3]
	at com.zaxxer.hikari.util.DriverDataSource.getConnection(DriverDataSource.java:144) ~[HikariCP-7.0.2.jar:na]
	at com.zaxxer.hikari.pool.PoolBase.newConnection(PoolBase.java:373) ~[HikariCP-7.0.2.jar:na]
	at com.zaxxer.hikari.pool.PoolBase.newPoolEntry(PoolBase.java:210) ~[HikariCP-7.0.2.jar:na]
	at com.zaxxer.hikari.pool.HikariPool.createPoolEntry(HikariPool.java:488) ~[HikariCP-7.0.2.jar:na]
	at com.zaxxer.hikari.pool.HikariPool$PoolEntryCreator.call(HikariPool.java:752) ~[HikariCP-7.0.2.jar:na]
	at com.zaxxer.hikari.pool.HikariPool$PoolEntryCreator.call(HikariPool.java:731) ~[HikariCP-7.0.2.jar:na]
	at java.base/java.util.concurrent.FutureTask.run$$$capture(FutureTask.java:317) ~[na:na]
	at java.base/java.util.concurrent.FutureTask.run(FutureTask.java) ~[na:na]
	at java.base/java.util.concurrent.ThreadPoolExecutor.runWorker(ThreadPoolExecutor.java:1144) ~[na:na]
	at java.base/java.util.concurrent.ThreadPoolExecutor$Worker.run(ThreadPoolExecutor.java:642) ~[na:na]
	at java.base/java.lang.Thread.run(Thread.java:1583) ~[na:na]
Caused by: java.net.ConnectException: Connection refused
	at java.base/sun.nio.ch.Net.pollConnect(Native Method) ~[na:na]
	at java.base/sun.nio.ch.Net.pollConnectNow(Net.java:694) ~[na:na]
	at java.base/sun.nio.ch.NioSocketImpl.timedFinishConnect(NioSocketImpl.java:542) ~[na:na]
	at java.base/sun.nio.ch.NioSocketImpl.connect(NioSocketImpl.java:592) ~[na:na]
	at java.base/java.net.SocksSocketImpl.connect(SocksSocketImpl.java:327) ~[na:na]
	at java.base/java.net.Socket.connect(Socket.java:751) ~[na:na]
	at org.postgresql.core.PGStream.createSocket(PGStream.java:243) ~[postgresql-42.7.3.jar:42.7.3]
	at org.postgresql.core.PGStream.<init>(PGStream.java:98) ~[postgresql-42.7.3.jar:42.7.3]
	at org.postgresql.core.v3.ConnectionFactoryImpl.tryConnect(ConnectionFactoryImpl.java:136) ~[postgresql-42.7.3.jar:42.7.3]
	at org.postgresql.core.v3.ConnectionFactoryImpl.openConnectionImpl(ConnectionFactoryImpl.java:262) ~[postgresql-42.7.3.jar:42.7.3]
	... 15 common frames omitted

2026-05-14T07:55:30.007+02:00  WARN 42910 --- [e-shop-backend] [scheduling-1] org.hibernate.orm.jdbc.error             : HHH000247: ErrorCode: 0, SQLState: 08001
2026-05-14T07:55:30.008+02:00  WARN 42910 --- [e-shop-backend] [scheduling-1] org.hibernate.orm.jdbc.error             : HikariPool-1 - Connection is not available, request timed out after 30004ms (total=0, active=0, idle=0, waiting=0)
2026-05-14T07:55:30.008+02:00  WARN 42910 --- [e-shop-backend] [scheduling-1] org.hibernate.orm.jdbc.error             : HHH000247: ErrorCode: 0, SQLState: 08001
2026-05-14T07:55:30.008+02:00  WARN 42910 --- [e-shop-backend] [scheduling-1] org.hibernate.orm.jdbc.error             : HikariPool-1 - Connection is not available, request timed out after 30004ms (total=0, active=0, idle=0, waiting=0)
2026-05-14T07:55:30.008+02:00 ERROR 42910 --- [e-shop-backend] [scheduling-1] o.s.s.s.TaskUtils$LoggingErrorHandler    : Unexpected error occurred in scheduled task

org.springframework.transaction.CannotCreateTransactionException: Could not open JPA EntityManager for transaction
	at org.springframework.orm.jpa.JpaTransactionManager.doBegin(JpaTransactionManager.java:457) ~[spring-orm-7.0.5.jar:7.0.5]
	at org.springframework.transaction.support.AbstractPlatformTransactionManager.startTransaction(AbstractPlatformTransactionManager.java:532) ~[spring-tx-7.0.5.jar:7.0.5]
	at org.springframework.transaction.support.AbstractPlatformTransactionManager.getTransaction(AbstractPlatformTransactionManager.java:405) ~[spring-tx-7.0.5.jar:7.0.5]
	at org.springframework.transaction.interceptor.TransactionAspectSupport.createTransactionIfNecessary(TransactionAspectSupport.java:628) ~[spring-tx-7.0.5.jar:7.0.5]
	at org.springframework.transaction.interceptor.TransactionAspectSupport.invokeWithinTransaction(TransactionAspectSupport.java:365) ~[spring-tx-7.0.5.jar:7.0.5]
	at org.springframework.transaction.interceptor.TransactionInterceptor.invoke(TransactionInterceptor.java:130) ~[spring-tx-7.0.5.jar:7.0.5]
	at org.springframework.aop.framework.ReflectiveMethodInvocation.proceed(ReflectiveMethodInvocation.java:179) ~[spring-aop-7.0.5.jar:7.0.5]
	at org.springframework.aop.framework.CglibAopProxy$DynamicAdvisedInterceptor.intercept(CglibAopProxy.java:719) ~[spring-aop-7.0.5.jar:7.0.5]
	at com.example.emtbackendlab.jobs.MaterializedViewRefreshScheduler$$SpringCGLIB$$0.refreshBooksStatsView(<generated>) ~[classes/:na]
	at java.base/jdk.internal.reflect.DirectMethodHandleAccessor.invoke(DirectMethodHandleAccessor.java:103) ~[na:na]
	at java.base/java.lang.reflect.Method.invoke(Method.java:580) ~[na:na]
	at org.springframework.scheduling.support.ScheduledMethodRunnable.runInternal(ScheduledMethodRunnable.java:128) ~[spring-context-7.0.5.jar:7.0.5]
	at org.springframework.scheduling.support.ScheduledMethodRunnable.lambda$run$1(ScheduledMethodRunnable.java:122) ~[spring-context-7.0.5.jar:7.0.5]
	at io.micrometer.observation.Observation.observe(Observation.java:564) ~[micrometer-observation-1.16.3.jar:1.16.3]
	at org.springframework.scheduling.support.ScheduledMethodRunnable.run(ScheduledMethodRunnable.java:122) ~[spring-context-7.0.5.jar:7.0.5]
	at org.springframework.scheduling.config.Task$OutcomeTrackingRunnable.run(Task.java:88) ~[spring-context-7.0.5.jar:7.0.5]
	at org.springframework.scheduling.support.DelegatingErrorHandlingRunnable.run(DelegatingErrorHandlingRunnable.java:54) ~[spring-context-7.0.5.jar:7.0.5]
	at org.springframework.scheduling.concurrent.ReschedulingRunnable.run(ReschedulingRunnable.java:94) ~[spring-context-7.0.5.jar:7.0.5]
	at java.base/java.util.concurrent.Executors$RunnableAdapter.call(Executors.java:572) ~[na:na]
	at java.base/java.util.concurrent.FutureTask.run$$$capture(FutureTask.java:317) ~[na:na]
	at java.base/java.util.concurrent.FutureTask.run(FutureTask.java) ~[na:na]
	at java.base/java.util.concurrent.ScheduledThreadPoolExecutor$ScheduledFutureTask.run(ScheduledThreadPoolExecutor.java:304) ~[na:na]
	at java.base/java.util.concurrent.ThreadPoolExecutor.runWorker(ThreadPoolExecutor.java:1144) ~[na:na]
	at java.base/java.util.concurrent.ThreadPoolExecutor$Worker.run(ThreadPoolExecutor.java:642) ~[na:na]
	at java.base/java.lang.Thread.run(Thread.java:1583) ~[na:na]
Caused by: org.hibernate.exception.JDBCConnectionException: Unable to acquire JDBC Connection [HikariPool-1 - Connection is not available, request timed out after 30004ms (total=0, active=0, idle=0, waiting=0)] [n/a]
	at org.hibernate.exception.internal.SQLExceptionTypeDelegate.convert(SQLExceptionTypeDelegate.java:49) ~[hibernate-core-7.2.4.Final.jar:7.2.4.Final]
	at org.hibernate.exception.internal.StandardSQLExceptionConverter.convert(StandardSQLExceptionConverter.java:34) ~[hibernate-core-7.2.4.Final.jar:7.2.4.Final]
	at org.hibernate.engine.jdbc.spi.SqlExceptionHelper.convert(SqlExceptionHelper.java:115) ~[hibernate-core-7.2.4.Final.jar:7.2.4.Final]
	at org.hibernate.engine.jdbc.spi.SqlExceptionHelper.convert(SqlExceptionHelper.java:101) ~[hibernate-core-7.2.4.Final.jar:7.2.4.Final]
	at org.hibernate.resource.jdbc.internal.LogicalConnectionManagedImpl.acquire(LogicalConnectionManagedImpl.java:190) ~[hibernate-core-7.2.4.Final.jar:7.2.4.Final]
	at org.hibernate.resource.jdbc.internal.LogicalConnectionManagedImpl.acquireConnectionIfNeeded(LogicalConnectionManagedImpl.java:87) ~[hibernate-core-7.2.4.Final.jar:7.2.4.Final]
	at org.hibernate.resource.jdbc.internal.LogicalConnectionManagedImpl.getPhysicalConnection(LogicalConnectionManagedImpl.java:126) ~[hibernate-core-7.2.4.Final.jar:7.2.4.Final]
	at org.hibernate.resource.jdbc.internal.LogicalConnectionManagedImpl.getConnectionForTransactionManagement(LogicalConnectionManagedImpl.java:277) ~[hibernate-core-7.2.4.Final.jar:7.2.4.Final]
	at org.hibernate.resource.jdbc.internal.LogicalConnectionManagedImpl.begin(LogicalConnectionManagedImpl.java:286) ~[hibernate-core-7.2.4.Final.jar:7.2.4.Final]
	at org.hibernate.resource.transaction.backend.jdbc.internal.JdbcResourceLocalTransactionCoordinatorImpl$TransactionDriverControlImpl.begin(JdbcResourceLocalTransactionCoordinatorImpl.java:226) ~[hibernate-core-7.2.4.Final.jar:7.2.4.Final]
	at org.hibernate.engine.transaction.internal.TransactionImpl.begin(TransactionImpl.java:75) ~[hibernate-core-7.2.4.Final.jar:7.2.4.Final]
	at org.springframework.orm.jpa.vendor.HibernateJpaDialect.beginTransaction(HibernateJpaDialect.java:147) ~[spring-orm-7.0.5.jar:7.0.5]
	at org.springframework.orm.jpa.JpaTransactionManager.doBegin(JpaTransactionManager.java:411) ~[spring-orm-7.0.5.jar:7.0.5]
	... 24 common frames omitted
Caused by: java.sql.SQLTransientConnectionException: HikariPool-1 - Connection is not available, request timed out after 30004ms (total=0, active=0, idle=0, waiting=0)
	at com.zaxxer.hikari.pool.HikariPool.createTimeoutException(HikariPool.java:714) ~[HikariCP-7.0.2.jar:na]
	at com.zaxxer.hikari.pool.HikariPool.getConnection(HikariPool.java:184) ~[HikariCP-7.0.2.jar:na]
	at com.zaxxer.hikari.pool.HikariPool.getConnection(HikariPool.java:142) ~[HikariCP-7.0.2.jar:na]
	at com.zaxxer.hikari.HikariDataSource.getConnection(HikariDataSource.java:127) ~[HikariCP-7.0.2.jar:na]
	at org.hibernate.engine.jdbc.connections.internal.DataSourceConnectionProvider.getConnection(DataSourceConnectionProvider.java:137) ~[hibernate-core-7.2.4.Final.jar:7.2.4.Final]
	at org.hibernate.internal.NonContextualJdbcConnectionAccess.obtainConnection(NonContextualJdbcConnectionAccess.java:47) ~[hibernate-core-7.2.4.Final.jar:7.2.4.Final]
	at org.hibernate.resource.jdbc.internal.LogicalConnectionManagedImpl.acquire(LogicalConnectionManagedImpl.java:187) ~[hibernate-core-7.2.4.Final.jar:7.2.4.Final]
	... 32 common frames omitted
Caused by: org.postgresql.util.PSQLException: Connection to localhost:5433 refused. Check that the hostname and port are correct and that the postmaster is accepting TCP/IP connections.
	at org.postgresql.core.v3.ConnectionFactoryImpl.openConnectionImpl(ConnectionFactoryImpl.java:346) ~[postgresql-42.7.3.jar:42.7.3]
	at org.postgresql.core.ConnectionFactory.openConnection(ConnectionFactory.java:54) ~[postgresql-42.7.3.jar:42.7.3]
	at org.postgresql.jdbc.PgConnection.<init>(PgConnection.java:273) ~[postgresql-42.7.3.jar:42.7.3]
	at org.postgresql.Driver.makeConnection(Driver.java:446) ~[postgresql-42.7.3.jar:42.7.3]
	at org.postgresql.Driver.connect(Driver.java:298) ~[postgresql-42.7.3.jar:42.7.3]
	at com.zaxxer.hikari.util.DriverDataSource.getConnection(DriverDataSource.java:144) ~[HikariCP-7.0.2.jar:na]
	at com.zaxxer.hikari.pool.PoolBase.newConnection(PoolBase.java:373) ~[HikariCP-7.0.2.jar:na]
	at com.zaxxer.hikari.pool.PoolBase.newPoolEntry(PoolBase.java:210) ~[HikariCP-7.0.2.jar:na]
	at com.zaxxer.hikari.pool.HikariPool.createPoolEntry(HikariPool.java:488) ~[HikariCP-7.0.2.jar:na]
	at com.zaxxer.hikari.pool.HikariPool$PoolEntryCreator.call(HikariPool.java:752) ~[HikariCP-7.0.2.jar:na]
	at com.zaxxer.hikari.pool.HikariPool$PoolEntryCreator.call(HikariPool.java:731) ~[HikariCP-7.0.2.jar:na]
	at java.base/java.util.concurrent.FutureTask.run$$$capture(FutureTask.java:317) ~[na:na]
	at java.base/java.util.concurrent.FutureTask.run(FutureTask.java) ~[na:na]
	... 3 common frames omitted
Caused by: java.net.ConnectException: Connection refused
	at java.base/sun.nio.ch.Net.pollConnect(Native Method) ~[na:na]
	at java.base/sun.nio.ch.Net.pollConnectNow(Net.java:694) ~[na:na]
	at java.base/sun.nio.ch.NioSocketImpl.timedFinishConnect(NioSocketImpl.java:549) ~[na:na]
	at java.base/sun.nio.ch.NioSocketImpl.connect(NioSocketImpl.java:592) ~[na:na]
	at java.base/java.net.SocksSocketImpl.connect(SocksSocketImpl.java:327) ~[na:na]
	at java.base/java.net.Socket.connect(Socket.java:751) ~[na:na]
	at org.postgresql.core.PGStream.createSocket(PGStream.java:243) ~[postgresql-42.7.3.jar:42.7.3]
	at org.postgresql.core.PGStream.<init>(PGStream.java:98) ~[postgresql-42.7.3.jar:42.7.3]
	at org.postgresql.core.v3.ConnectionFactoryImpl.tryConnect(ConnectionFactoryImpl.java:136) ~[postgresql-42.7.3.jar:42.7.3]
	at org.postgresql.core.v3.ConnectionFactoryImpl.openConnectionImpl(ConnectionFactoryImpl.java:262) ~[postgresql-42.7.3.jar:42.7.3]
	... 15 common frames omitted

2026-05-14T07:55:59.508+02:00  WARN 42910 --- [e-shop-backend] [HikariPool-1:connection-adder] com.zaxxer.hikari.pool.PoolBase          : HikariPool-1 - Pool is empty, failed to create/setup connection (e3110786-309f-4c36-9068-9df26cd655f4)

org.postgresql.util.PSQLException: Connection to localhost:5433 refused. Check that the hostname and port are correct and that the postmaster is accepting TCP/IP connections.
	at org.postgresql.core.v3.ConnectionFactoryImpl.openConnectionImpl(ConnectionFactoryImpl.java:346) ~[postgresql-42.7.3.jar:42.7.3]
	at org.postgresql.core.ConnectionFactory.openConnection(ConnectionFactory.java:54) ~[postgresql-42.7.3.jar:42.7.3]
	at org.postgresql.jdbc.PgConnection.<init>(PgConnection.java:273) ~[postgresql-42.7.3.jar:42.7.3]
	at org.postgresql.Driver.makeConnection(Driver.java:446) ~[postgresql-42.7.3.jar:42.7.3]
	at org.postgresql.Driver.connect(Driver.java:298) ~[postgresql-42.7.3.jar:42.7.3]
	at com.zaxxer.hikari.util.DriverDataSource.getConnection(DriverDataSource.java:144) ~[HikariCP-7.0.2.jar:na]
	at com.zaxxer.hikari.pool.PoolBase.newConnection(PoolBase.java:373) ~[HikariCP-7.0.2.jar:na]
	at com.zaxxer.hikari.pool.PoolBase.newPoolEntry(PoolBase.java:210) ~[HikariCP-7.0.2.jar:na]
	at com.zaxxer.hikari.pool.HikariPool.createPoolEntry(HikariPool.java:488) ~[HikariCP-7.0.2.jar:na]
	at com.zaxxer.hikari.pool.HikariPool$PoolEntryCreator.call(HikariPool.java:752) ~[HikariCP-7.0.2.jar:na]
	at com.zaxxer.hikari.pool.HikariPool$PoolEntryCreator.call(HikariPool.java:731) ~[HikariCP-7.0.2.jar:na]
	at java.base/java.util.concurrent.FutureTask.run$$$capture(FutureTask.java:317) ~[na:na]
	at java.base/java.util.concurrent.FutureTask.run(FutureTask.java) ~[na:na]
	at java.base/java.util.concurrent.ThreadPoolExecutor.runWorker(ThreadPoolExecutor.java:1144) ~[na:na]
	at java.base/java.util.concurrent.ThreadPoolExecutor$Worker.run(ThreadPoolExecutor.java:642) ~[na:na]
	at java.base/java.lang.Thread.run(Thread.java:1583) ~[na:na]
Caused by: java.net.ConnectException: Connection refused
	at java.base/sun.nio.ch.Net.pollConnect(Native Method) ~[na:na]
	at java.base/sun.nio.ch.Net.pollConnectNow(Net.java:694) ~[na:na]
	at java.base/sun.nio.ch.NioSocketImpl.timedFinishConnect(NioSocketImpl.java:549) ~[na:na]
	at java.base/sun.nio.ch.NioSocketImpl.connect(NioSocketImpl.java:592) ~[na:na]
	at java.base/java.net.SocksSocketImpl.connect(SocksSocketImpl.java:327) ~[na:na]
	at java.base/java.net.Socket.connect(Socket.java:751) ~[na:na]
	at org.postgresql.core.PGStream.createSocket(PGStream.java:243) ~[postgresql-42.7.3.jar:42.7.3]
	at org.postgresql.core.PGStream.<init>(PGStream.java:98) ~[postgresql-42.7.3.jar:42.7.3]
	at org.postgresql.core.v3.ConnectionFactoryImpl.tryConnect(ConnectionFactoryImpl.java:136) ~[postgresql-42.7.3.jar:42.7.3]
	at org.postgresql.core.v3.ConnectionFactoryImpl.openConnectionImpl(ConnectionFactoryImpl.java:262) ~[postgresql-42.7.3.jar:42.7.3]
	... 15 common frames omitted

2026-05-14T07:56:30.004+02:00  WARN 42910 --- [e-shop-backend] [scheduling-1] org.hibernate.orm.jdbc.error             : HHH000247: ErrorCode: 0, SQLState: 08001
2026-05-14T07:56:30.004+02:00  WARN 42910 --- [e-shop-backend] [scheduling-1] org.hibernate.orm.jdbc.error             : HikariPool-1 - Connection is not available, request timed out after 30001ms (total=0, active=0, idle=0, waiting=0)
2026-05-14T07:56:30.005+02:00  WARN 42910 --- [e-shop-backend] [scheduling-1] org.hibernate.orm.jdbc.error             : HHH000247: ErrorCode: 0, SQLState: 08001
2026-05-14T07:56:30.005+02:00  WARN 42910 --- [e-shop-backend] [scheduling-1] org.hibernate.orm.jdbc.error             : HikariPool-1 - Connection is not available, request timed out after 30001ms (total=0, active=0, idle=0, waiting=0)
2026-05-14T07:56:30.005+02:00 ERROR 42910 --- [e-shop-backend] [scheduling-1] o.s.s.s.TaskUtils$LoggingErrorHandler    : Unexpected error occurred in scheduled task

org.springframework.transaction.CannotCreateTransactionException: Could not open JPA EntityManager for transaction
	at org.springframework.orm.jpa.JpaTransactionManager.doBegin(JpaTransactionManager.java:457) ~[spring-orm-7.0.5.jar:7.0.5]
	at org.springframework.transaction.support.AbstractPlatformTransactionManager.startTransaction(AbstractPlatformTransactionManager.java:532) ~[spring-tx-7.0.5.jar:7.0.5]
	at org.springframework.transaction.support.AbstractPlatformTransactionManager.getTransaction(AbstractPlatformTransactionManager.java:405) ~[spring-tx-7.0.5.jar:7.0.5]
	at org.springframework.transaction.interceptor.TransactionAspectSupport.createTransactionIfNecessary(TransactionAspectSupport.java:628) ~[spring-tx-7.0.5.jar:7.0.5]
	at org.springframework.transaction.interceptor.TransactionAspectSupport.invokeWithinTransaction(TransactionAspectSupport.java:365) ~[spring-tx-7.0.5.jar:7.0.5]
	at org.springframework.transaction.interceptor.TransactionInterceptor.invoke(TransactionInterceptor.java:130) ~[spring-tx-7.0.5.jar:7.0.5]
	at org.springframework.aop.framework.ReflectiveMethodInvocation.proceed(ReflectiveMethodInvocation.java:179) ~[spring-aop-7.0.5.jar:7.0.5]
	at org.springframework.aop.framework.CglibAopProxy$DynamicAdvisedInterceptor.intercept(CglibAopProxy.java:719) ~[spring-aop-7.0.5.jar:7.0.5]
	at com.example.emtbackendlab.jobs.MaterializedViewRefreshScheduler$$SpringCGLIB$$0.refreshBooksStatsView(<generated>) ~[classes/:na]
	at java.base/jdk.internal.reflect.DirectMethodHandleAccessor.invoke(DirectMethodHandleAccessor.java:103) ~[na:na]
	at java.base/java.lang.reflect.Method.invoke(Method.java:580) ~[na:na]
	at org.springframework.scheduling.support.ScheduledMethodRunnable.runInternal(ScheduledMethodRunnable.java:128) ~[spring-context-7.0.5.jar:7.0.5]
	at org.springframework.scheduling.support.ScheduledMethodRunnable.lambda$run$1(ScheduledMethodRunnable.java:122) ~[spring-context-7.0.5.jar:7.0.5]
	at io.micrometer.observation.Observation.observe(Observation.java:564) ~[micrometer-observation-1.16.3.jar:1.16.3]
	at org.springframework.scheduling.support.ScheduledMethodRunnable.run(ScheduledMethodRunnable.java:122) ~[spring-context-7.0.5.jar:7.0.5]
	at org.springframework.scheduling.config.Task$OutcomeTrackingRunnable.run(Task.java:88) ~[spring-context-7.0.5.jar:7.0.5]
	at org.springframework.scheduling.support.DelegatingErrorHandlingRunnable.run(DelegatingErrorHandlingRunnable.java:54) ~[spring-context-7.0.5.jar:7.0.5]
	at org.springframework.scheduling.concurrent.ReschedulingRunnable.run(ReschedulingRunnable.java:94) ~[spring-context-7.0.5.jar:7.0.5]
	at java.base/java.util.concurrent.Executors$RunnableAdapter.call(Executors.java:572) ~[na:na]
	at java.base/java.util.concurrent.FutureTask.run$$$capture(FutureTask.java:317) ~[na:na]
	at java.base/java.util.concurrent.FutureTask.run(FutureTask.java) ~[na:na]
	at java.base/java.util.concurrent.ScheduledThreadPoolExecutor$ScheduledFutureTask.run(ScheduledThreadPoolExecutor.java:304) ~[na:na]
	at java.base/java.util.concurrent.ThreadPoolExecutor.runWorker(ThreadPoolExecutor.java:1144) ~[na:na]
	at java.base/java.util.concurrent.ThreadPoolExecutor$Worker.run(ThreadPoolExecutor.java:642) ~[na:na]
	at java.base/java.lang.Thread.run(Thread.java:1583) ~[na:na]
Caused by: org.hibernate.exception.JDBCConnectionException: Unable to acquire JDBC Connection [HikariPool-1 - Connection is not available, request timed out after 30001ms (total=0, active=0, idle=0, waiting=0)] [n/a]
	at org.hibernate.exception.internal.SQLExceptionTypeDelegate.convert(SQLExceptionTypeDelegate.java:49) ~[hibernate-core-7.2.4.Final.jar:7.2.4.Final]
	at org.hibernate.exception.internal.StandardSQLExceptionConverter.convert(StandardSQLExceptionConverter.java:34) ~[hibernate-core-7.2.4.Final.jar:7.2.4.Final]
	at org.hibernate.engine.jdbc.spi.SqlExceptionHelper.convert(SqlExceptionHelper.java:115) ~[hibernate-core-7.2.4.Final.jar:7.2.4.Final]
	at org.hibernate.engine.jdbc.spi.SqlExceptionHelper.convert(SqlExceptionHelper.java:101) ~[hibernate-core-7.2.4.Final.jar:7.2.4.Final]
	at org.hibernate.resource.jdbc.internal.LogicalConnectionManagedImpl.acquire(LogicalConnectionManagedImpl.java:190) ~[hibernate-core-7.2.4.Final.jar:7.2.4.Final]
	at org.hibernate.resource.jdbc.internal.LogicalConnectionManagedImpl.acquireConnectionIfNeeded(LogicalConnectionManagedImpl.java:87) ~[hibernate-core-7.2.4.Final.jar:7.2.4.Final]
	at org.hibernate.resource.jdbc.internal.LogicalConnectionManagedImpl.getPhysicalConnection(LogicalConnectionManagedImpl.java:126) ~[hibernate-core-7.2.4.Final.jar:7.2.4.Final]
	at org.hibernate.resource.jdbc.internal.LogicalConnectionManagedImpl.getConnectionForTransactionManagement(LogicalConnectionManagedImpl.java:277) ~[hibernate-core-7.2.4.Final.jar:7.2.4.Final]
	at org.hibernate.resource.jdbc.internal.LogicalConnectionManagedImpl.begin(LogicalConnectionManagedImpl.java:286) ~[hibernate-core-7.2.4.Final.jar:7.2.4.Final]
	at org.hibernate.resource.transaction.backend.jdbc.internal.JdbcResourceLocalTransactionCoordinatorImpl$TransactionDriverControlImpl.begin(JdbcResourceLocalTransactionCoordinatorImpl.java:226) ~[hibernate-core-7.2.4.Final.jar:7.2.4.Final]
	at org.hibernate.engine.transaction.internal.TransactionImpl.begin(TransactionImpl.java:75) ~[hibernate-core-7.2.4.Final.jar:7.2.4.Final]
	at org.springframework.orm.jpa.vendor.HibernateJpaDialect.beginTransaction(HibernateJpaDialect.java:147) ~[spring-orm-7.0.5.jar:7.0.5]
	at org.springframework.orm.jpa.JpaTransactionManager.doBegin(JpaTransactionManager.java:411) ~[spring-orm-7.0.5.jar:7.0.5]
	... 24 common frames omitted
Caused by: java.sql.SQLTransientConnectionException: HikariPool-1 - Connection is not available, request timed out after 30001ms (total=0, active=0, idle=0, waiting=0)
	at com.zaxxer.hikari.pool.HikariPool.createTimeoutException(HikariPool.java:714) ~[HikariCP-7.0.2.jar:na]
	at com.zaxxer.hikari.pool.HikariPool.getConnection(HikariPool.java:184) ~[HikariCP-7.0.2.jar:na]
	at com.zaxxer.hikari.pool.HikariPool.getConnection(HikariPool.java:142) ~[HikariCP-7.0.2.jar:na]
	at com.zaxxer.hikari.HikariDataSource.getConnection(HikariDataSource.java:127) ~[HikariCP-7.0.2.jar:na]
	at org.hibernate.engine.jdbc.connections.internal.DataSourceConnectionProvider.getConnection(DataSourceConnectionProvider.java:137) ~[hibernate-core-7.2.4.Final.jar:7.2.4.Final]
	at org.hibernate.internal.NonContextualJdbcConnectionAccess.obtainConnection(NonContextualJdbcConnectionAccess.java:47) ~[hibernate-core-7.2.4.Final.jar:7.2.4.Final]
	at org.hibernate.resource.jdbc.internal.LogicalConnectionManagedImpl.acquire(LogicalConnectionManagedImpl.java:187) ~[hibernate-core-7.2.4.Final.jar:7.2.4.Final]
	... 32 common frames omitted
Caused by: org.postgresql.util.PSQLException: Connection to localhost:5433 refused. Check that the hostname and port are correct and that the postmaster is accepting TCP/IP connections.
	at org.postgresql.core.v3.ConnectionFactoryImpl.openConnectionImpl(ConnectionFactoryImpl.java:346) ~[postgresql-42.7.3.jar:42.7.3]
	at org.postgresql.core.ConnectionFactory.openConnection(ConnectionFactory.java:54) ~[postgresql-42.7.3.jar:42.7.3]
	at org.postgresql.jdbc.PgConnection.<init>(PgConnection.java:273) ~[postgresql-42.7.3.jar:42.7.3]
	at org.postgresql.Driver.makeConnection(Driver.java:446) ~[postgresql-42.7.3.jar:42.7.3]
	at org.postgresql.Driver.connect(Driver.java:298) ~[postgresql-42.7.3.jar:42.7.3]
	at com.zaxxer.hikari.util.DriverDataSource.getConnection(DriverDataSource.java:144) ~[HikariCP-7.0.2.jar:na]
	at com.zaxxer.hikari.pool.PoolBase.newConnection(PoolBase.java:373) ~[HikariCP-7.0.2.jar:na]
	at com.zaxxer.hikari.pool.PoolBase.newPoolEntry(PoolBase.java:210) ~[HikariCP-7.0.2.jar:na]
	at com.zaxxer.hikari.pool.HikariPool.createPoolEntry(HikariPool.java:488) ~[HikariCP-7.0.2.jar:na]
	at com.zaxxer.hikari.pool.HikariPool$PoolEntryCreator.call(HikariPool.java:752) ~[HikariCP-7.0.2.jar:na]
	at com.zaxxer.hikari.pool.HikariPool$PoolEntryCreator.call(HikariPool.java:731) ~[HikariCP-7.0.2.jar:na]
	at java.base/java.util.concurrent.FutureTask.run$$$capture(FutureTask.java:317) ~[na:na]
	at java.base/java.util.concurrent.FutureTask.run(FutureTask.java) ~[na:na]
	... 3 common frames omitted
Caused by: java.net.ConnectException: Connection refused
	at java.base/sun.nio.ch.Net.pollConnect(Native Method) ~[na:na]
	at java.base/sun.nio.ch.Net.pollConnectNow(Net.java:694) ~[na:na]
	at java.base/sun.nio.ch.NioSocketImpl.timedFinishConnect(NioSocketImpl.java:549) ~[na:na]
	at java.base/sun.nio.ch.NioSocketImpl.connect(NioSocketImpl.java:592) ~[na:na]
	at java.base/java.net.SocksSocketImpl.connect(SocksSocketImpl.java:327) ~[na:na]
	at java.base/java.net.Socket.connect(Socket.java:751) ~[na:na]
	at org.postgresql.core.PGStream.createSocket(PGStream.java:243) ~[postgresql-42.7.3.jar:42.7.3]
	at org.postgresql.core.PGStream.<init>(PGStream.java:98) ~[postgresql-42.7.3.jar:42.7.3]
	at org.postgresql.core.v3.ConnectionFactoryImpl.tryConnect(ConnectionFactoryImpl.java:136) ~[postgresql-42.7.3.jar:42.7.3]
	at org.postgresql.core.v3.ConnectionFactoryImpl.openConnectionImpl(ConnectionFactoryImpl.java:262) ~[postgresql-42.7.3.jar:42.7.3]
	... 15 common frames omitted

2026-05-14T07:57:04.567+02:00  WARN 42910 --- [e-shop-backend] [HikariPool-1:connection-adder] com.zaxxer.hikari.pool.PoolBase          : HikariPool-1 - Pool is empty, failed to create/setup connection (361ae57d-1bc4-4b47-a247-ab2993ed78f6)

org.postgresql.util.PSQLException: Connection to localhost:5433 refused. Check that the hostname and port are correct and that the postmaster is accepting TCP/IP connections.
	at org.postgresql.core.v3.ConnectionFactoryImpl.openConnectionImpl(ConnectionFactoryImpl.java:346) ~[postgresql-42.7.3.jar:42.7.3]
	at org.postgresql.core.ConnectionFactory.openConnection(ConnectionFactory.java:54) ~[postgresql-42.7.3.jar:42.7.3]
	at org.postgresql.jdbc.PgConnection.<init>(PgConnection.java:273) ~[postgresql-42.7.3.jar:42.7.3]
	at org.postgresql.Driver.makeConnection(Driver.java:446) ~[postgresql-42.7.3.jar:42.7.3]
	at org.postgresql.Driver.connect(Driver.java:298) ~[postgresql-42.7.3.jar:42.7.3]
	at com.zaxxer.hikari.util.DriverDataSource.getConnection(DriverDataSource.java:144) ~[HikariCP-7.0.2.jar:na]
	at com.zaxxer.hikari.pool.PoolBase.newConnection(PoolBase.java:373) ~[HikariCP-7.0.2.jar:na]
	at com.zaxxer.hikari.pool.PoolBase.newPoolEntry(PoolBase.java:210) ~[HikariCP-7.0.2.jar:na]
	at com.zaxxer.hikari.pool.HikariPool.createPoolEntry(HikariPool.java:488) ~[HikariCP-7.0.2.jar:na]
	at com.zaxxer.hikari.pool.HikariPool$PoolEntryCreator.call(HikariPool.java:752) ~[HikariCP-7.0.2.jar:na]
	at com.zaxxer.hikari.pool.HikariPool$PoolEntryCreator.call(HikariPool.java:731) ~[HikariCP-7.0.2.jar:na]
	at java.base/java.util.concurrent.FutureTask.run$$$capture(FutureTask.java:317) ~[na:na]
	at java.base/java.util.concurrent.FutureTask.run(FutureTask.java) ~[na:na]
	at java.base/java.util.concurrent.ThreadPoolExecutor.runWorker(ThreadPoolExecutor.java:1144) ~[na:na]
	at java.base/java.util.concurrent.ThreadPoolExecutor$Worker.run(ThreadPoolExecutor.java:642) ~[na:na]
	at java.base/java.lang.Thread.run(Thread.java:1583) ~[na:na]
Caused by: java.net.ConnectException: Connection refused
	at java.base/sun.nio.ch.Net.pollConnect(Native Method) ~[na:na]
	at java.base/sun.nio.ch.Net.pollConnectNow(Net.java:694) ~[na:na]
	at java.base/sun.nio.ch.NioSocketImpl.timedFinishConnect(NioSocketImpl.java:549) ~[na:na]
	at java.base/sun.nio.ch.NioSocketImpl.connect(NioSocketImpl.java:592) ~[na:na]
	at java.base/java.net.SocksSocketImpl.connect(SocksSocketImpl.java:327) ~[na:na]
	at java.base/java.net.Socket.connect(Socket.java:751) ~[na:na]
	at org.postgresql.core.PGStream.createSocket(PGStream.java:243) ~[postgresql-42.7.3.jar:42.7.3]
	at org.postgresql.core.PGStream.<init>(PGStream.java:98) ~[postgresql-42.7.3.jar:42.7.3]
	at org.postgresql.core.v3.ConnectionFactoryImpl.tryConnect(ConnectionFactoryImpl.java:136) ~[postgresql-42.7.3.jar:42.7.3]
	at org.postgresql.core.v3.ConnectionFactoryImpl.openConnectionImpl(ConnectionFactoryImpl.java:262) ~[postgresql-42.7.3.jar:42.7.3]
	... 15 common frames omitted

2026-05-14T07:57:30.005+02:00  WARN 42910 --- [e-shop-backend] [scheduling-1] org.hibernate.orm.jdbc.error             : HHH000247: ErrorCode: 0, SQLState: 08001
2026-05-14T07:57:30.005+02:00  WARN 42910 --- [e-shop-backend] [scheduling-1] org.hibernate.orm.jdbc.error             : HikariPool-1 - Connection is not available, request timed out after 30002ms (total=0, active=0, idle=0, waiting=0)
2026-05-14T07:57:30.005+02:00  WARN 42910 --- [e-shop-backend] [scheduling-1] org.hibernate.orm.jdbc.error             : HHH000247: ErrorCode: 0, SQLState: 08001
2026-05-14T07:57:30.005+02:00  WARN 42910 --- [e-shop-backend] [scheduling-1] org.hibernate.orm.jdbc.error             : HikariPool-1 - Connection is not available, request timed out after 30002ms (total=0, active=0, idle=0, waiting=0)
2026-05-14T07:57:30.006+02:00 ERROR 42910 --- [e-shop-backend] [scheduling-1] o.s.s.s.TaskUtils$LoggingErrorHandler    : Unexpected error occurred in scheduled task

org.springframework.transaction.CannotCreateTransactionException: Could not open JPA EntityManager for transaction
	at org.springframework.orm.jpa.JpaTransactionManager.doBegin(JpaTransactionManager.java:457) ~[spring-orm-7.0.5.jar:7.0.5]
	at org.springframework.transaction.support.AbstractPlatformTransactionManager.startTransaction(AbstractPlatformTransactionManager.java:532) ~[spring-tx-7.0.5.jar:7.0.5]
	at org.springframework.transaction.support.AbstractPlatformTransactionManager.getTransaction(AbstractPlatformTransactionManager.java:405) ~[spring-tx-7.0.5.jar:7.0.5]
	at org.springframework.transaction.interceptor.TransactionAspectSupport.createTransactionIfNecessary(TransactionAspectSupport.java:628) ~[spring-tx-7.0.5.jar:7.0.5]
	at org.springframework.transaction.interceptor.TransactionAspectSupport.invokeWithinTransaction(TransactionAspectSupport.java:365) ~[spring-tx-7.0.5.jar:7.0.5]
	at org.springframework.transaction.interceptor.TransactionInterceptor.invoke(TransactionInterceptor.java:130) ~[spring-tx-7.0.5.jar:7.0.5]
	at org.springframework.aop.framework.ReflectiveMethodInvocation.proceed(ReflectiveMethodInvocation.java:179) ~[spring-aop-7.0.5.jar:7.0.5]
	at org.springframework.aop.framework.CglibAopProxy$DynamicAdvisedInterceptor.intercept(CglibAopProxy.java:719) ~[spring-aop-7.0.5.jar:7.0.5]
	at com.example.emtbackendlab.jobs.MaterializedViewRefreshScheduler$$SpringCGLIB$$0.refreshBooksStatsView(<generated>) ~[classes/:na]
	at java.base/jdk.internal.reflect.DirectMethodHandleAccessor.invoke(DirectMethodHandleAccessor.java:103) ~[na:na]
	at java.base/java.lang.reflect.Method.invoke(Method.java:580) ~[na:na]
	at org.springframework.scheduling.support.ScheduledMethodRunnable.runInternal(ScheduledMethodRunnable.java:128) ~[spring-context-7.0.5.jar:7.0.5]
	at org.springframework.scheduling.support.ScheduledMethodRunnable.lambda$run$1(ScheduledMethodRunnable.java:122) ~[spring-context-7.0.5.jar:7.0.5]
	at io.micrometer.observation.Observation.observe(Observation.java:564) ~[micrometer-observation-1.16.3.jar:1.16.3]
	at org.springframework.scheduling.support.ScheduledMethodRunnable.run(ScheduledMethodRunnable.java:122) ~[spring-context-7.0.5.jar:7.0.5]
	at org.springframework.scheduling.config.Task$OutcomeTrackingRunnable.run(Task.java:88) ~[spring-context-7.0.5.jar:7.0.5]
	at org.springframework.scheduling.support.DelegatingErrorHandlingRunnable.run(DelegatingErrorHandlingRunnable.java:54) ~[spring-context-7.0.5.jar:7.0.5]
	at org.springframework.scheduling.concurrent.ReschedulingRunnable.run(ReschedulingRunnable.java:94) ~[spring-context-7.0.5.jar:7.0.5]
	at java.base/java.util.concurrent.Executors$RunnableAdapter.call(Executors.java:572) ~[na:na]
	at java.base/java.util.concurrent.FutureTask.run$$$capture(FutureTask.java:317) ~[na:na]
	at java.base/java.util.concurrent.FutureTask.run(FutureTask.java) ~[na:na]
	at java.base/java.util.concurrent.ScheduledThreadPoolExecutor$ScheduledFutureTask.run(ScheduledThreadPoolExecutor.java:304) ~[na:na]
	at java.base/java.util.concurrent.ThreadPoolExecutor.runWorker(ThreadPoolExecutor.java:1144) ~[na:na]
	at java.base/java.util.concurrent.ThreadPoolExecutor$Worker.run(ThreadPoolExecutor.java:642) ~[na:na]
	at java.base/java.lang.Thread.run(Thread.java:1583) ~[na:na]
Caused by: org.hibernate.exception.JDBCConnectionException: Unable to acquire JDBC Connection [HikariPool-1 - Connection is not available, request timed out after 30002ms (total=0, active=0, idle=0, waiting=0)] [n/a]
	at org.hibernate.exception.internal.SQLExceptionTypeDelegate.convert(SQLExceptionTypeDelegate.java:49) ~[hibernate-core-7.2.4.Final.jar:7.2.4.Final]
	at org.hibernate.exception.internal.StandardSQLExceptionConverter.convert(StandardSQLExceptionConverter.java:34) ~[hibernate-core-7.2.4.Final.jar:7.2.4.Final]
	at org.hibernate.engine.jdbc.spi.SqlExceptionHelper.convert(SqlExceptionHelper.java:115) ~[hibernate-core-7.2.4.Final.jar:7.2.4.Final]
	at org.hibernate.engine.jdbc.spi.SqlExceptionHelper.convert(SqlExceptionHelper.java:101) ~[hibernate-core-7.2.4.Final.jar:7.2.4.Final]
	at org.hibernate.resource.jdbc.internal.LogicalConnectionManagedImpl.acquire(LogicalConnectionManagedImpl.java:190) ~[hibernate-core-7.2.4.Final.jar:7.2.4.Final]
	at org.hibernate.resource.jdbc.internal.LogicalConnectionManagedImpl.acquireConnectionIfNeeded(LogicalConnectionManagedImpl.java:87) ~[hibernate-core-7.2.4.Final.jar:7.2.4.Final]
	at org.hibernate.resource.jdbc.internal.LogicalConnectionManagedImpl.getPhysicalConnection(LogicalConnectionManagedImpl.java:126) ~[hibernate-core-7.2.4.Final.jar:7.2.4.Final]
	at org.hibernate.resource.jdbc.internal.LogicalConnectionManagedImpl.getConnectionForTransactionManagement(LogicalConnectionManagedImpl.java:277) ~[hibernate-core-7.2.4.Final.jar:7.2.4.Final]
	at org.hibernate.resource.jdbc.internal.LogicalConnectionManagedImpl.begin(LogicalConnectionManagedImpl.java:286) ~[hibernate-core-7.2.4.Final.jar:7.2.4.Final]
	at org.hibernate.resource.transaction.backend.jdbc.internal.JdbcResourceLocalTransactionCoordinatorImpl$TransactionDriverControlImpl.begin(JdbcResourceLocalTransactionCoordinatorImpl.java:226) ~[hibernate-core-7.2.4.Final.jar:7.2.4.Final]
	at org.hibernate.engine.transaction.internal.TransactionImpl.begin(TransactionImpl.java:75) ~[hibernate-core-7.2.4.Final.jar:7.2.4.Final]
	at org.springframework.orm.jpa.vendor.HibernateJpaDialect.beginTransaction(HibernateJpaDialect.java:147) ~[spring-orm-7.0.5.jar:7.0.5]
	at org.springframework.orm.jpa.JpaTransactionManager.doBegin(JpaTransactionManager.java:411) ~[spring-orm-7.0.5.jar:7.0.5]
	... 24 common frames omitted
Caused by: java.sql.SQLTransientConnectionException: HikariPool-1 - Connection is not available, request timed out after 30002ms (total=0, active=0, idle=0, waiting=0)
	at com.zaxxer.hikari.pool.HikariPool.createTimeoutException(HikariPool.java:714) ~[HikariCP-7.0.2.jar:na]
	at com.zaxxer.hikari.pool.HikariPool.getConnection(HikariPool.java:184) ~[HikariCP-7.0.2.jar:na]
	at com.zaxxer.hikari.pool.HikariPool.getConnection(HikariPool.java:142) ~[HikariCP-7.0.2.jar:na]
	at com.zaxxer.hikari.HikariDataSource.getConnection(HikariDataSource.java:127) ~[HikariCP-7.0.2.jar:na]
	at org.hibernate.engine.jdbc.connections.internal.DataSourceConnectionProvider.getConnection(DataSourceConnectionProvider.java:137) ~[hibernate-core-7.2.4.Final.jar:7.2.4.Final]
	at org.hibernate.internal.NonContextualJdbcConnectionAccess.obtainConnection(NonContextualJdbcConnectionAccess.java:47) ~[hibernate-core-7.2.4.Final.jar:7.2.4.Final]
	at org.hibernate.resource.jdbc.internal.LogicalConnectionManagedImpl.acquire(LogicalConnectionManagedImpl.java:187) ~[hibernate-core-7.2.4.Final.jar:7.2.4.Final]
	... 32 common frames omitted
Caused by: org.postgresql.util.PSQLException: Connection to localhost:5433 refused. Check that the hostname and port are correct and that the postmaster is accepting TCP/IP connections.
	at org.postgresql.core.v3.ConnectionFactoryImpl.openConnectionImpl(ConnectionFactoryImpl.java:346) ~[postgresql-42.7.3.jar:42.7.3]
	at org.postgresql.core.ConnectionFactory.openConnection(ConnectionFactory.java:54) ~[postgresql-42.7.3.jar:42.7.3]
	at org.postgresql.jdbc.PgConnection.<init>(PgConnection.java:273) ~[postgresql-42.7.3.jar:42.7.3]
	at org.postgresql.Driver.makeConnection(Driver.java:446) ~[postgresql-42.7.3.jar:42.7.3]
	at org.postgresql.Driver.connect(Driver.java:298) ~[postgresql-42.7.3.jar:42.7.3]
	at com.zaxxer.hikari.util.DriverDataSource.getConnection(DriverDataSource.java:144) ~[HikariCP-7.0.2.jar:na]
	at com.zaxxer.hikari.pool.PoolBase.newConnection(PoolBase.java:373) ~[HikariCP-7.0.2.jar:na]
	at com.zaxxer.hikari.pool.PoolBase.newPoolEntry(PoolBase.java:210) ~[HikariCP-7.0.2.jar:na]
	at com.zaxxer.hikari.pool.HikariPool.createPoolEntry(HikariPool.java:488) ~[HikariCP-7.0.2.jar:na]
	at com.zaxxer.hikari.pool.HikariPool$PoolEntryCreator.call(HikariPool.java:752) ~[HikariCP-7.0.2.jar:na]
	at com.zaxxer.hikari.pool.HikariPool$PoolEntryCreator.call(HikariPool.java:731) ~[HikariCP-7.0.2.jar:na]
	at java.base/java.util.concurrent.FutureTask.run$$$capture(FutureTask.java:317) ~[na:na]
	at java.base/java.util.concurrent.FutureTask.run(FutureTask.java) ~[na:na]
	... 3 common frames omitted
Caused by: java.net.ConnectException: Connection refused
	at java.base/sun.nio.ch.Net.pollConnect(Native Method) ~[na:na]
	at java.base/sun.nio.ch.Net.pollConnectNow(Net.java:694) ~[na:na]
	at java.base/sun.nio.ch.NioSocketImpl.timedFinishConnect(NioSocketImpl.java:542) ~[na:na]
	at java.base/sun.nio.ch.NioSocketImpl.connect(NioSocketImpl.java:592) ~[na:na]
	at java.base/java.net.SocksSocketImpl.connect(SocksSocketImpl.java:327) ~[na:na]
	at java.base/java.net.Socket.connect(Socket.java:751) ~[na:na]
	at org.postgresql.core.PGStream.createSocket(PGStream.java:243) ~[postgresql-42.7.3.jar:42.7.3]
	at org.postgresql.core.PGStream.<init>(PGStream.java:98) ~[postgresql-42.7.3.jar:42.7.3]
	at org.postgresql.core.v3.ConnectionFactoryImpl.tryConnect(ConnectionFactoryImpl.java:136) ~[postgresql-42.7.3.jar:42.7.3]
	at org.postgresql.core.v3.ConnectionFactoryImpl.openConnectionImpl(ConnectionFactoryImpl.java:262) ~[postgresql-42.7.3.jar:42.7.3]
	... 15 common frames omitted

2026-05-14T07:58:09.626+02:00  WARN 42910 --- [e-shop-backend] [HikariPool-1:connection-adder] com.zaxxer.hikari.pool.PoolBase          : HikariPool-1 - Pool is empty, failed to create/setup connection (3d630fe2-9475-4da2-ba0f-e7fadc3c68aa)

org.postgresql.util.PSQLException: Connection to localhost:5433 refused. Check that the hostname and port are correct and that the postmaster is accepting TCP/IP connections.
	at org.postgresql.core.v3.ConnectionFactoryImpl.openConnectionImpl(ConnectionFactoryImpl.java:346) ~[postgresql-42.7.3.jar:42.7.3]
	at org.postgresql.core.ConnectionFactory.openConnection(ConnectionFactory.java:54) ~[postgresql-42.7.3.jar:42.7.3]
	at org.postgresql.jdbc.PgConnection.<init>(PgConnection.java:273) ~[postgresql-42.7.3.jar:42.7.3]
	at org.postgresql.Driver.makeConnection(Driver.java:446) ~[postgresql-42.7.3.jar:42.7.3]
	at org.postgresql.Driver.connect(Driver.java:298) ~[postgresql-42.7.3.jar:42.7.3]
	at com.zaxxer.hikari.util.DriverDataSource.getConnection(DriverDataSource.java:144) ~[HikariCP-7.0.2.jar:na]
	at com.zaxxer.hikari.pool.PoolBase.newConnection(PoolBase.java:373) ~[HikariCP-7.0.2.jar:na]
	at com.zaxxer.hikari.pool.PoolBase.newPoolEntry(PoolBase.java:210) ~[HikariCP-7.0.2.jar:na]
	at com.zaxxer.hikari.pool.HikariPool.createPoolEntry(HikariPool.java:488) ~[HikariCP-7.0.2.jar:na]
	at com.zaxxer.hikari.pool.HikariPool$PoolEntryCreator.call(HikariPool.java:752) ~[HikariCP-7.0.2.jar:na]
	at com.zaxxer.hikari.pool.HikariPool$PoolEntryCreator.call(HikariPool.java:731) ~[HikariCP-7.0.2.jar:na]
	at java.base/java.util.concurrent.FutureTask.run$$$capture(FutureTask.java:317) ~[na:na]
	at java.base/java.util.concurrent.FutureTask.run(FutureTask.java) ~[na:na]
	at java.base/java.util.concurrent.ThreadPoolExecutor.runWorker(ThreadPoolExecutor.java:1144) ~[na:na]
	at java.base/java.util.concurrent.ThreadPoolExecutor$Worker.run(ThreadPoolExecutor.java:642) ~[na:na]
	at java.base/java.lang.Thread.run(Thread.java:1583) ~[na:na]
Caused by: java.net.ConnectException: Connection refused
	at java.base/sun.nio.ch.Net.pollConnect(Native Method) ~[na:na]
	at java.base/sun.nio.ch.Net.pollConnectNow(Net.java:694) ~[na:na]
	at java.base/sun.nio.ch.NioSocketImpl.timedFinishConnect(NioSocketImpl.java:549) ~[na:na]
	at java.base/sun.nio.ch.NioSocketImpl.connect(NioSocketImpl.java:592) ~[na:na]
	at java.base/java.net.SocksSocketImpl.connect(SocksSocketImpl.java:327) ~[na:na]
	at java.base/java.net.Socket.connect(Socket.java:751) ~[na:na]
	at org.postgresql.core.PGStream.createSocket(PGStream.java:243) ~[postgresql-42.7.3.jar:42.7.3]
	at org.postgresql.core.PGStream.<init>(PGStream.java:98) ~[postgresql-42.7.3.jar:42.7.3]
	at org.postgresql.core.v3.ConnectionFactoryImpl.tryConnect(ConnectionFactoryImpl.java:136) ~[postgresql-42.7.3.jar:42.7.3]
	at org.postgresql.core.v3.ConnectionFactoryImpl.openConnectionImpl(ConnectionFactoryImpl.java:262) ~[postgresql-42.7.3.jar:42.7.3]
	... 15 common frames omitted

2026-05-14T07:58:30.002+02:00  WARN 42910 --- [e-shop-backend] [scheduling-1] org.hibernate.orm.jdbc.error             : HHH000247: ErrorCode: 0, SQLState: 08001
2026-05-14T07:58:30.002+02:00  WARN 42910 --- [e-shop-backend] [scheduling-1] org.hibernate.orm.jdbc.error             : HikariPool-1 - Connection is not available, request timed out after 30003ms (total=0, active=0, idle=0, waiting=0)
2026-05-14T07:58:30.003+02:00  WARN 42910 --- [e-shop-backend] [scheduling-1] org.hibernate.orm.jdbc.error             : HHH000247: ErrorCode: 0, SQLState: 08001
2026-05-14T07:58:30.003+02:00  WARN 42910 --- [e-shop-backend] [scheduling-1] org.hibernate.orm.jdbc.error             : HikariPool-1 - Connection is not available, request timed out after 30003ms (total=0, active=0, idle=0, waiting=0)
2026-05-14T07:58:30.003+02:00 ERROR 42910 --- [e-shop-backend] [scheduling-1] o.s.s.s.TaskUtils$LoggingErrorHandler    : Unexpected error occurred in scheduled task

org.springframework.transaction.CannotCreateTransactionException: Could not open JPA EntityManager for transaction
	at org.springframework.orm.jpa.JpaTransactionManager.doBegin(JpaTransactionManager.java:457) ~[spring-orm-7.0.5.jar:7.0.5]
	at org.springframework.transaction.support.AbstractPlatformTransactionManager.startTransaction(AbstractPlatformTransactionManager.java:532) ~[spring-tx-7.0.5.jar:7.0.5]
	at org.springframework.transaction.support.AbstractPlatformTransactionManager.getTransaction(AbstractPlatformTransactionManager.java:405) ~[spring-tx-7.0.5.jar:7.0.5]
	at org.springframework.transaction.interceptor.TransactionAspectSupport.createTransactionIfNecessary(TransactionAspectSupport.java:628) ~[spring-tx-7.0.5.jar:7.0.5]
	at org.springframework.transaction.interceptor.TransactionAspectSupport.invokeWithinTransaction(TransactionAspectSupport.java:365) ~[spring-tx-7.0.5.jar:7.0.5]
	at org.springframework.transaction.interceptor.TransactionInterceptor.invoke(TransactionInterceptor.java:130) ~[spring-tx-7.0.5.jar:7.0.5]
	at org.springframework.aop.framework.ReflectiveMethodInvocation.proceed(ReflectiveMethodInvocation.java:179) ~[spring-aop-7.0.5.jar:7.0.5]
	at org.springframework.aop.framework.CglibAopProxy$DynamicAdvisedInterceptor.intercept(CglibAopProxy.java:719) ~[spring-aop-7.0.5.jar:7.0.5]
	at com.example.emtbackendlab.jobs.MaterializedViewRefreshScheduler$$SpringCGLIB$$0.refreshBooksStatsView(<generated>) ~[classes/:na]
	at java.base/jdk.internal.reflect.DirectMethodHandleAccessor.invoke(DirectMethodHandleAccessor.java:103) ~[na:na]
	at java.base/java.lang.reflect.Method.invoke(Method.java:580) ~[na:na]
	at org.springframework.scheduling.support.ScheduledMethodRunnable.runInternal(ScheduledMethodRunnable.java:128) ~[spring-context-7.0.5.jar:7.0.5]
	at org.springframework.scheduling.support.ScheduledMethodRunnable.lambda$run$1(ScheduledMethodRunnable.java:122) ~[spring-context-7.0.5.jar:7.0.5]
	at io.micrometer.observation.Observation.observe(Observation.java:564) ~[micrometer-observation-1.16.3.jar:1.16.3]
	at org.springframework.scheduling.support.ScheduledMethodRunnable.run(ScheduledMethodRunnable.java:122) ~[spring-context-7.0.5.jar:7.0.5]
	at org.springframework.scheduling.config.Task$OutcomeTrackingRunnable.run(Task.java:88) ~[spring-context-7.0.5.jar:7.0.5]
	at org.springframework.scheduling.support.DelegatingErrorHandlingRunnable.run(DelegatingErrorHandlingRunnable.java:54) ~[spring-context-7.0.5.jar:7.0.5]
	at org.springframework.scheduling.concurrent.ReschedulingRunnable.run(ReschedulingRunnable.java:94) ~[spring-context-7.0.5.jar:7.0.5]
	at java.base/java.util.concurrent.Executors$RunnableAdapter.call(Executors.java:572) ~[na:na]
	at java.base/java.util.concurrent.FutureTask.run$$$capture(FutureTask.java:317) ~[na:na]
	at java.base/java.util.concurrent.FutureTask.run(FutureTask.java) ~[na:na]
	at java.base/java.util.concurrent.ScheduledThreadPoolExecutor$ScheduledFutureTask.run(ScheduledThreadPoolExecutor.java:304) ~[na:na]
	at java.base/java.util.concurrent.ThreadPoolExecutor.runWorker(ThreadPoolExecutor.java:1144) ~[na:na]
	at java.base/java.util.concurrent.ThreadPoolExecutor$Worker.run(ThreadPoolExecutor.java:642) ~[na:na]
	at java.base/java.lang.Thread.run(Thread.java:1583) ~[na:na]
Caused by: org.hibernate.exception.JDBCConnectionException: Unable to acquire JDBC Connection [HikariPool-1 - Connection is not available, request timed out after 30003ms (total=0, active=0, idle=0, waiting=0)] [n/a]
	at org.hibernate.exception.internal.SQLExceptionTypeDelegate.convert(SQLExceptionTypeDelegate.java:49) ~[hibernate-core-7.2.4.Final.jar:7.2.4.Final]
	at org.hibernate.exception.internal.StandardSQLExceptionConverter.convert(StandardSQLExceptionConverter.java:34) ~[hibernate-core-7.2.4.Final.jar:7.2.4.Final]
	at org.hibernate.engine.jdbc.spi.SqlExceptionHelper.convert(SqlExceptionHelper.java:115) ~[hibernate-core-7.2.4.Final.jar:7.2.4.Final]
	at org.hibernate.engine.jdbc.spi.SqlExceptionHelper.convert(SqlExceptionHelper.java:101) ~[hibernate-core-7.2.4.Final.jar:7.2.4.Final]
	at org.hibernate.resource.jdbc.internal.LogicalConnectionManagedImpl.acquire(LogicalConnectionManagedImpl.java:190) ~[hibernate-core-7.2.4.Final.jar:7.2.4.Final]
	at org.hibernate.resource.jdbc.internal.LogicalConnectionManagedImpl.acquireConnectionIfNeeded(LogicalConnectionManagedImpl.java:87) ~[hibernate-core-7.2.4.Final.jar:7.2.4.Final]
	at org.hibernate.resource.jdbc.internal.LogicalConnectionManagedImpl.getPhysicalConnection(LogicalConnectionManagedImpl.java:126) ~[hibernate-core-7.2.4.Final.jar:7.2.4.Final]
	at org.hibernate.resource.jdbc.internal.LogicalConnectionManagedImpl.getConnectionForTransactionManagement(LogicalConnectionManagedImpl.java:277) ~[hibernate-core-7.2.4.Final.jar:7.2.4.Final]
	at org.hibernate.resource.jdbc.internal.LogicalConnectionManagedImpl.begin(LogicalConnectionManagedImpl.java:286) ~[hibernate-core-7.2.4.Final.jar:7.2.4.Final]
	at org.hibernate.resource.transaction.backend.jdbc.internal.JdbcResourceLocalTransactionCoordinatorImpl$TransactionDriverControlImpl.begin(JdbcResourceLocalTransactionCoordinatorImpl.java:226) ~[hibernate-core-7.2.4.Final.jar:7.2.4.Final]
	at org.hibernate.engine.transaction.internal.TransactionImpl.begin(TransactionImpl.java:75) ~[hibernate-core-7.2.4.Final.jar:7.2.4.Final]
	at org.springframework.orm.jpa.vendor.HibernateJpaDialect.beginTransaction(HibernateJpaDialect.java:147) ~[spring-orm-7.0.5.jar:7.0.5]
	at org.springframework.orm.jpa.JpaTransactionManager.doBegin(JpaTransactionManager.java:411) ~[spring-orm-7.0.5.jar:7.0.5]
	... 24 common frames omitted
Caused by: java.sql.SQLTransientConnectionException: HikariPool-1 - Connection is not available, request timed out after 30003ms (total=0, active=0, idle=0, waiting=0)
	at com.zaxxer.hikari.pool.HikariPool.createTimeoutException(HikariPool.java:714) ~[HikariCP-7.0.2.jar:na]
	at com.zaxxer.hikari.pool.HikariPool.getConnection(HikariPool.java:184) ~[HikariCP-7.0.2.jar:na]
	at com.zaxxer.hikari.pool.HikariPool.getConnection(HikariPool.java:142) ~[HikariCP-7.0.2.jar:na]
	at com.zaxxer.hikari.HikariDataSource.getConnection(HikariDataSource.java:127) ~[HikariCP-7.0.2.jar:na]
	at org.hibernate.engine.jdbc.connections.internal.DataSourceConnectionProvider.getConnection(DataSourceConnectionProvider.java:137) ~[hibernate-core-7.2.4.Final.jar:7.2.4.Final]
	at org.hibernate.internal.NonContextualJdbcConnectionAccess.obtainConnection(NonContextualJdbcConnectionAccess.java:47) ~[hibernate-core-7.2.4.Final.jar:7.2.4.Final]
	at org.hibernate.resource.jdbc.internal.LogicalConnectionManagedImpl.acquire(LogicalConnectionManagedImpl.java:187) ~[hibernate-core-7.2.4.Final.jar:7.2.4.Final]
	... 32 common frames omitted
Caused by: org.postgresql.util.PSQLException: Connection to localhost:5433 refused. Check that the hostname and port are correct and that the postmaster is accepting TCP/IP connections.
	at org.postgresql.core.v3.ConnectionFactoryImpl.openConnectionImpl(ConnectionFactoryImpl.java:346) ~[postgresql-42.7.3.jar:42.7.3]
	at org.postgresql.core.ConnectionFactory.openConnection(ConnectionFactory.java:54) ~[postgresql-42.7.3.jar:42.7.3]
	at org.postgresql.jdbc.PgConnection.<init>(PgConnection.java:273) ~[postgresql-42.7.3.jar:42.7.3]
	at org.postgresql.Driver.makeConnection(Driver.java:446) ~[postgresql-42.7.3.jar:42.7.3]
	at org.postgresql.Driver.connect(Driver.java:298) ~[postgresql-42.7.3.jar:42.7.3]
	at com.zaxxer.hikari.util.DriverDataSource.getConnection(DriverDataSource.java:144) ~[HikariCP-7.0.2.jar:na]
	at com.zaxxer.hikari.pool.PoolBase.newConnection(PoolBase.java:373) ~[HikariCP-7.0.2.jar:na]
	at com.zaxxer.hikari.pool.PoolBase.newPoolEntry(PoolBase.java:210) ~[HikariCP-7.0.2.jar:na]
	at com.zaxxer.hikari.pool.HikariPool.createPoolEntry(HikariPool.java:488) ~[HikariCP-7.0.2.jar:na]
	at com.zaxxer.hikari.pool.HikariPool$PoolEntryCreator.call(HikariPool.java:752) ~[HikariCP-7.0.2.jar:na]
	at com.zaxxer.hikari.pool.HikariPool$PoolEntryCreator.call(HikariPool.java:731) ~[HikariCP-7.0.2.jar:na]
	at java.base/java.util.concurrent.FutureTask.run$$$capture(FutureTask.java:317) ~[na:na]
	at java.base/java.util.concurrent.FutureTask.run(FutureTask.java) ~[na:na]
	... 3 common frames omitted
Caused by: java.net.ConnectException: Connection refused
	at java.base/sun.nio.ch.Net.pollConnect(Native Method) ~[na:na]
	at java.base/sun.nio.ch.Net.pollConnectNow(Net.java:694) ~[na:na]
	at java.base/sun.nio.ch.NioSocketImpl.timedFinishConnect(NioSocketImpl.java:549) ~[na:na]
	at java.base/sun.nio.ch.NioSocketImpl.connect(NioSocketImpl.java:592) ~[na:na]
	at java.base/java.net.SocksSocketImpl.connect(SocksSocketImpl.java:327) ~[na:na]
	at java.base/java.net.Socket.connect(Socket.java:751) ~[na:na]
	at org.postgresql.core.PGStream.createSocket(PGStream.java:243) ~[postgresql-42.7.3.jar:42.7.3]
	at org.postgresql.core.PGStream.<init>(PGStream.java:98) ~[postgresql-42.7.3.jar:42.7.3]
	at org.postgresql.core.v3.ConnectionFactoryImpl.tryConnect(ConnectionFactoryImpl.java:136) ~[postgresql-42.7.3.jar:42.7.3]
	at org.postgresql.core.v3.ConnectionFactoryImpl.openConnectionImpl(ConnectionFactoryImpl.java:262) ~[postgresql-42.7.3.jar:42.7.3]
	... 15 common frames omitted

2026-05-14T07:59:14.687+02:00  WARN 42910 --- [e-shop-backend] [HikariPool-1:connection-adder] com.zaxxer.hikari.pool.PoolBase          : HikariPool-1 - Pool is empty, failed to create/setup connection (88137812-df48-443e-acfd-1f6cf62aa976)

org.postgresql.util.PSQLException: Connection to localhost:5433 refused. Check that the hostname and port are correct and that the postmaster is accepting TCP/IP connections.
	at org.postgresql.core.v3.ConnectionFactoryImpl.openConnectionImpl(ConnectionFactoryImpl.java:346) ~[postgresql-42.7.3.jar:42.7.3]
	at org.postgresql.core.ConnectionFactory.openConnection(ConnectionFactory.java:54) ~[postgresql-42.7.3.jar:42.7.3]
	at org.postgresql.jdbc.PgConnection.<init>(PgConnection.java:273) ~[postgresql-42.7.3.jar:42.7.3]
	at org.postgresql.Driver.makeConnection(Driver.java:446) ~[postgresql-42.7.3.jar:42.7.3]
	at org.postgresql.Driver.connect(Driver.java:298) ~[postgresql-42.7.3.jar:42.7.3]
	at com.zaxxer.hikari.util.DriverDataSource.getConnection(DriverDataSource.java:144) ~[HikariCP-7.0.2.jar:na]
	at com.zaxxer.hikari.pool.PoolBase.newConnection(PoolBase.java:373) ~[HikariCP-7.0.2.jar:na]
	at com.zaxxer.hikari.pool.PoolBase.newPoolEntry(PoolBase.java:210) ~[HikariCP-7.0.2.jar:na]
	at com.zaxxer.hikari.pool.HikariPool.createPoolEntry(HikariPool.java:488) ~[HikariCP-7.0.2.jar:na]
	at com.zaxxer.hikari.pool.HikariPool$PoolEntryCreator.call(HikariPool.java:752) ~[HikariCP-7.0.2.jar:na]
	at com.zaxxer.hikari.pool.HikariPool$PoolEntryCreator.call(HikariPool.java:731) ~[HikariCP-7.0.2.jar:na]
	at java.base/java.util.concurrent.FutureTask.run$$$capture(FutureTask.java:317) ~[na:na]
	at java.base/java.util.concurrent.FutureTask.run(FutureTask.java) ~[na:na]
	at java.base/java.util.concurrent.ThreadPoolExecutor.runWorker(ThreadPoolExecutor.java:1144) ~[na:na]
	at java.base/java.util.concurrent.ThreadPoolExecutor$Worker.run(ThreadPoolExecutor.java:642) ~[na:na]
	at java.base/java.lang.Thread.run(Thread.java:1583) ~[na:na]
Caused by: java.net.ConnectException: Connection refused
	at java.base/sun.nio.ch.Net.pollConnect(Native Method) ~[na:na]
	at java.base/sun.nio.ch.Net.pollConnectNow(Net.java:694) ~[na:na]
	at java.base/sun.nio.ch.NioSocketImpl.timedFinishConnect(NioSocketImpl.java:549) ~[na:na]
	at java.base/sun.nio.ch.NioSocketImpl.connect(NioSocketImpl.java:592) ~[na:na]
	at java.base/java.net.SocksSocketImpl.connect(SocksSocketImpl.java:327) ~[na:na]
	at java.base/java.net.Socket.connect(Socket.java:751) ~[na:na]
	at org.postgresql.core.PGStream.createSocket(PGStream.java:243) ~[postgresql-42.7.3.jar:42.7.3]
	at org.postgresql.core.PGStream.<init>(PGStream.java:98) ~[postgresql-42.7.3.jar:42.7.3]
	at org.postgresql.core.v3.ConnectionFactoryImpl.tryConnect(ConnectionFactoryImpl.java:136) ~[postgresql-42.7.3.jar:42.7.3]
	at org.postgresql.core.v3.ConnectionFactoryImpl.openConnectionImpl(ConnectionFactoryImpl.java:262) ~[postgresql-42.7.3.jar:42.7.3]
	... 15 common frames omitted

2026-05-14T07:59:30.000+02:00  WARN 42910 --- [e-shop-backend] [scheduling-1] org.hibernate.orm.jdbc.error             : HHH000247: ErrorCode: 0, SQLState: 08001
2026-05-14T07:59:30.001+02:00  WARN 42910 --- [e-shop-backend] [scheduling-1] org.hibernate.orm.jdbc.error             : HikariPool-1 - Connection is not available, request timed out after 30000ms (total=0, active=0, idle=0, waiting=0)
2026-05-14T07:59:30.001+02:00  WARN 42910 --- [e-shop-backend] [scheduling-1] org.hibernate.orm.jdbc.error             : HHH000247: ErrorCode: 0, SQLState: 08001
2026-05-14T07:59:30.001+02:00  WARN 42910 --- [e-shop-backend] [scheduling-1] org.hibernate.orm.jdbc.error             : HikariPool-1 - Connection is not available, request timed out after 30000ms (total=0, active=0, idle=0, waiting=0)
2026-05-14T07:59:30.001+02:00 ERROR 42910 --- [e-shop-backend] [scheduling-1] o.s.s.s.TaskUtils$LoggingErrorHandler    : Unexpected error occurred in scheduled task

org.springframework.transaction.CannotCreateTransactionException: Could not open JPA EntityManager for transaction
	at org.springframework.orm.jpa.JpaTransactionManager.doBegin(JpaTransactionManager.java:457) ~[spring-orm-7.0.5.jar:7.0.5]
	at org.springframework.transaction.support.AbstractPlatformTransactionManager.startTransaction(AbstractPlatformTransactionManager.java:532) ~[spring-tx-7.0.5.jar:7.0.5]
	at org.springframework.transaction.support.AbstractPlatformTransactionManager.getTransaction(AbstractPlatformTransactionManager.java:405) ~[spring-tx-7.0.5.jar:7.0.5]
	at org.springframework.transaction.interceptor.TransactionAspectSupport.createTransactionIfNecessary(TransactionAspectSupport.java:628) ~[spring-tx-7.0.5.jar:7.0.5]
	at org.springframework.transaction.interceptor.TransactionAspectSupport.invokeWithinTransaction(TransactionAspectSupport.java:365) ~[spring-tx-7.0.5.jar:7.0.5]
	at org.springframework.transaction.interceptor.TransactionInterceptor.invoke(TransactionInterceptor.java:130) ~[spring-tx-7.0.5.jar:7.0.5]
	at org.springframework.aop.framework.ReflectiveMethodInvocation.proceed(ReflectiveMethodInvocation.java:179) ~[spring-aop-7.0.5.jar:7.0.5]
	at org.springframework.aop.framework.CglibAopProxy$DynamicAdvisedInterceptor.intercept(CglibAopProxy.java:719) ~[spring-aop-7.0.5.jar:7.0.5]
	at com.example.emtbackendlab.jobs.MaterializedViewRefreshScheduler$$SpringCGLIB$$0.refreshBooksStatsView(<generated>) ~[classes/:na]
	at java.base/jdk.internal.reflect.DirectMethodHandleAccessor.invoke(DirectMethodHandleAccessor.java:103) ~[na:na]
	at java.base/java.lang.reflect.Method.invoke(Method.java:580) ~[na:na]
	at org.springframework.scheduling.support.ScheduledMethodRunnable.runInternal(ScheduledMethodRunnable.java:128) ~[spring-context-7.0.5.jar:7.0.5]
	at org.springframework.scheduling.support.ScheduledMethodRunnable.lambda$run$1(ScheduledMethodRunnable.java:122) ~[spring-context-7.0.5.jar:7.0.5]
	at io.micrometer.observation.Observation.observe(Observation.java:564) ~[micrometer-observation-1.16.3.jar:1.16.3]
	at org.springframework.scheduling.support.ScheduledMethodRunnable.run(ScheduledMethodRunnable.java:122) ~[spring-context-7.0.5.jar:7.0.5]
	at org.springframework.scheduling.config.Task$OutcomeTrackingRunnable.run(Task.java:88) ~[spring-context-7.0.5.jar:7.0.5]
	at org.springframework.scheduling.support.DelegatingErrorHandlingRunnable.run(DelegatingErrorHandlingRunnable.java:54) ~[spring-context-7.0.5.jar:7.0.5]
	at org.springframework.scheduling.concurrent.ReschedulingRunnable.run(ReschedulingRunnable.java:94) ~[spring-context-7.0.5.jar:7.0.5]
	at java.base/java.util.concurrent.Executors$RunnableAdapter.call(Executors.java:572) ~[na:na]
	at java.base/java.util.concurrent.FutureTask.run$$$capture(FutureTask.java:317) ~[na:na]
	at java.base/java.util.concurrent.FutureTask.run(FutureTask.java) ~[na:na]
	at java.base/java.util.concurrent.ScheduledThreadPoolExecutor$ScheduledFutureTask.run(ScheduledThreadPoolExecutor.java:304) ~[na:na]
	at java.base/java.util.concurrent.ThreadPoolExecutor.runWorker(ThreadPoolExecutor.java:1144) ~[na:na]
	at java.base/java.util.concurrent.ThreadPoolExecutor$Worker.run(ThreadPoolExecutor.java:642) ~[na:na]
	at java.base/java.lang.Thread.run(Thread.java:1583) ~[na:na]
Caused by: org.hibernate.exception.JDBCConnectionException: Unable to acquire JDBC Connection [HikariPool-1 - Connection is not available, request timed out after 30000ms (total=0, active=0, idle=0, waiting=0)] [n/a]
	at org.hibernate.exception.internal.SQLExceptionTypeDelegate.convert(SQLExceptionTypeDelegate.java:49) ~[hibernate-core-7.2.4.Final.jar:7.2.4.Final]
	at org.hibernate.exception.internal.StandardSQLExceptionConverter.convert(StandardSQLExceptionConverter.java:34) ~[hibernate-core-7.2.4.Final.jar:7.2.4.Final]
	at org.hibernate.engine.jdbc.spi.SqlExceptionHelper.convert(SqlExceptionHelper.java:115) ~[hibernate-core-7.2.4.Final.jar:7.2.4.Final]
	at org.hibernate.engine.jdbc.spi.SqlExceptionHelper.convert(SqlExceptionHelper.java:101) ~[hibernate-core-7.2.4.Final.jar:7.2.4.Final]
	at org.hibernate.resource.jdbc.internal.LogicalConnectionManagedImpl.acquire(LogicalConnectionManagedImpl.java:190) ~[hibernate-core-7.2.4.Final.jar:7.2.4.Final]
	at org.hibernate.resource.jdbc.internal.LogicalConnectionManagedImpl.acquireConnectionIfNeeded(LogicalConnectionManagedImpl.java:87) ~[hibernate-core-7.2.4.Final.jar:7.2.4.Final]
	at org.hibernate.resource.jdbc.internal.LogicalConnectionManagedImpl.getPhysicalConnection(LogicalConnectionManagedImpl.java:126) ~[hibernate-core-7.2.4.Final.jar:7.2.4.Final]
	at org.hibernate.resource.jdbc.internal.LogicalConnectionManagedImpl.getConnectionForTransactionManagement(LogicalConnectionManagedImpl.java:277) ~[hibernate-core-7.2.4.Final.jar:7.2.4.Final]
	at org.hibernate.resource.jdbc.internal.LogicalConnectionManagedImpl.begin(LogicalConnectionManagedImpl.java:286) ~[hibernate-core-7.2.4.Final.jar:7.2.4.Final]
	at org.hibernate.resource.transaction.backend.jdbc.internal.JdbcResourceLocalTransactionCoordinatorImpl$TransactionDriverControlImpl.begin(JdbcResourceLocalTransactionCoordinatorImpl.java:226) ~[hibernate-core-7.2.4.Final.jar:7.2.4.Final]
	at org.hibernate.engine.transaction.internal.TransactionImpl.begin(TransactionImpl.java:75) ~[hibernate-core-7.2.4.Final.jar:7.2.4.Final]
	at org.springframework.orm.jpa.vendor.HibernateJpaDialect.beginTransaction(HibernateJpaDialect.java:147) ~[spring-orm-7.0.5.jar:7.0.5]
	at org.springframework.orm.jpa.JpaTransactionManager.doBegin(JpaTransactionManager.java:411) ~[spring-orm-7.0.5.jar:7.0.5]
	... 24 common frames omitted
Caused by: java.sql.SQLTransientConnectionException: HikariPool-1 - Connection is not available, request timed out after 30000ms (total=0, active=0, idle=0, waiting=0)
	at com.zaxxer.hikari.pool.HikariPool.createTimeoutException(HikariPool.java:714) ~[HikariCP-7.0.2.jar:na]
	at com.zaxxer.hikari.pool.HikariPool.getConnection(HikariPool.java:184) ~[HikariCP-7.0.2.jar:na]
	at com.zaxxer.hikari.pool.HikariPool.getConnection(HikariPool.java:142) ~[HikariCP-7.0.2.jar:na]
	at com.zaxxer.hikari.HikariDataSource.getConnection(HikariDataSource.java:127) ~[HikariCP-7.0.2.jar:na]
	at org.hibernate.engine.jdbc.connections.internal.DataSourceConnectionProvider.getConnection(DataSourceConnectionProvider.java:137) ~[hibernate-core-7.2.4.Final.jar:7.2.4.Final]
	at org.hibernate.internal.NonContextualJdbcConnectionAccess.obtainConnection(NonContextualJdbcConnectionAccess.java:47) ~[hibernate-core-7.2.4.Final.jar:7.2.4.Final]
	at org.hibernate.resource.jdbc.internal.LogicalConnectionManagedImpl.acquire(LogicalConnectionManagedImpl.java:187) ~[hibernate-core-7.2.4.Final.jar:7.2.4.Final]
	... 32 common frames omitted
Caused by: org.postgresql.util.PSQLException: Connection to localhost:5433 refused. Check that the hostname and port are correct and that the postmaster is accepting TCP/IP connections.
	at org.postgresql.core.v3.ConnectionFactoryImpl.openConnectionImpl(ConnectionFactoryImpl.java:346) ~[postgresql-42.7.3.jar:42.7.3]
	at org.postgresql.core.ConnectionFactory.openConnection(ConnectionFactory.java:54) ~[postgresql-42.7.3.jar:42.7.3]
	at org.postgresql.jdbc.PgConnection.<init>(PgConnection.java:273) ~[postgresql-42.7.3.jar:42.7.3]
	at org.postgresql.Driver.makeConnection(Driver.java:446) ~[postgresql-42.7.3.jar:42.7.3]
	at org.postgresql.Driver.connect(Driver.java:298) ~[postgresql-42.7.3.jar:42.7.3]
	at com.zaxxer.hikari.util.DriverDataSource.getConnection(DriverDataSource.java:144) ~[HikariCP-7.0.2.jar:na]
	at com.zaxxer.hikari.pool.PoolBase.newConnection(PoolBase.java:373) ~[HikariCP-7.0.2.jar:na]
	at com.zaxxer.hikari.pool.PoolBase.newPoolEntry(PoolBase.java:210) ~[HikariCP-7.0.2.jar:na]
	at com.zaxxer.hikari.pool.HikariPool.createPoolEntry(HikariPool.java:488) ~[HikariCP-7.0.2.jar:na]
	at com.zaxxer.hikari.pool.HikariPool$PoolEntryCreator.call(HikariPool.java:752) ~[HikariCP-7.0.2.jar:na]
	at com.zaxxer.hikari.pool.HikariPool$PoolEntryCreator.call(HikariPool.java:731) ~[HikariCP-7.0.2.jar:na]
	at java.base/java.util.concurrent.FutureTask.run$$$capture(FutureTask.java:317) ~[na:na]
	at java.base/java.util.concurrent.FutureTask.run(FutureTask.java) ~[na:na]
	... 3 common frames omitted
Caused by: java.net.ConnectException: Connection refused
	at java.base/sun.nio.ch.Net.pollConnect(Native Method) ~[na:na]
	at java.base/sun.nio.ch.Net.pollConnectNow(Net.java:694) ~[na:na]
	at java.base/sun.nio.ch.NioSocketImpl.timedFinishConnect(NioSocketImpl.java:549) ~[na:na]
	at java.base/sun.nio.ch.NioSocketImpl.connect(NioSocketImpl.java:592) ~[na:na]
	at java.base/java.net.SocksSocketImpl.connect(SocksSocketImpl.java:327) ~[na:na]
	at java.base/java.net.Socket.connect(Socket.java:751) ~[na:na]
	at org.postgresql.core.PGStream.createSocket(PGStream.java:243) ~[postgresql-42.7.3.jar:42.7.3]
	at org.postgresql.core.PGStream.<init>(PGStream.java:98) ~[postgresql-42.7.3.jar:42.7.3]
	at org.postgresql.core.v3.ConnectionFactoryImpl.tryConnect(ConnectionFactoryImpl.java:136) ~[postgresql-42.7.3.jar:42.7.3]
	at org.postgresql.core.v3.ConnectionFactoryImpl.openConnectionImpl(ConnectionFactoryImpl.java:262) ~[postgresql-42.7.3.jar:42.7.3]
	... 15 common frames omitted

2026-05-14T08:00:19.747+02:00  WARN 42910 --- [e-shop-backend] [HikariPool-1:connection-adder] com.zaxxer.hikari.pool.PoolBase          : HikariPool-1 - Pool is empty, failed to create/setup connection (7a719602-46c7-4593-bfc0-0b779c894273)

org.postgresql.util.PSQLException: Connection to localhost:5433 refused. Check that the hostname and port are correct and that the postmaster is accepting TCP/IP connections.
	at org.postgresql.core.v3.ConnectionFactoryImpl.openConnectionImpl(ConnectionFactoryImpl.java:346) ~[postgresql-42.7.3.jar:42.7.3]
	at org.postgresql.core.ConnectionFactory.openConnection(ConnectionFactory.java:54) ~[postgresql-42.7.3.jar:42.7.3]
	at org.postgresql.jdbc.PgConnection.<init>(PgConnection.java:273) ~[postgresql-42.7.3.jar:42.7.3]
	at org.postgresql.Driver.makeConnection(Driver.java:446) ~[postgresql-42.7.3.jar:42.7.3]
	at org.postgresql.Driver.connect(Driver.java:298) ~[postgresql-42.7.3.jar:42.7.3]
	at com.zaxxer.hikari.util.DriverDataSource.getConnection(DriverDataSource.java:144) ~[HikariCP-7.0.2.jar:na]
	at com.zaxxer.hikari.pool.PoolBase.newConnection(PoolBase.java:373) ~[HikariCP-7.0.2.jar:na]
	at com.zaxxer.hikari.pool.PoolBase.newPoolEntry(PoolBase.java:210) ~[HikariCP-7.0.2.jar:na]
	at com.zaxxer.hikari.pool.HikariPool.createPoolEntry(HikariPool.java:488) ~[HikariCP-7.0.2.jar:na]
	at com.zaxxer.hikari.pool.HikariPool$PoolEntryCreator.call(HikariPool.java:752) ~[HikariCP-7.0.2.jar:na]
	at com.zaxxer.hikari.pool.HikariPool$PoolEntryCreator.call(HikariPool.java:731) ~[HikariCP-7.0.2.jar:na]
	at java.base/java.util.concurrent.FutureTask.run$$$capture(FutureTask.java:317) ~[na:na]
	at java.base/java.util.concurrent.FutureTask.run(FutureTask.java) ~[na:na]
	at java.base/java.util.concurrent.ThreadPoolExecutor.runWorker(ThreadPoolExecutor.java:1144) ~[na:na]
	at java.base/java.util.concurrent.ThreadPoolExecutor$Worker.run(ThreadPoolExecutor.java:642) ~[na:na]
	at java.base/java.lang.Thread.run(Thread.java:1583) ~[na:na]
Caused by: java.net.ConnectException: Connection refused
	at java.base/sun.nio.ch.Net.pollConnect(Native Method) ~[na:na]
	at java.base/sun.nio.ch.Net.pollConnectNow(Net.java:694) ~[na:na]
	at java.base/sun.nio.ch.NioSocketImpl.timedFinishConnect(NioSocketImpl.java:549) ~[na:na]
	at java.base/sun.nio.ch.NioSocketImpl.connect(NioSocketImpl.java:592) ~[na:na]
	at java.base/java.net.SocksSocketImpl.connect(SocksSocketImpl.java:327) ~[na:na]
	at java.base/java.net.Socket.connect(Socket.java:751) ~[na:na]
	at org.postgresql.core.PGStream.createSocket(PGStream.java:243) ~[postgresql-42.7.3.jar:42.7.3]
	at org.postgresql.core.PGStream.<init>(PGStream.java:98) ~[postgresql-42.7.3.jar:42.7.3]
	at org.postgresql.core.v3.ConnectionFactoryImpl.tryConnect(ConnectionFactoryImpl.java:136) ~[postgresql-42.7.3.jar:42.7.3]
	at org.postgresql.core.v3.ConnectionFactoryImpl.openConnectionImpl(ConnectionFactoryImpl.java:262) ~[postgresql-42.7.3.jar:42.7.3]
	... 15 common frames omitted

2026-05-14T08:00:30.002+02:00  WARN 42910 --- [e-shop-backend] [scheduling-1] org.hibernate.orm.jdbc.error             : HHH000247: ErrorCode: 0, SQLState: 08001
2026-05-14T08:00:30.003+02:00  WARN 42910 --- [e-shop-backend] [scheduling-1] org.hibernate.orm.jdbc.error             : HikariPool-1 - Connection is not available, request timed out after 30004ms (total=0, active=0, idle=0, waiting=0)
2026-05-14T08:00:30.003+02:00  WARN 42910 --- [e-shop-backend] [scheduling-1] org.hibernate.orm.jdbc.error             : HHH000247: ErrorCode: 0, SQLState: 08001
2026-05-14T08:00:30.003+02:00  WARN 42910 --- [e-shop-backend] [scheduling-1] org.hibernate.orm.jdbc.error             : HikariPool-1 - Connection is not available, request timed out after 30004ms (total=0, active=0, idle=0, waiting=0)
2026-05-14T08:00:30.003+02:00 ERROR 42910 --- [e-shop-backend] [scheduling-1] o.s.s.s.TaskUtils$LoggingErrorHandler    : Unexpected error occurred in scheduled task

org.springframework.transaction.CannotCreateTransactionException: Could not open JPA EntityManager for transaction
	at org.springframework.orm.jpa.JpaTransactionManager.doBegin(JpaTransactionManager.java:457) ~[spring-orm-7.0.5.jar:7.0.5]
	at org.springframework.transaction.support.AbstractPlatformTransactionManager.startTransaction(AbstractPlatformTransactionManager.java:532) ~[spring-tx-7.0.5.jar:7.0.5]
	at org.springframework.transaction.support.AbstractPlatformTransactionManager.getTransaction(AbstractPlatformTransactionManager.java:405) ~[spring-tx-7.0.5.jar:7.0.5]
	at org.springframework.transaction.interceptor.TransactionAspectSupport.createTransactionIfNecessary(TransactionAspectSupport.java:628) ~[spring-tx-7.0.5.jar:7.0.5]
	at org.springframework.transaction.interceptor.TransactionAspectSupport.invokeWithinTransaction(TransactionAspectSupport.java:365) ~[spring-tx-7.0.5.jar:7.0.5]
	at org.springframework.transaction.interceptor.TransactionInterceptor.invoke(TransactionInterceptor.java:130) ~[spring-tx-7.0.5.jar:7.0.5]
	at org.springframework.aop.framework.ReflectiveMethodInvocation.proceed(ReflectiveMethodInvocation.java:179) ~[spring-aop-7.0.5.jar:7.0.5]
	at org.springframework.aop.framework.CglibAopProxy$DynamicAdvisedInterceptor.intercept(CglibAopProxy.java:719) ~[spring-aop-7.0.5.jar:7.0.5]
	at com.example.emtbackendlab.jobs.MaterializedViewRefreshScheduler$$SpringCGLIB$$0.refreshBooksStatsView(<generated>) ~[classes/:na]
	at java.base/jdk.internal.reflect.DirectMethodHandleAccessor.invoke(DirectMethodHandleAccessor.java:103) ~[na:na]
	at java.base/java.lang.reflect.Method.invoke(Method.java:580) ~[na:na]
	at org.springframework.scheduling.support.ScheduledMethodRunnable.runInternal(ScheduledMethodRunnable.java:128) ~[spring-context-7.0.5.jar:7.0.5]
	at org.springframework.scheduling.support.ScheduledMethodRunnable.lambda$run$1(ScheduledMethodRunnable.java:122) ~[spring-context-7.0.5.jar:7.0.5]
	at io.micrometer.observation.Observation.observe(Observation.java:564) ~[micrometer-observation-1.16.3.jar:1.16.3]
	at org.springframework.scheduling.support.ScheduledMethodRunnable.run(ScheduledMethodRunnable.java:122) ~[spring-context-7.0.5.jar:7.0.5]
	at org.springframework.scheduling.config.Task$OutcomeTrackingRunnable.run(Task.java:88) ~[spring-context-7.0.5.jar:7.0.5]
	at org.springframework.scheduling.support.DelegatingErrorHandlingRunnable.run(DelegatingErrorHandlingRunnable.java:54) ~[spring-context-7.0.5.jar:7.0.5]
	at org.springframework.scheduling.concurrent.ReschedulingRunnable.run(ReschedulingRunnable.java:94) ~[spring-context-7.0.5.jar:7.0.5]
	at java.base/java.util.concurrent.Executors$RunnableAdapter.call(Executors.java:572) ~[na:na]
	at java.base/java.util.concurrent.FutureTask.run$$$capture(FutureTask.java:317) ~[na:na]
	at java.base/java.util.concurrent.FutureTask.run(FutureTask.java) ~[na:na]
	at java.base/java.util.concurrent.ScheduledThreadPoolExecutor$ScheduledFutureTask.run(ScheduledThreadPoolExecutor.java:304) ~[na:na]
	at java.base/java.util.concurrent.ThreadPoolExecutor.runWorker(ThreadPoolExecutor.java:1144) ~[na:na]
	at java.base/java.util.concurrent.ThreadPoolExecutor$Worker.run(ThreadPoolExecutor.java:642) ~[na:na]
	at java.base/java.lang.Thread.run(Thread.java:1583) ~[na:na]
Caused by: org.hibernate.exception.JDBCConnectionException: Unable to acquire JDBC Connection [HikariPool-1 - Connection is not available, request timed out after 30004ms (total=0, active=0, idle=0, waiting=0)] [n/a]
	at org.hibernate.exception.internal.SQLExceptionTypeDelegate.convert(SQLExceptionTypeDelegate.java:49) ~[hibernate-core-7.2.4.Final.jar:7.2.4.Final]
	at org.hibernate.exception.internal.StandardSQLExceptionConverter.convert(StandardSQLExceptionConverter.java:34) ~[hibernate-core-7.2.4.Final.jar:7.2.4.Final]
	at org.hibernate.engine.jdbc.spi.SqlExceptionHelper.convert(SqlExceptionHelper.java:115) ~[hibernate-core-7.2.4.Final.jar:7.2.4.Final]
	at org.hibernate.engine.jdbc.spi.SqlExceptionHelper.convert(SqlExceptionHelper.java:101) ~[hibernate-core-7.2.4.Final.jar:7.2.4.Final]
	at org.hibernate.resource.jdbc.internal.LogicalConnectionManagedImpl.acquire(LogicalConnectionManagedImpl.java:190) ~[hibernate-core-7.2.4.Final.jar:7.2.4.Final]
	at org.hibernate.resource.jdbc.internal.LogicalConnectionManagedImpl.acquireConnectionIfNeeded(LogicalConnectionManagedImpl.java:87) ~[hibernate-core-7.2.4.Final.jar:7.2.4.Final]
	at org.hibernate.resource.jdbc.internal.LogicalConnectionManagedImpl.getPhysicalConnection(LogicalConnectionManagedImpl.java:126) ~[hibernate-core-7.2.4.Final.jar:7.2.4.Final]
	at org.hibernate.resource.jdbc.internal.LogicalConnectionManagedImpl.getConnectionForTransactionManagement(LogicalConnectionManagedImpl.java:277) ~[hibernate-core-7.2.4.Final.jar:7.2.4.Final]
	at org.hibernate.resource.jdbc.internal.LogicalConnectionManagedImpl.begin(LogicalConnectionManagedImpl.java:286) ~[hibernate-core-7.2.4.Final.jar:7.2.4.Final]
	at org.hibernate.resource.transaction.backend.jdbc.internal.JdbcResourceLocalTransactionCoordinatorImpl$TransactionDriverControlImpl.begin(JdbcResourceLocalTransactionCoordinatorImpl.java:226) ~[hibernate-core-7.2.4.Final.jar:7.2.4.Final]
	at org.hibernate.engine.transaction.internal.TransactionImpl.begin(TransactionImpl.java:75) ~[hibernate-core-7.2.4.Final.jar:7.2.4.Final]
	at org.springframework.orm.jpa.vendor.HibernateJpaDialect.beginTransaction(HibernateJpaDialect.java:147) ~[spring-orm-7.0.5.jar:7.0.5]
	at org.springframework.orm.jpa.JpaTransactionManager.doBegin(JpaTransactionManager.java:411) ~[spring-orm-7.0.5.jar:7.0.5]
	... 24 common frames omitted
Caused by: java.sql.SQLTransientConnectionException: HikariPool-1 - Connection is not available, request timed out after 30004ms (total=0, active=0, idle=0, waiting=0)
	at com.zaxxer.hikari.pool.HikariPool.createTimeoutException(HikariPool.java:714) ~[HikariCP-7.0.2.jar:na]
	at com.zaxxer.hikari.pool.HikariPool.getConnection(HikariPool.java:184) ~[HikariCP-7.0.2.jar:na]
	at com.zaxxer.hikari.pool.HikariPool.getConnection(HikariPool.java:142) ~[HikariCP-7.0.2.jar:na]
	at com.zaxxer.hikari.HikariDataSource.getConnection(HikariDataSource.java:127) ~[HikariCP-7.0.2.jar:na]
	at org.hibernate.engine.jdbc.connections.internal.DataSourceConnectionProvider.getConnection(DataSourceConnectionProvider.java:137) ~[hibernate-core-7.2.4.Final.jar:7.2.4.Final]
	at org.hibernate.internal.NonContextualJdbcConnectionAccess.obtainConnection(NonContextualJdbcConnectionAccess.java:47) ~[hibernate-core-7.2.4.Final.jar:7.2.4.Final]
	at org.hibernate.resource.jdbc.internal.LogicalConnectionManagedImpl.acquire(LogicalConnectionManagedImpl.java:187) ~[hibernate-core-7.2.4.Final.jar:7.2.4.Final]
	... 32 common frames omitted
Caused by: org.postgresql.util.PSQLException: Connection to localhost:5433 refused. Check that the hostname and port are correct and that the postmaster is accepting TCP/IP connections.
	at org.postgresql.core.v3.ConnectionFactoryImpl.openConnectionImpl(ConnectionFactoryImpl.java:346) ~[postgresql-42.7.3.jar:42.7.3]
	at org.postgresql.core.ConnectionFactory.openConnection(ConnectionFactory.java:54) ~[postgresql-42.7.3.jar:42.7.3]
	at org.postgresql.jdbc.PgConnection.<init>(PgConnection.java:273) ~[postgresql-42.7.3.jar:42.7.3]
	at org.postgresql.Driver.makeConnection(Driver.java:446) ~[postgresql-42.7.3.jar:42.7.3]
	at org.postgresql.Driver.connect(Driver.java:298) ~[postgresql-42.7.3.jar:42.7.3]
	at com.zaxxer.hikari.util.DriverDataSource.getConnection(DriverDataSource.java:144) ~[HikariCP-7.0.2.jar:na]
	at com.zaxxer.hikari.pool.PoolBase.newConnection(PoolBase.java:373) ~[HikariCP-7.0.2.jar:na]
	at com.zaxxer.hikari.pool.PoolBase.newPoolEntry(PoolBase.java:210) ~[HikariCP-7.0.2.jar:na]
	at com.zaxxer.hikari.pool.HikariPool.createPoolEntry(HikariPool.java:488) ~[HikariCP-7.0.2.jar:na]
	at com.zaxxer.hikari.pool.HikariPool$PoolEntryCreator.call(HikariPool.java:752) ~[HikariCP-7.0.2.jar:na]
	at com.zaxxer.hikari.pool.HikariPool$PoolEntryCreator.call(HikariPool.java:731) ~[HikariCP-7.0.2.jar:na]
	at java.base/java.util.concurrent.FutureTask.run$$$capture(FutureTask.java:317) ~[na:na]
	at java.base/java.util.concurrent.FutureTask.run(FutureTask.java) ~[na:na]
	... 3 common frames omitted
Caused by: java.net.ConnectException: Connection refused
	at java.base/sun.nio.ch.Net.pollConnect(Native Method) ~[na:na]
	at java.base/sun.nio.ch.Net.pollConnectNow(Net.java:694) ~[na:na]
	at java.base/sun.nio.ch.NioSocketImpl.timedFinishConnect(NioSocketImpl.java:549) ~[na:na]
	at java.base/sun.nio.ch.NioSocketImpl.connect(NioSocketImpl.java:592) ~[na:na]
	at java.base/java.net.SocksSocketImpl.connect(SocksSocketImpl.java:327) ~[na:na]
	at java.base/java.net.Socket.connect(Socket.java:751) ~[na:na]
	at org.postgresql.core.PGStream.createSocket(PGStream.java:243) ~[postgresql-42.7.3.jar:42.7.3]
	at org.postgresql.core.PGStream.<init>(PGStream.java:98) ~[postgresql-42.7.3.jar:42.7.3]
	at org.postgresql.core.v3.ConnectionFactoryImpl.tryConnect(ConnectionFactoryImpl.java:136) ~[postgresql-42.7.3.jar:42.7.3]
	at org.postgresql.core.v3.ConnectionFactoryImpl.openConnectionImpl(ConnectionFactoryImpl.java:262) ~[postgresql-42.7.3.jar:42.7.3]
	... 15 common frames omitted

2026-05-14T08:01:24.812+02:00  WARN 42910 --- [e-shop-backend] [HikariPool-1:connection-adder] com.zaxxer.hikari.pool.PoolBase          : HikariPool-1 - Pool is empty, failed to create/setup connection (f28ac793-c812-4496-b848-989abf0039de)

org.postgresql.util.PSQLException: Connection to localhost:5433 refused. Check that the hostname and port are correct and that the postmaster is accepting TCP/IP connections.
	at org.postgresql.core.v3.ConnectionFactoryImpl.openConnectionImpl(ConnectionFactoryImpl.java:346) ~[postgresql-42.7.3.jar:42.7.3]
	at org.postgresql.core.ConnectionFactory.openConnection(ConnectionFactory.java:54) ~[postgresql-42.7.3.jar:42.7.3]
	at org.postgresql.jdbc.PgConnection.<init>(PgConnection.java:273) ~[postgresql-42.7.3.jar:42.7.3]
	at org.postgresql.Driver.makeConnection(Driver.java:446) ~[postgresql-42.7.3.jar:42.7.3]
	at org.postgresql.Driver.connect(Driver.java:298) ~[postgresql-42.7.3.jar:42.7.3]
	at com.zaxxer.hikari.util.DriverDataSource.getConnection(DriverDataSource.java:144) ~[HikariCP-7.0.2.jar:na]
	at com.zaxxer.hikari.pool.PoolBase.newConnection(PoolBase.java:373) ~[HikariCP-7.0.2.jar:na]
	at com.zaxxer.hikari.pool.PoolBase.newPoolEntry(PoolBase.java:210) ~[HikariCP-7.0.2.jar:na]
	at com.zaxxer.hikari.pool.HikariPool.createPoolEntry(HikariPool.java:488) ~[HikariCP-7.0.2.jar:na]
	at com.zaxxer.hikari.pool.HikariPool$PoolEntryCreator.call(HikariPool.java:752) ~[HikariCP-7.0.2.jar:na]
	at com.zaxxer.hikari.pool.HikariPool$PoolEntryCreator.call(HikariPool.java:731) ~[HikariCP-7.0.2.jar:na]
	at java.base/java.util.concurrent.FutureTask.run$$$capture(FutureTask.java:317) ~[na:na]
	at java.base/java.util.concurrent.FutureTask.run(FutureTask.java) ~[na:na]
	at java.base/java.util.concurrent.ThreadPoolExecutor.runWorker(ThreadPoolExecutor.java:1144) ~[na:na]
	at java.base/java.util.concurrent.ThreadPoolExecutor$Worker.run(ThreadPoolExecutor.java:642) ~[na:na]
	at java.base/java.lang.Thread.run(Thread.java:1583) ~[na:na]
Caused by: java.net.ConnectException: Connection refused
	at java.base/sun.nio.ch.Net.pollConnect(Native Method) ~[na:na]
	at java.base/sun.nio.ch.Net.pollConnectNow(Net.java:694) ~[na:na]
	at java.base/sun.nio.ch.NioSocketImpl.timedFinishConnect(NioSocketImpl.java:549) ~[na:na]
	at java.base/sun.nio.ch.NioSocketImpl.connect(NioSocketImpl.java:592) ~[na:na]
	at java.base/java.net.SocksSocketImpl.connect(SocksSocketImpl.java:327) ~[na:na]
	at java.base/java.net.Socket.connect(Socket.java:751) ~[na:na]
	at org.postgresql.core.PGStream.createSocket(PGStream.java:243) ~[postgresql-42.7.3.jar:42.7.3]
	at org.postgresql.core.PGStream.<init>(PGStream.java:98) ~[postgresql-42.7.3.jar:42.7.3]
	at org.postgresql.core.v3.ConnectionFactoryImpl.tryConnect(ConnectionFactoryImpl.java:136) ~[postgresql-42.7.3.jar:42.7.3]
	at org.postgresql.core.v3.ConnectionFactoryImpl.openConnectionImpl(ConnectionFactoryImpl.java:262) ~[postgresql-42.7.3.jar:42.7.3]
	... 15 common frames omitted

2026-05-14T08:01:30.004+02:00  WARN 42910 --- [e-shop-backend] [scheduling-1] org.hibernate.orm.jdbc.error             : HHH000247: ErrorCode: 0, SQLState: 08001
2026-05-14T08:01:30.005+02:00  WARN 42910 --- [e-shop-backend] [scheduling-1] org.hibernate.orm.jdbc.error             : HikariPool-1 - Connection is not available, request timed out after 30001ms (total=0, active=0, idle=0, waiting=0)
2026-05-14T08:01:30.005+02:00  WARN 42910 --- [e-shop-backend] [scheduling-1] org.hibernate.orm.jdbc.error             : HHH000247: ErrorCode: 0, SQLState: 08001
2026-05-14T08:01:30.005+02:00  WARN 42910 --- [e-shop-backend] [scheduling-1] org.hibernate.orm.jdbc.error             : HikariPool-1 - Connection is not available, request timed out after 30001ms (total=0, active=0, idle=0, waiting=0)
2026-05-14T08:01:30.005+02:00 ERROR 42910 --- [e-shop-backend] [scheduling-1] o.s.s.s.TaskUtils$LoggingErrorHandler    : Unexpected error occurred in scheduled task

org.springframework.transaction.CannotCreateTransactionException: Could not open JPA EntityManager for transaction
	at org.springframework.orm.jpa.JpaTransactionManager.doBegin(JpaTransactionManager.java:457) ~[spring-orm-7.0.5.jar:7.0.5]
	at org.springframework.transaction.support.AbstractPlatformTransactionManager.startTransaction(AbstractPlatformTransactionManager.java:532) ~[spring-tx-7.0.5.jar:7.0.5]
	at org.springframework.transaction.support.AbstractPlatformTransactionManager.getTransaction(AbstractPlatformTransactionManager.java:405) ~[spring-tx-7.0.5.jar:7.0.5]
	at org.springframework.transaction.interceptor.TransactionAspectSupport.createTransactionIfNecessary(TransactionAspectSupport.java:628) ~[spring-tx-7.0.5.jar:7.0.5]
	at org.springframework.transaction.interceptor.TransactionAspectSupport.invokeWithinTransaction(TransactionAspectSupport.java:365) ~[spring-tx-7.0.5.jar:7.0.5]
	at org.springframework.transaction.interceptor.TransactionInterceptor.invoke(TransactionInterceptor.java:130) ~[spring-tx-7.0.5.jar:7.0.5]
	at org.springframework.aop.framework.ReflectiveMethodInvocation.proceed(ReflectiveMethodInvocation.java:179) ~[spring-aop-7.0.5.jar:7.0.5]
	at org.springframework.aop.framework.CglibAopProxy$DynamicAdvisedInterceptor.intercept(CglibAopProxy.java:719) ~[spring-aop-7.0.5.jar:7.0.5]
	at com.example.emtbackendlab.jobs.MaterializedViewRefreshScheduler$$SpringCGLIB$$0.refreshBooksStatsView(<generated>) ~[classes/:na]
	at java.base/jdk.internal.reflect.DirectMethodHandleAccessor.invoke(DirectMethodHandleAccessor.java:103) ~[na:na]
	at java.base/java.lang.reflect.Method.invoke(Method.java:580) ~[na:na]
	at org.springframework.scheduling.support.ScheduledMethodRunnable.runInternal(ScheduledMethodRunnable.java:128) ~[spring-context-7.0.5.jar:7.0.5]
	at org.springframework.scheduling.support.ScheduledMethodRunnable.lambda$run$1(ScheduledMethodRunnable.java:122) ~[spring-context-7.0.5.jar:7.0.5]
	at io.micrometer.observation.Observation.observe(Observation.java:564) ~[micrometer-observation-1.16.3.jar:1.16.3]
	at org.springframework.scheduling.support.ScheduledMethodRunnable.run(ScheduledMethodRunnable.java:122) ~[spring-context-7.0.5.jar:7.0.5]
	at org.springframework.scheduling.config.Task$OutcomeTrackingRunnable.run(Task.java:88) ~[spring-context-7.0.5.jar:7.0.5]
	at org.springframework.scheduling.support.DelegatingErrorHandlingRunnable.run(DelegatingErrorHandlingRunnable.java:54) ~[spring-context-7.0.5.jar:7.0.5]
	at org.springframework.scheduling.concurrent.ReschedulingRunnable.run(ReschedulingRunnable.java:94) ~[spring-context-7.0.5.jar:7.0.5]
	at java.base/java.util.concurrent.Executors$RunnableAdapter.call(Executors.java:572) ~[na:na]
	at java.base/java.util.concurrent.FutureTask.run$$$capture(FutureTask.java:317) ~[na:na]
	at java.base/java.util.concurrent.FutureTask.run(FutureTask.java) ~[na:na]
	at java.base/java.util.concurrent.ScheduledThreadPoolExecutor$ScheduledFutureTask.run(ScheduledThreadPoolExecutor.java:304) ~[na:na]
	at java.base/java.util.concurrent.ThreadPoolExecutor.runWorker(ThreadPoolExecutor.java:1144) ~[na:na]
	at java.base/java.util.concurrent.ThreadPoolExecutor$Worker.run(ThreadPoolExecutor.java:642) ~[na:na]
	at java.base/java.lang.Thread.run(Thread.java:1583) ~[na:na]
Caused by: org.hibernate.exception.JDBCConnectionException: Unable to acquire JDBC Connection [HikariPool-1 - Connection is not available, request timed out after 30001ms (total=0, active=0, idle=0, waiting=0)] [n/a]
	at org.hibernate.exception.internal.SQLExceptionTypeDelegate.convert(SQLExceptionTypeDelegate.java:49) ~[hibernate-core-7.2.4.Final.jar:7.2.4.Final]
	at org.hibernate.exception.internal.StandardSQLExceptionConverter.convert(StandardSQLExceptionConverter.java:34) ~[hibernate-core-7.2.4.Final.jar:7.2.4.Final]
	at org.hibernate.engine.jdbc.spi.SqlExceptionHelper.convert(SqlExceptionHelper.java:115) ~[hibernate-core-7.2.4.Final.jar:7.2.4.Final]
	at org.hibernate.engine.jdbc.spi.SqlExceptionHelper.convert(SqlExceptionHelper.java:101) ~[hibernate-core-7.2.4.Final.jar:7.2.4.Final]
	at org.hibernate.resource.jdbc.internal.LogicalConnectionManagedImpl.acquire(LogicalConnectionManagedImpl.java:190) ~[hibernate-core-7.2.4.Final.jar:7.2.4.Final]
	at org.hibernate.resource.jdbc.internal.LogicalConnectionManagedImpl.acquireConnectionIfNeeded(LogicalConnectionManagedImpl.java:87) ~[hibernate-core-7.2.4.Final.jar:7.2.4.Final]
	at org.hibernate.resource.jdbc.internal.LogicalConnectionManagedImpl.getPhysicalConnection(LogicalConnectionManagedImpl.java:126) ~[hibernate-core-7.2.4.Final.jar:7.2.4.Final]
	at org.hibernate.resource.jdbc.internal.LogicalConnectionManagedImpl.getConnectionForTransactionManagement(LogicalConnectionManagedImpl.java:277) ~[hibernate-core-7.2.4.Final.jar:7.2.4.Final]
	at org.hibernate.resource.jdbc.internal.LogicalConnectionManagedImpl.begin(LogicalConnectionManagedImpl.java:286) ~[hibernate-core-7.2.4.Final.jar:7.2.4.Final]
	at org.hibernate.resource.transaction.backend.jdbc.internal.JdbcResourceLocalTransactionCoordinatorImpl$TransactionDriverControlImpl.begin(JdbcResourceLocalTransactionCoordinatorImpl.java:226) ~[hibernate-core-7.2.4.Final.jar:7.2.4.Final]
	at org.hibernate.engine.transaction.internal.TransactionImpl.begin(TransactionImpl.java:75) ~[hibernate-core-7.2.4.Final.jar:7.2.4.Final]
	at org.springframework.orm.jpa.vendor.HibernateJpaDialect.beginTransaction(HibernateJpaDialect.java:147) ~[spring-orm-7.0.5.jar:7.0.5]
	at org.springframework.orm.jpa.JpaTransactionManager.doBegin(JpaTransactionManager.java:411) ~[spring-orm-7.0.5.jar:7.0.5]
	... 24 common frames omitted
Caused by: java.sql.SQLTransientConnectionException: HikariPool-1 - Connection is not available, request timed out after 30001ms (total=0, active=0, idle=0, waiting=0)
	at com.zaxxer.hikari.pool.HikariPool.createTimeoutException(HikariPool.java:714) ~[HikariCP-7.0.2.jar:na]
	at com.zaxxer.hikari.pool.HikariPool.getConnection(HikariPool.java:184) ~[HikariCP-7.0.2.jar:na]
	at com.zaxxer.hikari.pool.HikariPool.getConnection(HikariPool.java:142) ~[HikariCP-7.0.2.jar:na]
	at com.zaxxer.hikari.HikariDataSource.getConnection(HikariDataSource.java:127) ~[HikariCP-7.0.2.jar:na]
	at org.hibernate.engine.jdbc.connections.internal.DataSourceConnectionProvider.getConnection(DataSourceConnectionProvider.java:137) ~[hibernate-core-7.2.4.Final.jar:7.2.4.Final]
	at org.hibernate.internal.NonContextualJdbcConnectionAccess.obtainConnection(NonContextualJdbcConnectionAccess.java:47) ~[hibernate-core-7.2.4.Final.jar:7.2.4.Final]
	at org.hibernate.resource.jdbc.internal.LogicalConnectionManagedImpl.acquire(LogicalConnectionManagedImpl.java:187) ~[hibernate-core-7.2.4.Final.jar:7.2.4.Final]
	... 32 common frames omitted
Caused by: org.postgresql.util.PSQLException: Connection to localhost:5433 refused. Check that the hostname and port are correct and that the postmaster is accepting TCP/IP connections.
	at org.postgresql.core.v3.ConnectionFactoryImpl.openConnectionImpl(ConnectionFactoryImpl.java:346) ~[postgresql-42.7.3.jar:42.7.3]
	at org.postgresql.core.ConnectionFactory.openConnection(ConnectionFactory.java:54) ~[postgresql-42.7.3.jar:42.7.3]
	at org.postgresql.jdbc.PgConnection.<init>(PgConnection.java:273) ~[postgresql-42.7.3.jar:42.7.3]
	at org.postgresql.Driver.makeConnection(Driver.java:446) ~[postgresql-42.7.3.jar:42.7.3]
	at org.postgresql.Driver.connect(Driver.java:298) ~[postgresql-42.7.3.jar:42.7.3]
	at com.zaxxer.hikari.util.DriverDataSource.getConnection(DriverDataSource.java:144) ~[HikariCP-7.0.2.jar:na]
	at com.zaxxer.hikari.pool.PoolBase.newConnection(PoolBase.java:373) ~[HikariCP-7.0.2.jar:na]
	at com.zaxxer.hikari.pool.PoolBase.newPoolEntry(PoolBase.java:210) ~[HikariCP-7.0.2.jar:na]
	at com.zaxxer.hikari.pool.HikariPool.createPoolEntry(HikariPool.java:488) ~[HikariCP-7.0.2.jar:na]
	at com.zaxxer.hikari.pool.HikariPool$PoolEntryCreator.call(HikariPool.java:752) ~[HikariCP-7.0.2.jar:na]
	at com.zaxxer.hikari.pool.HikariPool$PoolEntryCreator.call(HikariPool.java:731) ~[HikariCP-7.0.2.jar:na]
	at java.base/java.util.concurrent.FutureTask.run$$$capture(FutureTask.java:317) ~[na:na]
	at java.base/java.util.concurrent.FutureTask.run(FutureTask.java) ~[na:na]
	... 3 common frames omitted
Caused by: java.net.ConnectException: Connection refused
	at java.base/sun.nio.ch.Net.pollConnect(Native Method) ~[na:na]
	at java.base/sun.nio.ch.Net.pollConnectNow(Net.java:694) ~[na:na]
	at java.base/sun.nio.ch.NioSocketImpl.timedFinishConnect(NioSocketImpl.java:549) ~[na:na]
	at java.base/sun.nio.ch.NioSocketImpl.connect(NioSocketImpl.java:592) ~[na:na]
	at java.base/java.net.SocksSocketImpl.connect(SocksSocketImpl.java:327) ~[na:na]
	at java.base/java.net.Socket.connect(Socket.java:751) ~[na:na]
	at org.postgresql.core.PGStream.createSocket(PGStream.java:243) ~[postgresql-42.7.3.jar:42.7.3]
	at org.postgresql.core.PGStream.<init>(PGStream.java:98) ~[postgresql-42.7.3.jar:42.7.3]
	at org.postgresql.core.v3.ConnectionFactoryImpl.tryConnect(ConnectionFactoryImpl.java:136) ~[postgresql-42.7.3.jar:42.7.3]
	at org.postgresql.core.v3.ConnectionFactoryImpl.openConnectionImpl(ConnectionFactoryImpl.java:262) ~[postgresql-42.7.3.jar:42.7.3]
	... 15 common frames omitted

2026-05-14T08:01:44.455+02:00  INFO 42910 --- [e-shop-backend] [SpringApplicationShutdownHook] com.zaxxer.hikari.HikariDataSource       : HikariPool-1 - Shutdown initiated...
2026-05-14T08:01:44.828+02:00  INFO 42910 --- [e-shop-backend] [SpringApplicationShutdownHook] com.zaxxer.hikari.HikariDataSource       : HikariPool-1 - Shutdown completed.
2026-05-14T08:02:36.269+02:00  INFO 49472 --- [e-shop-backend] [main] c.e.e.EmtBackendLabApplication           : Starting EmtBackendLabApplication using Java 21.0.10 with PID 49472 (/Users/trajche/IdeaProjects/EmtBackendLab/target/classes started by trajche in /Users/trajche/IdeaProjects/EmtBackendLab)
2026-05-14T08:02:36.270+02:00  INFO 49472 --- [e-shop-backend] [main] c.e.e.EmtBackendLabApplication           : The following 1 profile is active: "dev"
2026-05-14T08:02:36.883+02:00  INFO 49472 --- [e-shop-backend] [main] o.apache.catalina.core.StandardService   : Starting service [Tomcat]
2026-05-14T08:02:36.883+02:00  INFO 49472 --- [e-shop-backend] [main] o.apache.catalina.core.StandardEngine    : Starting Servlet engine: [Apache Tomcat/11.0.18]
2026-05-14T08:02:36.956+02:00  INFO 49472 --- [e-shop-backend] [main] org.hibernate.orm.jpa                    : HHH008540: Processing PersistenceUnitInfo [name: default]
2026-05-14T08:02:36.981+02:00  INFO 49472 --- [e-shop-backend] [main] org.hibernate.orm.core                   : HHH000001: Hibernate ORM core version 7.2.4.Final
2026-05-14T08:02:37.160+02:00  INFO 49472 --- [e-shop-backend] [main] com.zaxxer.hikari.HikariDataSource       : HikariPool-1 - Starting...
2026-05-14T08:02:37.238+02:00  INFO 49472 --- [e-shop-backend] [main] com.zaxxer.hikari.pool.HikariPool        : HikariPool-1 - Added connection org.postgresql.jdbc.PgConnection@4850d66b
2026-05-14T08:02:37.238+02:00  INFO 49472 --- [e-shop-backend] [main] com.zaxxer.hikari.HikariDataSource       : HikariPool-1 - Start completed.
2026-05-14T08:02:37.278+02:00  INFO 49472 --- [e-shop-backend] [main] org.hibernate.orm.connections.pooling    : HHH10001005: Database info:
	Database JDBC URL [jdbc:postgresql://localhost:5433/eshop]
	Database driver: PostgreSQL JDBC Driver
	Database dialect: PostgreSQLDialect
	Database version: 17.4
	Default catalog/schema: eshop/public
	Autocommit mode: undefined/unknown
	Isolation level: READ_COMMITTED [default READ_COMMITTED]
	JDBC fetch size: none
	Pool: DataSourceConnectionProvider
	Minimum pool size: undefined/unknown
	Maximum pool size: undefined/unknown
2026-05-14T08:02:37.723+02:00  INFO 49472 --- [e-shop-backend] [main] org.hibernate.orm.core                   : HHH000489: No JTA platform available (set 'hibernate.transaction.jta.platform' to enable JTA platform integration)
2026-05-14T08:02:37.911+02:00  WARN 49472 --- [e-shop-backend] [main] JpaBaseConfiguration$JpaWebConfiguration : spring.jpa.open-in-view is enabled by default. Therefore, database queries may be performed during view rendering. Explicitly configure spring.jpa.open-in-view to disable this warning
2026-05-14T08:02:38.383+02:00  INFO 49472 --- [e-shop-backend] [main] c.e.e.EmtBackendLabApplication           : Started EmtBackendLabApplication in 2.264 seconds (process running for 8.651)
2026-05-14T08:02:48.578+02:00  INFO 49472 --- [e-shop-backend] [http-nio-8080-exec-1] o.a.c.c.C.[Tomcat].[localhost].[/]       : Initializing Spring DispatcherServlet 'dispatcherServlet'
2026-05-14T08:02:48.915+02:00  INFO 49472 --- [e-shop-backend] [http-nio-8080-exec-5] o.springdoc.api.AbstractOpenApiResource  : Init duration for springdoc-openapi is: 214 ms
2026-05-14T08:02:59.066+02:00 DEBUG 49472 --- [e-shop-backend] [http-nio-8080-exec-1] org.hibernate.SQL                        : select b1_0.id,b1_0.author_id,a1_0.id,a1_0.country_id,c1_0.id,c1_0.continent,c1_0.name,a1_0.created_at,a1_0.name,a1_0.surname,a1_0.updated_at,b1_0.available_copies,b1_0.category,b1_0.created_at,b1_0.date_published,b1_0.name,b1_0.state,b1_0.updated_at from books b1_0 join authors a1_0 on a1_0.id=b1_0.author_id join countries c1_0 on c1_0.id=a1_0.country_id
2026-05-14T08:02:59.066+02:00 DEBUG 49472 --- [e-shop-backend] [http-nio-8080-exec-2] org.hibernate.SQL                        : select a1_0.id,a1_0.country_id,a1_0.created_at,a1_0.name,a1_0.surname,a1_0.updated_at from authors a1_0
2026-05-14T08:02:59.078+02:00 DEBUG 49472 --- [e-shop-backend] [http-nio-8080-exec-2] org.hibernate.SQL                        : select c1_0.id,c1_0.continent,c1_0.name from countries c1_0 where c1_0.id=?
2026-05-14T08:02:59.078+02:00 TRACE 49472 --- [e-shop-backend] [http-nio-8080-exec-2] org.hibernate.orm.jdbc.bind              : binding parameter (1:BIGINT) <- [1]
2026-05-14T08:02:59.080+02:00 DEBUG 49472 --- [e-shop-backend] [http-nio-8080-exec-2] org.hibernate.SQL                        : select c1_0.id,c1_0.continent,c1_0.name from countries c1_0 where c1_0.id=?
2026-05-14T08:02:59.080+02:00 TRACE 49472 --- [e-shop-backend] [http-nio-8080-exec-2] org.hibernate.orm.jdbc.bind              : binding parameter (1:BIGINT) <- [2]
2026-05-14T08:02:59.080+02:00 DEBUG 49472 --- [e-shop-backend] [http-nio-8080-exec-2] org.hibernate.SQL                        : select c1_0.id,c1_0.continent,c1_0.name from countries c1_0 where c1_0.id=?
2026-05-14T08:02:59.081+02:00 TRACE 49472 --- [e-shop-backend] [http-nio-8080-exec-2] org.hibernate.orm.jdbc.bind              : binding parameter (1:BIGINT) <- [3]
2026-05-14T08:02:59.082+02:00 DEBUG 49472 --- [e-shop-backend] [http-nio-8080-exec-2] org.hibernate.SQL                        : select c1_0.id,c1_0.continent,c1_0.name from countries c1_0 where c1_0.id=?
2026-05-14T08:02:59.082+02:00 TRACE 49472 --- [e-shop-backend] [http-nio-8080-exec-2] org.hibernate.orm.jdbc.bind              : binding parameter (1:BIGINT) <- [4]
2026-05-14T08:02:59.082+02:00 DEBUG 49472 --- [e-shop-backend] [http-nio-8080-exec-2] org.hibernate.SQL                        : select c1_0.id,c1_0.continent,c1_0.name from countries c1_0 where c1_0.id=?
2026-05-14T08:02:59.082+02:00 TRACE 49472 --- [e-shop-backend] [http-nio-8080-exec-2] org.hibernate.orm.jdbc.bind              : binding parameter (1:BIGINT) <- [5]
2026-05-14T08:02:59.096+02:00 DEBUG 49472 --- [e-shop-backend] [http-nio-8080-exec-4] org.hibernate.SQL                        : select a1_0.id,a1_0.country_id,a1_0.created_at,a1_0.name,a1_0.surname,a1_0.updated_at from authors a1_0
2026-05-14T08:02:59.096+02:00 DEBUG 49472 --- [e-shop-backend] [http-nio-8080-exec-5] org.hibernate.SQL                        : select b1_0.id,b1_0.author_id,a1_0.id,a1_0.country_id,c1_0.id,c1_0.continent,c1_0.name,a1_0.created_at,a1_0.name,a1_0.surname,a1_0.updated_at,b1_0.available_copies,b1_0.category,b1_0.created_at,b1_0.date_published,b1_0.name,b1_0.state,b1_0.updated_at from books b1_0 join authors a1_0 on a1_0.id=b1_0.author_id join countries c1_0 on c1_0.id=a1_0.country_id
2026-05-14T08:02:59.097+02:00 DEBUG 49472 --- [e-shop-backend] [http-nio-8080-exec-4] org.hibernate.SQL                        : select c1_0.id,c1_0.continent,c1_0.name from countries c1_0 where c1_0.id=?
2026-05-14T08:02:59.097+02:00 TRACE 49472 --- [e-shop-backend] [http-nio-8080-exec-4] org.hibernate.orm.jdbc.bind              : binding parameter (1:BIGINT) <- [1]
2026-05-14T08:02:59.098+02:00 DEBUG 49472 --- [e-shop-backend] [http-nio-8080-exec-4] org.hibernate.SQL                        : select c1_0.id,c1_0.continent,c1_0.name from countries c1_0 where c1_0.id=?
2026-05-14T08:02:59.098+02:00 TRACE 49472 --- [e-shop-backend] [http-nio-8080-exec-4] org.hibernate.orm.jdbc.bind              : binding parameter (1:BIGINT) <- [2]
2026-05-14T08:02:59.098+02:00 DEBUG 49472 --- [e-shop-backend] [http-nio-8080-exec-4] org.hibernate.SQL                        : select c1_0.id,c1_0.continent,c1_0.name from countries c1_0 where c1_0.id=?
2026-05-14T08:02:59.098+02:00 TRACE 49472 --- [e-shop-backend] [http-nio-8080-exec-4] org.hibernate.orm.jdbc.bind              : binding parameter (1:BIGINT) <- [3]
2026-05-14T08:02:59.099+02:00 DEBUG 49472 --- [e-shop-backend] [http-nio-8080-exec-4] org.hibernate.SQL                        : select c1_0.id,c1_0.continent,c1_0.name from countries c1_0 where c1_0.id=?
2026-05-14T08:02:59.099+02:00 TRACE 49472 --- [e-shop-backend] [http-nio-8080-exec-4] org.hibernate.orm.jdbc.bind              : binding parameter (1:BIGINT) <- [4]
2026-05-14T08:02:59.099+02:00 DEBUG 49472 --- [e-shop-backend] [http-nio-8080-exec-4] org.hibernate.SQL                        : select c1_0.id,c1_0.continent,c1_0.name from countries c1_0 where c1_0.id=?
2026-05-14T08:02:59.099+02:00 TRACE 49472 --- [e-shop-backend] [http-nio-8080-exec-4] org.hibernate.orm.jdbc.bind              : binding parameter (1:BIGINT) <- [5]
2026-05-14T08:03:00.011+02:00  INFO 49472 --- [e-shop-backend] [scheduling-1] c.e.e.j.MaterializedViewRefreshScheduler : Refreshing BOOKS_STATS_MV...
2026-05-14T08:03:00.042+02:00 DEBUG 49472 --- [e-shop-backend] [scheduling-1] org.hibernate.SQL                        : refresh materialized view books_stats_view
2026-05-14T08:03:00.055+02:00  INFO 49472 --- [e-shop-backend] [scheduling-1] c.e.e.j.MaterializedViewRefreshScheduler : BOOKS_STATS_MV successfully refreshed.
2026-05-14T08:03:01.878+02:00 DEBUG 49472 --- [e-shop-backend] [http-nio-8080-exec-6] org.hibernate.SQL                        : select b1_0.id,b1_0.author_id,b1_0.available_copies,b1_0.category,b1_0.created_at,b1_0.date_published,b1_0.name,b1_0.state,b1_0.updated_at from books b1_0 where b1_0.state=?
2026-05-14T08:03:01.879+02:00 TRACE 49472 --- [e-shop-backend] [http-nio-8080-exec-6] org.hibernate.orm.jdbc.bind              : binding parameter (1:VARCHAR) <- [GOOD]
2026-05-14T08:03:01.883+02:00 DEBUG 49472 --- [e-shop-backend] [http-nio-8080-exec-6] org.hibernate.SQL                        : select a1_0.id,a1_0.country_id,c1_0.id,c1_0.continent,c1_0.name,a1_0.created_at,a1_0.name,a1_0.surname,a1_0.updated_at from authors a1_0 join countries c1_0 on c1_0.id=a1_0.country_id where a1_0.id=?
2026-05-14T08:03:01.883+02:00 TRACE 49472 --- [e-shop-backend] [http-nio-8080-exec-6] org.hibernate.orm.jdbc.bind              : binding parameter (1:BIGINT) <- [1]
2026-05-14T08:03:01.885+02:00 DEBUG 49472 --- [e-shop-backend] [http-nio-8080-exec-6] org.hibernate.SQL                        : select a1_0.id,a1_0.country_id,c1_0.id,c1_0.continent,c1_0.name,a1_0.created_at,a1_0.name,a1_0.surname,a1_0.updated_at from authors a1_0 join countries c1_0 on c1_0.id=a1_0.country_id where a1_0.id=?
2026-05-14T08:03:01.885+02:00 TRACE 49472 --- [e-shop-backend] [http-nio-8080-exec-6] org.hibernate.orm.jdbc.bind              : binding parameter (1:BIGINT) <- [2]
2026-05-14T08:03:01.886+02:00 DEBUG 49472 --- [e-shop-backend] [http-nio-8080-exec-6] org.hibernate.SQL                        : select a1_0.id,a1_0.country_id,c1_0.id,c1_0.continent,c1_0.name,a1_0.created_at,a1_0.name,a1_0.surname,a1_0.updated_at from authors a1_0 join countries c1_0 on c1_0.id=a1_0.country_id where a1_0.id=?
2026-05-14T08:03:01.886+02:00 TRACE 49472 --- [e-shop-backend] [http-nio-8080-exec-6] org.hibernate.orm.jdbc.bind              : binding parameter (1:BIGINT) <- [3]
2026-05-14T08:03:01.888+02:00 DEBUG 49472 --- [e-shop-backend] [http-nio-8080-exec-6] org.hibernate.SQL                        : select a1_0.id,a1_0.country_id,c1_0.id,c1_0.continent,c1_0.name,a1_0.created_at,a1_0.name,a1_0.surname,a1_0.updated_at from authors a1_0 join countries c1_0 on c1_0.id=a1_0.country_id where a1_0.id=?
2026-05-14T08:03:01.888+02:00 TRACE 49472 --- [e-shop-backend] [http-nio-8080-exec-6] org.hibernate.orm.jdbc.bind              : binding parameter (1:BIGINT) <- [4]
2026-05-14T08:03:01.889+02:00 DEBUG 49472 --- [e-shop-backend] [http-nio-8080-exec-6] org.hibernate.SQL                        : select a1_0.id,a1_0.country_id,c1_0.id,c1_0.continent,c1_0.name,a1_0.created_at,a1_0.name,a1_0.surname,a1_0.updated_at from authors a1_0 join countries c1_0 on c1_0.id=a1_0.country_id where a1_0.id=?
2026-05-14T08:03:01.889+02:00 TRACE 49472 --- [e-shop-backend] [http-nio-8080-exec-6] org.hibernate.orm.jdbc.bind              : binding parameter (1:BIGINT) <- [5]
2026-05-14T08:03:02.418+02:00 DEBUG 49472 --- [e-shop-backend] [http-nio-8080-exec-8] org.hibernate.SQL                        : select b1_0.id,b1_0.author_id,b1_0.available_copies,b1_0.category,b1_0.created_at,b1_0.date_published,b1_0.name,b1_0.state,b1_0.updated_at from books b1_0 where b1_0.state=?
2026-05-14T08:03:02.419+02:00 TRACE 49472 --- [e-shop-backend] [http-nio-8080-exec-8] org.hibernate.orm.jdbc.bind              : binding parameter (1:VARCHAR) <- [BAD]
2026-05-14T08:03:02.420+02:00 DEBUG 49472 --- [e-shop-backend] [http-nio-8080-exec-8] org.hibernate.SQL                        : select a1_0.id,a1_0.country_id,c1_0.id,c1_0.continent,c1_0.name,a1_0.created_at,a1_0.name,a1_0.surname,a1_0.updated_at from authors a1_0 join countries c1_0 on c1_0.id=a1_0.country_id where a1_0.id=?
2026-05-14T08:03:02.420+02:00 TRACE 49472 --- [e-shop-backend] [http-nio-8080-exec-8] org.hibernate.orm.jdbc.bind              : binding parameter (1:BIGINT) <- [3]
2026-05-14T08:03:02.423+02:00 DEBUG 49472 --- [e-shop-backend] [http-nio-8080-exec-8] org.hibernate.SQL                        : select a1_0.id,a1_0.country_id,c1_0.id,c1_0.continent,c1_0.name,a1_0.created_at,a1_0.name,a1_0.surname,a1_0.updated_at from authors a1_0 join countries c1_0 on c1_0.id=a1_0.country_id where a1_0.id=?
2026-05-14T08:03:02.423+02:00 TRACE 49472 --- [e-shop-backend] [http-nio-8080-exec-8] org.hibernate.orm.jdbc.bind              : binding parameter (1:BIGINT) <- [5]
2026-05-14T08:03:03.113+02:00 DEBUG 49472 --- [e-shop-backend] [http-nio-8080-exec-9] org.hibernate.SQL                        : select b1_0.id,b1_0.author_id,a1_0.id,a1_0.country_id,c1_0.id,c1_0.continent,c1_0.name,a1_0.created_at,a1_0.name,a1_0.surname,a1_0.updated_at,b1_0.available_copies,b1_0.category,b1_0.created_at,b1_0.date_published,b1_0.name,b1_0.state,b1_0.updated_at from books b1_0 join authors a1_0 on a1_0.id=b1_0.author_id join countries c1_0 on c1_0.id=a1_0.country_id
2026-05-14T08:03:03.781+02:00 DEBUG 49472 --- [e-shop-backend] [http-nio-8080-exec-7] org.hibernate.SQL                        : select a1_0.id,a1_0.country_id,a1_0.created_at,a1_0.name,a1_0.surname,a1_0.updated_at from authors a1_0
2026-05-14T08:03:03.784+02:00 DEBUG 49472 --- [e-shop-backend] [http-nio-8080-exec-7] org.hibernate.SQL                        : select c1_0.id,c1_0.continent,c1_0.name from countries c1_0 where c1_0.id=?
2026-05-14T08:03:03.785+02:00 TRACE 49472 --- [e-shop-backend] [http-nio-8080-exec-7] org.hibernate.orm.jdbc.bind              : binding parameter (1:BIGINT) <- [1]
2026-05-14T08:03:03.787+02:00 DEBUG 49472 --- [e-shop-backend] [http-nio-8080-exec-7] org.hibernate.SQL                        : select c1_0.id,c1_0.continent,c1_0.name from countries c1_0 where c1_0.id=?
2026-05-14T08:03:03.787+02:00 TRACE 49472 --- [e-shop-backend] [http-nio-8080-exec-7] org.hibernate.orm.jdbc.bind              : binding parameter (1:BIGINT) <- [2]
2026-05-14T08:03:03.788+02:00 DEBUG 49472 --- [e-shop-backend] [http-nio-8080-exec-7] org.hibernate.SQL                        : select c1_0.id,c1_0.continent,c1_0.name from countries c1_0 where c1_0.id=?
2026-05-14T08:03:03.789+02:00 TRACE 49472 --- [e-shop-backend] [http-nio-8080-exec-7] org.hibernate.orm.jdbc.bind              : binding parameter (1:BIGINT) <- [3]
2026-05-14T08:03:03.790+02:00 DEBUG 49472 --- [e-shop-backend] [http-nio-8080-exec-7] org.hibernate.SQL                        : select c1_0.id,c1_0.continent,c1_0.name from countries c1_0 where c1_0.id=?
2026-05-14T08:03:03.791+02:00 TRACE 49472 --- [e-shop-backend] [http-nio-8080-exec-7] org.hibernate.orm.jdbc.bind              : binding parameter (1:BIGINT) <- [4]
2026-05-14T08:03:03.792+02:00 DEBUG 49472 --- [e-shop-backend] [http-nio-8080-exec-7] org.hibernate.SQL                        : select c1_0.id,c1_0.continent,c1_0.name from countries c1_0 where c1_0.id=?
2026-05-14T08:03:03.793+02:00 TRACE 49472 --- [e-shop-backend] [http-nio-8080-exec-7] org.hibernate.orm.jdbc.bind              : binding parameter (1:BIGINT) <- [5]
2026-05-14T08:03:03.802+02:00 DEBUG 49472 --- [e-shop-backend] [http-nio-8080-exec-7] org.hibernate.SQL                        : select a1_0.id,a1_0.country_id,a1_0.created_at,a1_0.name,a1_0.surname,a1_0.updated_at from authors a1_0
2026-05-14T08:03:03.805+02:00 DEBUG 49472 --- [e-shop-backend] [http-nio-8080-exec-7] org.hibernate.SQL                        : select c1_0.id,c1_0.continent,c1_0.name from countries c1_0 where c1_0.id=?
2026-05-14T08:03:03.805+02:00 TRACE 49472 --- [e-shop-backend] [http-nio-8080-exec-7] org.hibernate.orm.jdbc.bind              : binding parameter (1:BIGINT) <- [1]
2026-05-14T08:03:03.807+02:00 DEBUG 49472 --- [e-shop-backend] [http-nio-8080-exec-7] org.hibernate.SQL                        : select c1_0.id,c1_0.continent,c1_0.name from countries c1_0 where c1_0.id=?
2026-05-14T08:03:03.807+02:00 TRACE 49472 --- [e-shop-backend] [http-nio-8080-exec-7] org.hibernate.orm.jdbc.bind              : binding parameter (1:BIGINT) <- [2]
2026-05-14T08:03:03.809+02:00 DEBUG 49472 --- [e-shop-backend] [http-nio-8080-exec-7] org.hibernate.SQL                        : select c1_0.id,c1_0.continent,c1_0.name from countries c1_0 where c1_0.id=?
2026-05-14T08:03:03.810+02:00 TRACE 49472 --- [e-shop-backend] [http-nio-8080-exec-7] org.hibernate.orm.jdbc.bind              : binding parameter (1:BIGINT) <- [3]
2026-05-14T08:03:03.812+02:00 DEBUG 49472 --- [e-shop-backend] [http-nio-8080-exec-7] org.hibernate.SQL                        : select c1_0.id,c1_0.continent,c1_0.name from countries c1_0 where c1_0.id=?
2026-05-14T08:03:03.813+02:00 TRACE 49472 --- [e-shop-backend] [http-nio-8080-exec-7] org.hibernate.orm.jdbc.bind              : binding parameter (1:BIGINT) <- [4]
2026-05-14T08:03:03.814+02:00 DEBUG 49472 --- [e-shop-backend] [http-nio-8080-exec-7] org.hibernate.SQL                        : select c1_0.id,c1_0.continent,c1_0.name from countries c1_0 where c1_0.id=?
2026-05-14T08:03:03.814+02:00 TRACE 49472 --- [e-shop-backend] [http-nio-8080-exec-7] org.hibernate.orm.jdbc.bind              : binding parameter (1:BIGINT) <- [5]
2026-05-14T08:03:04.878+02:00 DEBUG 49472 --- [e-shop-backend] [http-nio-8080-exec-3] org.hibernate.SQL                        : select c1_0.id,c1_0.continent,c1_0.name from countries c1_0
2026-05-14T08:03:04.890+02:00 DEBUG 49472 --- [e-shop-backend] [http-nio-8080-exec-2] org.hibernate.SQL                        : select c1_0.id,c1_0.continent,c1_0.name from countries c1_0
2026-05-14T08:03:05.665+02:00 DEBUG 49472 --- [e-shop-backend] [http-nio-8080-exec-5] org.hibernate.SQL                        : select a1_0.id,a1_0.country_id,a1_0.created_at,a1_0.name,a1_0.surname,a1_0.updated_at from authors a1_0
2026-05-14T08:03:05.666+02:00 DEBUG 49472 --- [e-shop-backend] [http-nio-8080-exec-1] org.hibernate.SQL                        : select b1_0.id,b1_0.author_id,a1_0.id,a1_0.country_id,c1_0.id,c1_0.continent,c1_0.name,a1_0.created_at,a1_0.name,a1_0.surname,a1_0.updated_at,b1_0.available_copies,b1_0.category,b1_0.created_at,b1_0.date_published,b1_0.name,b1_0.state,b1_0.updated_at from books b1_0 join authors a1_0 on a1_0.id=b1_0.author_id join countries c1_0 on c1_0.id=a1_0.country_id
2026-05-14T08:03:05.667+02:00 DEBUG 49472 --- [e-shop-backend] [http-nio-8080-exec-5] org.hibernate.SQL                        : select c1_0.id,c1_0.continent,c1_0.name from countries c1_0 where c1_0.id=?
2026-05-14T08:03:05.668+02:00 TRACE 49472 --- [e-shop-backend] [http-nio-8080-exec-5] org.hibernate.orm.jdbc.bind              : binding parameter (1:BIGINT) <- [1]
2026-05-14T08:03:05.670+02:00 DEBUG 49472 --- [e-shop-backend] [http-nio-8080-exec-5] org.hibernate.SQL                        : select c1_0.id,c1_0.continent,c1_0.name from countries c1_0 where c1_0.id=?
2026-05-14T08:03:05.670+02:00 TRACE 49472 --- [e-shop-backend] [http-nio-8080-exec-5] org.hibernate.orm.jdbc.bind              : binding parameter (1:BIGINT) <- [2]
2026-05-14T08:03:05.672+02:00 DEBUG 49472 --- [e-shop-backend] [http-nio-8080-exec-5] org.hibernate.SQL                        : select c1_0.id,c1_0.continent,c1_0.name from countries c1_0 where c1_0.id=?
2026-05-14T08:03:05.672+02:00 TRACE 49472 --- [e-shop-backend] [http-nio-8080-exec-5] org.hibernate.orm.jdbc.bind              : binding parameter (1:BIGINT) <- [3]
2026-05-14T08:03:05.674+02:00 DEBUG 49472 --- [e-shop-backend] [http-nio-8080-exec-5] org.hibernate.SQL                        : select c1_0.id,c1_0.continent,c1_0.name from countries c1_0 where c1_0.id=?
2026-05-14T08:03:05.674+02:00 TRACE 49472 --- [e-shop-backend] [http-nio-8080-exec-5] org.hibernate.orm.jdbc.bind              : binding parameter (1:BIGINT) <- [4]
2026-05-14T08:03:05.675+02:00 DEBUG 49472 --- [e-shop-backend] [http-nio-8080-exec-4] org.hibernate.SQL                        : select b1_0.id,b1_0.author_id,a1_0.id,a1_0.country_id,c1_0.id,c1_0.continent,c1_0.name,a1_0.created_at,a1_0.name,a1_0.surname,a1_0.updated_at,b1_0.available_copies,b1_0.category,b1_0.created_at,b1_0.date_published,b1_0.name,b1_0.state,b1_0.updated_at from books b1_0 join authors a1_0 on a1_0.id=b1_0.author_id join countries c1_0 on c1_0.id=a1_0.country_id
2026-05-14T08:03:05.675+02:00 DEBUG 49472 --- [e-shop-backend] [http-nio-8080-exec-5] org.hibernate.SQL                        : select c1_0.id,c1_0.continent,c1_0.name from countries c1_0 where c1_0.id=?
2026-05-14T08:03:05.675+02:00 TRACE 49472 --- [e-shop-backend] [http-nio-8080-exec-5] org.hibernate.orm.jdbc.bind              : binding parameter (1:BIGINT) <- [5]
2026-05-14T08:03:05.679+02:00 DEBUG 49472 --- [e-shop-backend] [http-nio-8080-exec-6] org.hibernate.SQL                        : select a1_0.id,a1_0.country_id,a1_0.created_at,a1_0.name,a1_0.surname,a1_0.updated_at from authors a1_0
2026-05-14T08:03:05.680+02:00 DEBUG 49472 --- [e-shop-backend] [http-nio-8080-exec-6] org.hibernate.SQL                        : select c1_0.id,c1_0.continent,c1_0.name from countries c1_0 where c1_0.id=?
2026-05-14T08:03:05.680+02:00 TRACE 49472 --- [e-shop-backend] [http-nio-8080-exec-6] org.hibernate.orm.jdbc.bind              : binding parameter (1:BIGINT) <- [1]
2026-05-14T08:03:05.681+02:00 DEBUG 49472 --- [e-shop-backend] [http-nio-8080-exec-6] org.hibernate.SQL                        : select c1_0.id,c1_0.continent,c1_0.name from countries c1_0 where c1_0.id=?
2026-05-14T08:03:05.681+02:00 TRACE 49472 --- [e-shop-backend] [http-nio-8080-exec-6] org.hibernate.orm.jdbc.bind              : binding parameter (1:BIGINT) <- [2]
2026-05-14T08:03:05.681+02:00 DEBUG 49472 --- [e-shop-backend] [http-nio-8080-exec-6] org.hibernate.SQL                        : select c1_0.id,c1_0.continent,c1_0.name from countries c1_0 where c1_0.id=?
2026-05-14T08:03:05.681+02:00 TRACE 49472 --- [e-shop-backend] [http-nio-8080-exec-6] org.hibernate.orm.jdbc.bind              : binding parameter (1:BIGINT) <- [3]
2026-05-14T08:03:05.682+02:00 DEBUG 49472 --- [e-shop-backend] [http-nio-8080-exec-6] org.hibernate.SQL                        : select c1_0.id,c1_0.continent,c1_0.name from countries c1_0 where c1_0.id=?
2026-05-14T08:03:05.682+02:00 TRACE 49472 --- [e-shop-backend] [http-nio-8080-exec-6] org.hibernate.orm.jdbc.bind              : binding parameter (1:BIGINT) <- [4]
2026-05-14T08:03:05.682+02:00 DEBUG 49472 --- [e-shop-backend] [http-nio-8080-exec-6] org.hibernate.SQL                        : select c1_0.id,c1_0.continent,c1_0.name from countries c1_0 where c1_0.id=?
2026-05-14T08:03:05.682+02:00 TRACE 49472 --- [e-shop-backend] [http-nio-8080-exec-6] org.hibernate.orm.jdbc.bind              : binding parameter (1:BIGINT) <- [5]
2026-05-14T08:04:00.005+02:00  INFO 49472 --- [e-shop-backend] [scheduling-1] c.e.e.j.MaterializedViewRefreshScheduler : Refreshing BOOKS_STATS_MV...
2026-05-14T08:04:00.007+02:00 DEBUG 49472 --- [e-shop-backend] [scheduling-1] org.hibernate.SQL                        : refresh materialized view books_stats_view
2026-05-14T08:04:00.012+02:00  INFO 49472 --- [e-shop-backend] [scheduling-1] c.e.e.j.MaterializedViewRefreshScheduler : BOOKS_STATS_MV successfully refreshed.
2026-05-14T08:05:00.004+02:00  INFO 49472 --- [e-shop-backend] [scheduling-1] c.e.e.j.MaterializedViewRefreshScheduler : Refreshing BOOKS_STATS_MV...
2026-05-14T08:05:00.007+02:00 DEBUG 49472 --- [e-shop-backend] [scheduling-1] org.hibernate.SQL                        : refresh materialized view books_stats_view
2026-05-14T08:05:00.010+02:00  INFO 49472 --- [e-shop-backend] [scheduling-1] c.e.e.j.MaterializedViewRefreshScheduler : BOOKS_STATS_MV successfully refreshed.
2026-05-14T08:06:00.004+02:00  INFO 49472 --- [e-shop-backend] [scheduling-1] c.e.e.j.MaterializedViewRefreshScheduler : Refreshing BOOKS_STATS_MV...
2026-05-14T08:06:00.007+02:00 DEBUG 49472 --- [e-shop-backend] [scheduling-1] org.hibernate.SQL                        : refresh materialized view books_stats_view
2026-05-14T08:06:00.011+02:00  INFO 49472 --- [e-shop-backend] [scheduling-1] c.e.e.j.MaterializedViewRefreshScheduler : BOOKS_STATS_MV successfully refreshed.
2026-05-14T08:06:59.999+02:00  INFO 49472 --- [e-shop-backend] [scheduling-1] c.e.e.j.MaterializedViewRefreshScheduler : Refreshing BOOKS_STATS_MV...
2026-05-14T08:07:00.001+02:00 DEBUG 49472 --- [e-shop-backend] [scheduling-1] org.hibernate.SQL                        : refresh materialized view books_stats_view
2026-05-14T08:07:00.005+02:00  INFO 49472 --- [e-shop-backend] [scheduling-1] c.e.e.j.MaterializedViewRefreshScheduler : BOOKS_STATS_MV successfully refreshed.
2026-05-14T08:07:28.993+02:00 DEBUG 49472 --- [e-shop-backend] [http-nio-8080-exec-4] org.hibernate.SQL                        : select b1_0.id,b1_0.author_id,a1_0.id,a1_0.country_id,c1_0.id,c1_0.continent,c1_0.name,a1_0.created_at,a1_0.name,a1_0.surname,a1_0.updated_at,b1_0.available_copies,b1_0.category,b1_0.created_at,b1_0.date_published,b1_0.name,b1_0.state,b1_0.updated_at from books b1_0 join authors a1_0 on a1_0.id=b1_0.author_id join countries c1_0 on c1_0.id=a1_0.country_id
2026-05-14T08:07:28.993+02:00 DEBUG 49472 --- [e-shop-backend] [http-nio-8080-exec-5] org.hibernate.SQL                        : select a1_0.id,a1_0.country_id,a1_0.created_at,a1_0.name,a1_0.surname,a1_0.updated_at from authors a1_0
2026-05-14T08:07:28.997+02:00 DEBUG 49472 --- [e-shop-backend] [http-nio-8080-exec-5] org.hibernate.SQL                        : select c1_0.id,c1_0.continent,c1_0.name from countries c1_0 where c1_0.id=?
2026-05-14T08:07:28.997+02:00 TRACE 49472 --- [e-shop-backend] [http-nio-8080-exec-5] org.hibernate.orm.jdbc.bind              : binding parameter (1:BIGINT) <- [1]
2026-05-14T08:07:28.999+02:00 DEBUG 49472 --- [e-shop-backend] [http-nio-8080-exec-5] org.hibernate.SQL                        : select c1_0.id,c1_0.continent,c1_0.name from countries c1_0 where c1_0.id=?
2026-05-14T08:07:28.999+02:00 TRACE 49472 --- [e-shop-backend] [http-nio-8080-exec-5] org.hibernate.orm.jdbc.bind              : binding parameter (1:BIGINT) <- [2]
2026-05-14T08:07:29.001+02:00 DEBUG 49472 --- [e-shop-backend] [http-nio-8080-exec-5] org.hibernate.SQL                        : select c1_0.id,c1_0.continent,c1_0.name from countries c1_0 where c1_0.id=?
2026-05-14T08:07:29.001+02:00 TRACE 49472 --- [e-shop-backend] [http-nio-8080-exec-5] org.hibernate.orm.jdbc.bind              : binding parameter (1:BIGINT) <- [3]
2026-05-14T08:07:29.001+02:00 DEBUG 49472 --- [e-shop-backend] [http-nio-8080-exec-5] org.hibernate.SQL                        : select c1_0.id,c1_0.continent,c1_0.name from countries c1_0 where c1_0.id=?
2026-05-14T08:07:29.002+02:00 TRACE 49472 --- [e-shop-backend] [http-nio-8080-exec-5] org.hibernate.orm.jdbc.bind              : binding parameter (1:BIGINT) <- [4]
2026-05-14T08:07:29.002+02:00 DEBUG 49472 --- [e-shop-backend] [http-nio-8080-exec-5] org.hibernate.SQL                        : select c1_0.id,c1_0.continent,c1_0.name from countries c1_0 where c1_0.id=?
2026-05-14T08:07:29.003+02:00 TRACE 49472 --- [e-shop-backend] [http-nio-8080-exec-5] org.hibernate.orm.jdbc.bind              : binding parameter (1:BIGINT) <- [5]
2026-05-14T08:08:00.004+02:00  INFO 49472 --- [e-shop-backend] [scheduling-1] c.e.e.j.MaterializedViewRefreshScheduler : Refreshing BOOKS_STATS_MV...
2026-05-14T08:08:00.006+02:00 DEBUG 49472 --- [e-shop-backend] [scheduling-1] org.hibernate.SQL                        : refresh materialized view books_stats_view
2026-05-14T08:08:00.011+02:00  INFO 49472 --- [e-shop-backend] [scheduling-1] c.e.e.j.MaterializedViewRefreshScheduler : BOOKS_STATS_MV successfully refreshed.
2026-05-14T08:09:00.001+02:00  INFO 49472 --- [e-shop-backend] [scheduling-1] c.e.e.j.MaterializedViewRefreshScheduler : Refreshing BOOKS_STATS_MV...
2026-05-14T08:09:00.004+02:00 DEBUG 49472 --- [e-shop-backend] [scheduling-1] org.hibernate.SQL                        : refresh materialized view books_stats_view
2026-05-14T08:09:00.008+02:00  INFO 49472 --- [e-shop-backend] [scheduling-1] c.e.e.j.MaterializedViewRefreshScheduler : BOOKS_STATS_MV successfully refreshed.
2026-05-14T08:10:00.005+02:00  INFO 49472 --- [e-shop-backend] [scheduling-1] c.e.e.j.MaterializedViewRefreshScheduler : Refreshing BOOKS_STATS_MV...
2026-05-14T08:10:00.008+02:00 DEBUG 49472 --- [e-shop-backend] [scheduling-1] org.hibernate.SQL                        : refresh materialized view books_stats_view
2026-05-14T08:10:00.012+02:00  INFO 49472 --- [e-shop-backend] [scheduling-1] c.e.e.j.MaterializedViewRefreshScheduler : BOOKS_STATS_MV successfully refreshed.
2026-05-14T08:11:00.003+02:00  INFO 49472 --- [e-shop-backend] [scheduling-1] c.e.e.j.MaterializedViewRefreshScheduler : Refreshing BOOKS_STATS_MV...
2026-05-14T08:11:00.004+02:00 DEBUG 49472 --- [e-shop-backend] [scheduling-1] org.hibernate.SQL                        : refresh materialized view books_stats_view
2026-05-14T08:11:00.011+02:00  INFO 49472 --- [e-shop-backend] [scheduling-1] c.e.e.j.MaterializedViewRefreshScheduler : BOOKS_STATS_MV successfully refreshed.
2026-05-14T08:12:00.004+02:00  INFO 49472 --- [e-shop-backend] [scheduling-1] c.e.e.j.MaterializedViewRefreshScheduler : Refreshing BOOKS_STATS_MV...
2026-05-14T08:12:00.006+02:00 DEBUG 49472 --- [e-shop-backend] [scheduling-1] org.hibernate.SQL                        : refresh materialized view books_stats_view
2026-05-14T08:12:00.010+02:00  INFO 49472 --- [e-shop-backend] [scheduling-1] c.e.e.j.MaterializedViewRefreshScheduler : BOOKS_STATS_MV successfully refreshed.
2026-05-14T08:12:39.194+02:00 DEBUG 49472 --- [e-shop-backend] [http-nio-8080-exec-9] org.hibernate.SQL                        : select a1_0.id,a1_0.country_id,a1_0.created_at,a1_0.name,a1_0.surname,a1_0.updated_at from authors a1_0
2026-05-14T08:12:39.194+02:00 DEBUG 49472 --- [e-shop-backend] [http-nio-8080-exec-8] org.hibernate.SQL                        : select b1_0.id,b1_0.author_id,a1_0.id,a1_0.country_id,c1_0.id,c1_0.continent,c1_0.name,a1_0.created_at,a1_0.name,a1_0.surname,a1_0.updated_at,b1_0.available_copies,b1_0.category,b1_0.created_at,b1_0.date_published,b1_0.name,b1_0.state,b1_0.updated_at from books b1_0 join authors a1_0 on a1_0.id=b1_0.author_id join countries c1_0 on c1_0.id=a1_0.country_id
2026-05-14T08:12:39.197+02:00 DEBUG 49472 --- [e-shop-backend] [http-nio-8080-exec-9] org.hibernate.SQL                        : select c1_0.id,c1_0.continent,c1_0.name from countries c1_0 where c1_0.id=?
2026-05-14T08:12:39.197+02:00 TRACE 49472 --- [e-shop-backend] [http-nio-8080-exec-9] org.hibernate.orm.jdbc.bind              : binding parameter (1:BIGINT) <- [1]
2026-05-14T08:12:39.199+02:00 DEBUG 49472 --- [e-shop-backend] [http-nio-8080-exec-9] org.hibernate.SQL                        : select c1_0.id,c1_0.continent,c1_0.name from countries c1_0 where c1_0.id=?
2026-05-14T08:12:39.199+02:00 TRACE 49472 --- [e-shop-backend] [http-nio-8080-exec-9] org.hibernate.orm.jdbc.bind              : binding parameter (1:BIGINT) <- [2]
2026-05-14T08:12:39.200+02:00 DEBUG 49472 --- [e-shop-backend] [http-nio-8080-exec-9] org.hibernate.SQL                        : select c1_0.id,c1_0.continent,c1_0.name from countries c1_0 where c1_0.id=?
2026-05-14T08:12:39.200+02:00 TRACE 49472 --- [e-shop-backend] [http-nio-8080-exec-9] org.hibernate.orm.jdbc.bind              : binding parameter (1:BIGINT) <- [3]
2026-05-14T08:12:39.201+02:00 DEBUG 49472 --- [e-shop-backend] [http-nio-8080-exec-9] org.hibernate.SQL                        : select c1_0.id,c1_0.continent,c1_0.name from countries c1_0 where c1_0.id=?
2026-05-14T08:12:39.201+02:00 TRACE 49472 --- [e-shop-backend] [http-nio-8080-exec-9] org.hibernate.orm.jdbc.bind              : binding parameter (1:BIGINT) <- [4]
2026-05-14T08:12:39.203+02:00 DEBUG 49472 --- [e-shop-backend] [http-nio-8080-exec-9] org.hibernate.SQL                        : select c1_0.id,c1_0.continent,c1_0.name from countries c1_0 where c1_0.id=?
2026-05-14T08:12:39.204+02:00 TRACE 49472 --- [e-shop-backend] [http-nio-8080-exec-9] org.hibernate.orm.jdbc.bind              : binding parameter (1:BIGINT) <- [5]
2026-05-14T08:12:39.206+02:00 DEBUG 49472 --- [e-shop-backend] [http-nio-8080-exec-7] org.hibernate.SQL                        : select b1_0.id,b1_0.author_id,a1_0.id,a1_0.country_id,c1_0.id,c1_0.continent,c1_0.name,a1_0.created_at,a1_0.name,a1_0.surname,a1_0.updated_at,b1_0.available_copies,b1_0.category,b1_0.created_at,b1_0.date_published,b1_0.name,b1_0.state,b1_0.updated_at from books b1_0 join authors a1_0 on a1_0.id=b1_0.author_id join countries c1_0 on c1_0.id=a1_0.country_id
2026-05-14T08:12:39.209+02:00 DEBUG 49472 --- [e-shop-backend] [http-nio-8080-exec-2] org.hibernate.SQL                        : select a1_0.id,a1_0.country_id,a1_0.created_at,a1_0.name,a1_0.surname,a1_0.updated_at from authors a1_0
2026-05-14T08:12:39.211+02:00 DEBUG 49472 --- [e-shop-backend] [http-nio-8080-exec-2] org.hibernate.SQL                        : select c1_0.id,c1_0.continent,c1_0.name from countries c1_0 where c1_0.id=?
2026-05-14T08:12:39.211+02:00 TRACE 49472 --- [e-shop-backend] [http-nio-8080-exec-2] org.hibernate.orm.jdbc.bind              : binding parameter (1:BIGINT) <- [1]
2026-05-14T08:12:39.212+02:00 DEBUG 49472 --- [e-shop-backend] [http-nio-8080-exec-2] org.hibernate.SQL                        : select c1_0.id,c1_0.continent,c1_0.name from countries c1_0 where c1_0.id=?
2026-05-14T08:12:39.212+02:00 TRACE 49472 --- [e-shop-backend] [http-nio-8080-exec-2] org.hibernate.orm.jdbc.bind              : binding parameter (1:BIGINT) <- [2]
2026-05-14T08:12:39.213+02:00 DEBUG 49472 --- [e-shop-backend] [http-nio-8080-exec-2] org.hibernate.SQL                        : select c1_0.id,c1_0.continent,c1_0.name from countries c1_0 where c1_0.id=?
2026-05-14T08:12:39.213+02:00 TRACE 49472 --- [e-shop-backend] [http-nio-8080-exec-2] org.hibernate.orm.jdbc.bind              : binding parameter (1:BIGINT) <- [3]
2026-05-14T08:12:39.214+02:00 DEBUG 49472 --- [e-shop-backend] [http-nio-8080-exec-2] org.hibernate.SQL                        : select c1_0.id,c1_0.continent,c1_0.name from countries c1_0 where c1_0.id=?
2026-05-14T08:12:39.214+02:00 TRACE 49472 --- [e-shop-backend] [http-nio-8080-exec-2] org.hibernate.orm.jdbc.bind              : binding parameter (1:BIGINT) <- [4]
2026-05-14T08:12:39.215+02:00 DEBUG 49472 --- [e-shop-backend] [http-nio-8080-exec-2] org.hibernate.SQL                        : select c1_0.id,c1_0.continent,c1_0.name from countries c1_0 where c1_0.id=?
2026-05-14T08:12:39.215+02:00 TRACE 49472 --- [e-shop-backend] [http-nio-8080-exec-2] org.hibernate.orm.jdbc.bind              : binding parameter (1:BIGINT) <- [5]
2026-05-14T08:13:00.004+02:00  INFO 49472 --- [e-shop-backend] [scheduling-1] c.e.e.j.MaterializedViewRefreshScheduler : Refreshing BOOKS_STATS_MV...
2026-05-14T08:13:00.006+02:00 DEBUG 49472 --- [e-shop-backend] [scheduling-1] org.hibernate.SQL                        : refresh materialized view books_stats_view
2026-05-14T08:13:00.012+02:00  INFO 49472 --- [e-shop-backend] [scheduling-1] c.e.e.j.MaterializedViewRefreshScheduler : BOOKS_STATS_MV successfully refreshed.
2026-05-14T08:13:59.999+02:00  INFO 49472 --- [e-shop-backend] [scheduling-1] c.e.e.j.MaterializedViewRefreshScheduler : Refreshing BOOKS_STATS_MV...
2026-05-14T08:14:00.000+02:00 DEBUG 49472 --- [e-shop-backend] [scheduling-1] org.hibernate.SQL                        : refresh materialized view books_stats_view
2026-05-14T08:14:00.004+02:00  INFO 49472 --- [e-shop-backend] [scheduling-1] c.e.e.j.MaterializedViewRefreshScheduler : BOOKS_STATS_MV successfully refreshed.
2026-05-14T08:15:00.002+02:00  INFO 49472 --- [e-shop-backend] [scheduling-1] c.e.e.j.MaterializedViewRefreshScheduler : Refreshing BOOKS_STATS_MV...
2026-05-14T08:15:00.004+02:00 DEBUG 49472 --- [e-shop-backend] [scheduling-1] org.hibernate.SQL                        : refresh materialized view books_stats_view
2026-05-14T08:15:00.006+02:00  INFO 49472 --- [e-shop-backend] [scheduling-1] c.e.e.j.MaterializedViewRefreshScheduler : BOOKS_STATS_MV successfully refreshed.
2026-05-14T08:16:00.000+02:00  INFO 49472 --- [e-shop-backend] [scheduling-1] c.e.e.j.MaterializedViewRefreshScheduler : Refreshing BOOKS_STATS_MV...
2026-05-14T08:16:00.002+02:00 DEBUG 49472 --- [e-shop-backend] [scheduling-1] org.hibernate.SQL                        : refresh materialized view books_stats_view
2026-05-14T08:16:00.006+02:00  INFO 49472 --- [e-shop-backend] [scheduling-1] c.e.e.j.MaterializedViewRefreshScheduler : BOOKS_STATS_MV successfully refreshed.
2026-05-14T08:16:06.554+02:00 DEBUG 49472 --- [e-shop-backend] [http-nio-8080-exec-10] org.hibernate.SQL                        : select b1_0.id,b1_0.author_id,a1_0.id,a1_0.country_id,c1_0.id,c1_0.continent,c1_0.name,a1_0.created_at,a1_0.name,a1_0.surname,a1_0.updated_at,b1_0.available_copies,b1_0.category,b1_0.created_at,b1_0.date_published,b1_0.name,b1_0.state,b1_0.updated_at from books b1_0 join authors a1_0 on a1_0.id=b1_0.author_id join countries c1_0 on c1_0.id=a1_0.country_id
2026-05-14T08:16:06.554+02:00 DEBUG 49472 --- [e-shop-backend] [http-nio-8080-exec-4] org.hibernate.SQL                        : select a1_0.id,a1_0.country_id,a1_0.created_at,a1_0.name,a1_0.surname,a1_0.updated_at from authors a1_0
2026-05-14T08:16:06.557+02:00 DEBUG 49472 --- [e-shop-backend] [http-nio-8080-exec-4] org.hibernate.SQL                        : select c1_0.id,c1_0.continent,c1_0.name from countries c1_0 where c1_0.id=?
2026-05-14T08:16:06.557+02:00 TRACE 49472 --- [e-shop-backend] [http-nio-8080-exec-4] org.hibernate.orm.jdbc.bind              : binding parameter (1:BIGINT) <- [1]
2026-05-14T08:16:06.558+02:00 DEBUG 49472 --- [e-shop-backend] [http-nio-8080-exec-4] org.hibernate.SQL                        : select c1_0.id,c1_0.continent,c1_0.name from countries c1_0 where c1_0.id=?
2026-05-14T08:16:06.558+02:00 TRACE 49472 --- [e-shop-backend] [http-nio-8080-exec-4] org.hibernate.orm.jdbc.bind              : binding parameter (1:BIGINT) <- [2]
2026-05-14T08:16:06.559+02:00 DEBUG 49472 --- [e-shop-backend] [http-nio-8080-exec-4] org.hibernate.SQL                        : select c1_0.id,c1_0.continent,c1_0.name from countries c1_0 where c1_0.id=?
2026-05-14T08:16:06.559+02:00 TRACE 49472 --- [e-shop-backend] [http-nio-8080-exec-4] org.hibernate.orm.jdbc.bind              : binding parameter (1:BIGINT) <- [3]
2026-05-14T08:16:06.560+02:00 DEBUG 49472 --- [e-shop-backend] [http-nio-8080-exec-4] org.hibernate.SQL                        : select c1_0.id,c1_0.continent,c1_0.name from countries c1_0 where c1_0.id=?
2026-05-14T08:16:06.560+02:00 TRACE 49472 --- [e-shop-backend] [http-nio-8080-exec-4] org.hibernate.orm.jdbc.bind              : binding parameter (1:BIGINT) <- [4]
2026-05-14T08:16:06.560+02:00 DEBUG 49472 --- [e-shop-backend] [http-nio-8080-exec-4] org.hibernate.SQL                        : select c1_0.id,c1_0.continent,c1_0.name from countries c1_0 where c1_0.id=?
2026-05-14T08:16:06.560+02:00 TRACE 49472 --- [e-shop-backend] [http-nio-8080-exec-4] org.hibernate.orm.jdbc.bind              : binding parameter (1:BIGINT) <- [5]
2026-05-14T08:16:06.565+02:00 DEBUG 49472 --- [e-shop-backend] [http-nio-8080-exec-8] org.hibernate.SQL                        : select a1_0.id,a1_0.country_id,a1_0.created_at,a1_0.name,a1_0.surname,a1_0.updated_at from authors a1_0
2026-05-14T08:16:06.565+02:00 DEBUG 49472 --- [e-shop-backend] [http-nio-8080-exec-6] org.hibernate.SQL                        : select b1_0.id,b1_0.author_id,a1_0.id,a1_0.country_id,c1_0.id,c1_0.continent,c1_0.name,a1_0.created_at,a1_0.name,a1_0.surname,a1_0.updated_at,b1_0.available_copies,b1_0.category,b1_0.created_at,b1_0.date_published,b1_0.name,b1_0.state,b1_0.updated_at from books b1_0 join authors a1_0 on a1_0.id=b1_0.author_id join countries c1_0 on c1_0.id=a1_0.country_id
2026-05-14T08:16:06.566+02:00 DEBUG 49472 --- [e-shop-backend] [http-nio-8080-exec-8] org.hibernate.SQL                        : select c1_0.id,c1_0.continent,c1_0.name from countries c1_0 where c1_0.id=?
2026-05-14T08:16:06.566+02:00 TRACE 49472 --- [e-shop-backend] [http-nio-8080-exec-8] org.hibernate.orm.jdbc.bind              : binding parameter (1:BIGINT) <- [1]
2026-05-14T08:16:06.567+02:00 DEBUG 49472 --- [e-shop-backend] [http-nio-8080-exec-8] org.hibernate.SQL                        : select c1_0.id,c1_0.continent,c1_0.name from countries c1_0 where c1_0.id=?
2026-05-14T08:16:06.567+02:00 TRACE 49472 --- [e-shop-backend] [http-nio-8080-exec-8] org.hibernate.orm.jdbc.bind              : binding parameter (1:BIGINT) <- [2]
2026-05-14T08:16:06.568+02:00 DEBUG 49472 --- [e-shop-backend] [http-nio-8080-exec-8] org.hibernate.SQL                        : select c1_0.id,c1_0.continent,c1_0.name from countries c1_0 where c1_0.id=?
2026-05-14T08:16:06.568+02:00 TRACE 49472 --- [e-shop-backend] [http-nio-8080-exec-8] org.hibernate.orm.jdbc.bind              : binding parameter (1:BIGINT) <- [3]
2026-05-14T08:16:06.569+02:00 DEBUG 49472 --- [e-shop-backend] [http-nio-8080-exec-8] org.hibernate.SQL                        : select c1_0.id,c1_0.continent,c1_0.name from countries c1_0 where c1_0.id=?
2026-05-14T08:16:06.569+02:00 TRACE 49472 --- [e-shop-backend] [http-nio-8080-exec-8] org.hibernate.orm.jdbc.bind              : binding parameter (1:BIGINT) <- [4]
2026-05-14T08:16:06.569+02:00 DEBUG 49472 --- [e-shop-backend] [http-nio-8080-exec-8] org.hibernate.SQL                        : select c1_0.id,c1_0.continent,c1_0.name from countries c1_0 where c1_0.id=?
2026-05-14T08:16:06.569+02:00 TRACE 49472 --- [e-shop-backend] [http-nio-8080-exec-8] org.hibernate.orm.jdbc.bind              : binding parameter (1:BIGINT) <- [5]
2026-05-14T08:17:00.001+02:00  INFO 49472 --- [e-shop-backend] [scheduling-1] c.e.e.j.MaterializedViewRefreshScheduler : Refreshing BOOKS_STATS_MV...
2026-05-14T08:17:00.002+02:00 DEBUG 49472 --- [e-shop-backend] [scheduling-1] org.hibernate.SQL                        : refresh materialized view books_stats_view
2026-05-14T08:17:00.004+02:00  INFO 49472 --- [e-shop-backend] [scheduling-1] c.e.e.j.MaterializedViewRefreshScheduler : BOOKS_STATS_MV successfully refreshed.
2026-05-14T08:17:32.066+02:00 DEBUG 49472 --- [e-shop-backend] [http-nio-8080-exec-1] org.hibernate.SQL                        : select b1_0.id,b1_0.author_id,a1_0.id,a1_0.country_id,c1_0.id,c1_0.continent,c1_0.name,a1_0.created_at,a1_0.name,a1_0.surname,a1_0.updated_at,b1_0.available_copies,b1_0.category,b1_0.created_at,b1_0.date_published,b1_0.name,b1_0.state,b1_0.updated_at from books b1_0 join authors a1_0 on a1_0.id=b1_0.author_id join countries c1_0 on c1_0.id=a1_0.country_id
2026-05-14T08:17:32.066+02:00 DEBUG 49472 --- [e-shop-backend] [http-nio-8080-exec-5] org.hibernate.SQL                        : select a1_0.id,a1_0.country_id,a1_0.created_at,a1_0.name,a1_0.surname,a1_0.updated_at from authors a1_0
2026-05-14T08:17:32.068+02:00 DEBUG 49472 --- [e-shop-backend] [http-nio-8080-exec-5] org.hibernate.SQL                        : select c1_0.id,c1_0.continent,c1_0.name from countries c1_0 where c1_0.id=?
2026-05-14T08:17:32.069+02:00 TRACE 49472 --- [e-shop-backend] [http-nio-8080-exec-5] org.hibernate.orm.jdbc.bind              : binding parameter (1:BIGINT) <- [1]
2026-05-14T08:17:32.071+02:00 DEBUG 49472 --- [e-shop-backend] [http-nio-8080-exec-5] org.hibernate.SQL                        : select c1_0.id,c1_0.continent,c1_0.name from countries c1_0 where c1_0.id=?
2026-05-14T08:17:32.071+02:00 TRACE 49472 --- [e-shop-backend] [http-nio-8080-exec-5] org.hibernate.orm.jdbc.bind              : binding parameter (1:BIGINT) <- [2]
2026-05-14T08:17:32.072+02:00 DEBUG 49472 --- [e-shop-backend] [http-nio-8080-exec-5] org.hibernate.SQL                        : select c1_0.id,c1_0.continent,c1_0.name from countries c1_0 where c1_0.id=?
2026-05-14T08:17:32.073+02:00 TRACE 49472 --- [e-shop-backend] [http-nio-8080-exec-5] org.hibernate.orm.jdbc.bind              : binding parameter (1:BIGINT) <- [3]
2026-05-14T08:17:32.073+02:00 DEBUG 49472 --- [e-shop-backend] [http-nio-8080-exec-5] org.hibernate.SQL                        : select c1_0.id,c1_0.continent,c1_0.name from countries c1_0 where c1_0.id=?
2026-05-14T08:17:32.074+02:00 TRACE 49472 --- [e-shop-backend] [http-nio-8080-exec-5] org.hibernate.orm.jdbc.bind              : binding parameter (1:BIGINT) <- [4]
2026-05-14T08:17:32.075+02:00 DEBUG 49472 --- [e-shop-backend] [http-nio-8080-exec-5] org.hibernate.SQL                        : select c1_0.id,c1_0.continent,c1_0.name from countries c1_0 where c1_0.id=?
2026-05-14T08:17:32.075+02:00 TRACE 49472 --- [e-shop-backend] [http-nio-8080-exec-5] org.hibernate.orm.jdbc.bind              : binding parameter (1:BIGINT) <- [5]
2026-05-14T08:17:32.079+02:00 DEBUG 49472 --- [e-shop-backend] [http-nio-8080-exec-4] org.hibernate.SQL                        : select b1_0.id,b1_0.author_id,a1_0.id,a1_0.country_id,c1_0.id,c1_0.continent,c1_0.name,a1_0.created_at,a1_0.name,a1_0.surname,a1_0.updated_at,b1_0.available_copies,b1_0.category,b1_0.created_at,b1_0.date_published,b1_0.name,b1_0.state,b1_0.updated_at from books b1_0 join authors a1_0 on a1_0.id=b1_0.author_id join countries c1_0 on c1_0.id=a1_0.country_id
2026-05-14T08:17:32.079+02:00 DEBUG 49472 --- [e-shop-backend] [http-nio-8080-exec-5] org.hibernate.SQL                        : select a1_0.id,a1_0.country_id,a1_0.created_at,a1_0.name,a1_0.surname,a1_0.updated_at from authors a1_0
2026-05-14T08:17:32.080+02:00 DEBUG 49472 --- [e-shop-backend] [http-nio-8080-exec-5] org.hibernate.SQL                        : select c1_0.id,c1_0.continent,c1_0.name from countries c1_0 where c1_0.id=?
2026-05-14T08:17:32.080+02:00 TRACE 49472 --- [e-shop-backend] [http-nio-8080-exec-5] org.hibernate.orm.jdbc.bind              : binding parameter (1:BIGINT) <- [1]
2026-05-14T08:17:32.081+02:00 DEBUG 49472 --- [e-shop-backend] [http-nio-8080-exec-5] org.hibernate.SQL                        : select c1_0.id,c1_0.continent,c1_0.name from countries c1_0 where c1_0.id=?
2026-05-14T08:17:32.081+02:00 TRACE 49472 --- [e-shop-backend] [http-nio-8080-exec-5] org.hibernate.orm.jdbc.bind              : binding parameter (1:BIGINT) <- [2]
2026-05-14T08:17:32.082+02:00 DEBUG 49472 --- [e-shop-backend] [http-nio-8080-exec-5] org.hibernate.SQL                        : select c1_0.id,c1_0.continent,c1_0.name from countries c1_0 where c1_0.id=?
2026-05-14T08:17:32.082+02:00 TRACE 49472 --- [e-shop-backend] [http-nio-8080-exec-5] org.hibernate.orm.jdbc.bind              : binding parameter (1:BIGINT) <- [3]
2026-05-14T08:17:32.083+02:00 DEBUG 49472 --- [e-shop-backend] [http-nio-8080-exec-5] org.hibernate.SQL                        : select c1_0.id,c1_0.continent,c1_0.name from countries c1_0 where c1_0.id=?
2026-05-14T08:17:32.083+02:00 TRACE 49472 --- [e-shop-backend] [http-nio-8080-exec-5] org.hibernate.orm.jdbc.bind              : binding parameter (1:BIGINT) <- [4]
2026-05-14T08:17:32.084+02:00 DEBUG 49472 --- [e-shop-backend] [http-nio-8080-exec-5] org.hibernate.SQL                        : select c1_0.id,c1_0.continent,c1_0.name from countries c1_0 where c1_0.id=?
2026-05-14T08:17:32.084+02:00 TRACE 49472 --- [e-shop-backend] [http-nio-8080-exec-5] org.hibernate.orm.jdbc.bind              : binding parameter (1:BIGINT) <- [5]
2026-05-14T08:17:59.998+02:00  INFO 49472 --- [e-shop-backend] [scheduling-1] c.e.e.j.MaterializedViewRefreshScheduler : Refreshing BOOKS_STATS_MV...
2026-05-14T08:17:59.999+02:00 DEBUG 49472 --- [e-shop-backend] [scheduling-1] org.hibernate.SQL                        : refresh materialized view books_stats_view
2026-05-14T08:18:00.000+02:00  INFO 49472 --- [e-shop-backend] [scheduling-1] c.e.e.j.MaterializedViewRefreshScheduler : BOOKS_STATS_MV successfully refreshed.
2026-05-14T08:19:00.003+02:00  INFO 49472 --- [e-shop-backend] [scheduling-1] c.e.e.j.MaterializedViewRefreshScheduler : Refreshing BOOKS_STATS_MV...
2026-05-14T08:19:00.006+02:00 DEBUG 49472 --- [e-shop-backend] [scheduling-1] org.hibernate.SQL                        : refresh materialized view books_stats_view
2026-05-14T08:19:00.007+02:00  INFO 49472 --- [e-shop-backend] [scheduling-1] c.e.e.j.MaterializedViewRefreshScheduler : BOOKS_STATS_MV successfully refreshed.
2026-05-14T08:20:00.002+02:00  INFO 49472 --- [e-shop-backend] [scheduling-1] c.e.e.j.MaterializedViewRefreshScheduler : Refreshing BOOKS_STATS_MV...
2026-05-14T08:20:00.005+02:00 DEBUG 49472 --- [e-shop-backend] [scheduling-1] org.hibernate.SQL                        : refresh materialized view books_stats_view
2026-05-14T08:20:00.009+02:00  INFO 49472 --- [e-shop-backend] [scheduling-1] c.e.e.j.MaterializedViewRefreshScheduler : BOOKS_STATS_MV successfully refreshed.
2026-05-14T08:20:36.905+02:00 DEBUG 49472 --- [e-shop-backend] [http-nio-8080-exec-9] org.hibernate.SQL                        : select b1_0.id,b1_0.author_id,a1_0.id,a1_0.country_id,c1_0.id,c1_0.continent,c1_0.name,a1_0.created_at,a1_0.name,a1_0.surname,a1_0.updated_at,b1_0.available_copies,b1_0.category,b1_0.created_at,b1_0.date_published,b1_0.name,b1_0.state,b1_0.updated_at from books b1_0 join authors a1_0 on a1_0.id=b1_0.author_id join countries c1_0 on c1_0.id=a1_0.country_id
2026-05-14T08:20:36.905+02:00 DEBUG 49472 --- [e-shop-backend] [http-nio-8080-exec-2] org.hibernate.SQL                        : select a1_0.id,a1_0.country_id,a1_0.created_at,a1_0.name,a1_0.surname,a1_0.updated_at from authors a1_0
2026-05-14T08:20:36.908+02:00 DEBUG 49472 --- [e-shop-backend] [http-nio-8080-exec-2] org.hibernate.SQL                        : select c1_0.id,c1_0.continent,c1_0.name from countries c1_0 where c1_0.id=?
2026-05-14T08:20:36.908+02:00 TRACE 49472 --- [e-shop-backend] [http-nio-8080-exec-2] org.hibernate.orm.jdbc.bind              : binding parameter (1:BIGINT) <- [1]
2026-05-14T08:20:36.910+02:00 DEBUG 49472 --- [e-shop-backend] [http-nio-8080-exec-2] org.hibernate.SQL                        : select c1_0.id,c1_0.continent,c1_0.name from countries c1_0 where c1_0.id=?
2026-05-14T08:20:36.910+02:00 TRACE 49472 --- [e-shop-backend] [http-nio-8080-exec-2] org.hibernate.orm.jdbc.bind              : binding parameter (1:BIGINT) <- [2]
2026-05-14T08:20:36.913+02:00 DEBUG 49472 --- [e-shop-backend] [http-nio-8080-exec-2] org.hibernate.SQL                        : select c1_0.id,c1_0.continent,c1_0.name from countries c1_0 where c1_0.id=?
2026-05-14T08:20:36.913+02:00 TRACE 49472 --- [e-shop-backend] [http-nio-8080-exec-2] org.hibernate.orm.jdbc.bind              : binding parameter (1:BIGINT) <- [3]
2026-05-14T08:20:36.914+02:00 DEBUG 49472 --- [e-shop-backend] [http-nio-8080-exec-2] org.hibernate.SQL                        : select c1_0.id,c1_0.continent,c1_0.name from countries c1_0 where c1_0.id=?
2026-05-14T08:20:36.914+02:00 TRACE 49472 --- [e-shop-backend] [http-nio-8080-exec-2] org.hibernate.orm.jdbc.bind              : binding parameter (1:BIGINT) <- [4]
2026-05-14T08:20:36.915+02:00 DEBUG 49472 --- [e-shop-backend] [http-nio-8080-exec-2] org.hibernate.SQL                        : select c1_0.id,c1_0.continent,c1_0.name from countries c1_0 where c1_0.id=?
2026-05-14T08:20:36.915+02:00 TRACE 49472 --- [e-shop-backend] [http-nio-8080-exec-2] org.hibernate.orm.jdbc.bind              : binding parameter (1:BIGINT) <- [5]
2026-05-14T08:20:36.915+02:00 DEBUG 49472 --- [e-shop-backend] [http-nio-8080-exec-9] org.hibernate.SQL                        : select b1_0.id,b1_0.author_id,a1_0.id,a1_0.country_id,c1_0.id,c1_0.continent,c1_0.name,a1_0.created_at,a1_0.name,a1_0.surname,a1_0.updated_at,b1_0.available_copies,b1_0.category,b1_0.created_at,b1_0.date_published,b1_0.name,b1_0.state,b1_0.updated_at from books b1_0 join authors a1_0 on a1_0.id=b1_0.author_id join countries c1_0 on c1_0.id=a1_0.country_id
2026-05-14T08:20:36.919+02:00 DEBUG 49472 --- [e-shop-backend] [http-nio-8080-exec-1] org.hibernate.SQL                        : select a1_0.id,a1_0.country_id,a1_0.created_at,a1_0.name,a1_0.surname,a1_0.updated_at from authors a1_0
2026-05-14T08:20:36.920+02:00 DEBUG 49472 --- [e-shop-backend] [http-nio-8080-exec-1] org.hibernate.SQL                        : select c1_0.id,c1_0.continent,c1_0.name from countries c1_0 where c1_0.id=?
2026-05-14T08:20:36.920+02:00 TRACE 49472 --- [e-shop-backend] [http-nio-8080-exec-1] org.hibernate.orm.jdbc.bind              : binding parameter (1:BIGINT) <- [1]
2026-05-14T08:20:36.920+02:00 DEBUG 49472 --- [e-shop-backend] [http-nio-8080-exec-1] org.hibernate.SQL                        : select c1_0.id,c1_0.continent,c1_0.name from countries c1_0 where c1_0.id=?
2026-05-14T08:20:36.920+02:00 TRACE 49472 --- [e-shop-backend] [http-nio-8080-exec-1] org.hibernate.orm.jdbc.bind              : binding parameter (1:BIGINT) <- [2]
2026-05-14T08:20:36.921+02:00 DEBUG 49472 --- [e-shop-backend] [http-nio-8080-exec-1] org.hibernate.SQL                        : select c1_0.id,c1_0.continent,c1_0.name from countries c1_0 where c1_0.id=?
2026-05-14T08:20:36.921+02:00 TRACE 49472 --- [e-shop-backend] [http-nio-8080-exec-1] org.hibernate.orm.jdbc.bind              : binding parameter (1:BIGINT) <- [3]
2026-05-14T08:20:36.921+02:00 DEBUG 49472 --- [e-shop-backend] [http-nio-8080-exec-1] org.hibernate.SQL                        : select c1_0.id,c1_0.continent,c1_0.name from countries c1_0 where c1_0.id=?
2026-05-14T08:20:36.921+02:00 TRACE 49472 --- [e-shop-backend] [http-nio-8080-exec-1] org.hibernate.orm.jdbc.bind              : binding parameter (1:BIGINT) <- [4]
2026-05-14T08:20:36.922+02:00 DEBUG 49472 --- [e-shop-backend] [http-nio-8080-exec-1] org.hibernate.SQL                        : select c1_0.id,c1_0.continent,c1_0.name from countries c1_0 where c1_0.id=?
2026-05-14T08:20:36.922+02:00 TRACE 49472 --- [e-shop-backend] [http-nio-8080-exec-1] org.hibernate.orm.jdbc.bind              : binding parameter (1:BIGINT) <- [5]
2026-05-14T08:21:00.004+02:00  INFO 49472 --- [e-shop-backend] [scheduling-1] c.e.e.j.MaterializedViewRefreshScheduler : Refreshing BOOKS_STATS_MV...
2026-05-14T08:21:00.006+02:00 DEBUG 49472 --- [e-shop-backend] [scheduling-1] org.hibernate.SQL                        : refresh materialized view books_stats_view
2026-05-14T08:21:00.009+02:00  INFO 49472 --- [e-shop-backend] [scheduling-1] c.e.e.j.MaterializedViewRefreshScheduler : BOOKS_STATS_MV successfully refreshed.
2026-05-14T08:21:33.745+02:00 DEBUG 49472 --- [e-shop-backend] [http-nio-8080-exec-5] org.hibernate.SQL                        : select a1_0.id,a1_0.country_id,a1_0.created_at,a1_0.name,a1_0.surname,a1_0.updated_at from authors a1_0
2026-05-14T08:21:33.747+02:00 DEBUG 49472 --- [e-shop-backend] [http-nio-8080-exec-5] org.hibernate.SQL                        : select c1_0.id,c1_0.continent,c1_0.name from countries c1_0 where c1_0.id=?
2026-05-14T08:21:33.747+02:00 TRACE 49472 --- [e-shop-backend] [http-nio-8080-exec-5] org.hibernate.orm.jdbc.bind              : binding parameter (1:BIGINT) <- [1]
2026-05-14T08:21:33.748+02:00 DEBUG 49472 --- [e-shop-backend] [http-nio-8080-exec-5] org.hibernate.SQL                        : select c1_0.id,c1_0.continent,c1_0.name from countries c1_0 where c1_0.id=?
2026-05-14T08:21:33.749+02:00 TRACE 49472 --- [e-shop-backend] [http-nio-8080-exec-5] org.hibernate.orm.jdbc.bind              : binding parameter (1:BIGINT) <- [2]
2026-05-14T08:21:33.750+02:00 DEBUG 49472 --- [e-shop-backend] [http-nio-8080-exec-5] org.hibernate.SQL                        : select c1_0.id,c1_0.continent,c1_0.name from countries c1_0 where c1_0.id=?
2026-05-14T08:21:33.750+02:00 TRACE 49472 --- [e-shop-backend] [http-nio-8080-exec-5] org.hibernate.orm.jdbc.bind              : binding parameter (1:BIGINT) <- [3]
2026-05-14T08:21:33.751+02:00 DEBUG 49472 --- [e-shop-backend] [http-nio-8080-exec-5] org.hibernate.SQL                        : select c1_0.id,c1_0.continent,c1_0.name from countries c1_0 where c1_0.id=?
2026-05-14T08:21:33.751+02:00 TRACE 49472 --- [e-shop-backend] [http-nio-8080-exec-5] org.hibernate.orm.jdbc.bind              : binding parameter (1:BIGINT) <- [4]
2026-05-14T08:21:33.752+02:00 DEBUG 49472 --- [e-shop-backend] [http-nio-8080-exec-5] org.hibernate.SQL                        : select c1_0.id,c1_0.continent,c1_0.name from countries c1_0 where c1_0.id=?
2026-05-14T08:21:33.752+02:00 TRACE 49472 --- [e-shop-backend] [http-nio-8080-exec-5] org.hibernate.orm.jdbc.bind              : binding parameter (1:BIGINT) <- [5]
2026-05-14T08:21:33.761+02:00 DEBUG 49472 --- [e-shop-backend] [http-nio-8080-exec-7] org.hibernate.SQL                        : select a1_0.id,a1_0.country_id,a1_0.created_at,a1_0.name,a1_0.surname,a1_0.updated_at from authors a1_0
2026-05-14T08:21:33.763+02:00 DEBUG 49472 --- [e-shop-backend] [http-nio-8080-exec-7] org.hibernate.SQL                        : select c1_0.id,c1_0.continent,c1_0.name from countries c1_0 where c1_0.id=?
2026-05-14T08:21:33.763+02:00 TRACE 49472 --- [e-shop-backend] [http-nio-8080-exec-7] org.hibernate.orm.jdbc.bind              : binding parameter (1:BIGINT) <- [1]
2026-05-14T08:21:33.765+02:00 DEBUG 49472 --- [e-shop-backend] [http-nio-8080-exec-7] org.hibernate.SQL                        : select c1_0.id,c1_0.continent,c1_0.name from countries c1_0 where c1_0.id=?
2026-05-14T08:21:33.765+02:00 TRACE 49472 --- [e-shop-backend] [http-nio-8080-exec-7] org.hibernate.orm.jdbc.bind              : binding parameter (1:BIGINT) <- [2]
2026-05-14T08:21:33.766+02:00 DEBUG 49472 --- [e-shop-backend] [http-nio-8080-exec-7] org.hibernate.SQL                        : select c1_0.id,c1_0.continent,c1_0.name from countries c1_0 where c1_0.id=?
2026-05-14T08:21:33.766+02:00 TRACE 49472 --- [e-shop-backend] [http-nio-8080-exec-7] org.hibernate.orm.jdbc.bind              : binding parameter (1:BIGINT) <- [3]
2026-05-14T08:21:33.767+02:00 DEBUG 49472 --- [e-shop-backend] [http-nio-8080-exec-7] org.hibernate.SQL                        : select c1_0.id,c1_0.continent,c1_0.name from countries c1_0 where c1_0.id=?
2026-05-14T08:21:33.767+02:00 TRACE 49472 --- [e-shop-backend] [http-nio-8080-exec-7] org.hibernate.orm.jdbc.bind              : binding parameter (1:BIGINT) <- [4]
2026-05-14T08:21:33.768+02:00 DEBUG 49472 --- [e-shop-backend] [http-nio-8080-exec-7] org.hibernate.SQL                        : select c1_0.id,c1_0.continent,c1_0.name from countries c1_0 where c1_0.id=?
2026-05-14T08:21:33.768+02:00 TRACE 49472 --- [e-shop-backend] [http-nio-8080-exec-7] org.hibernate.orm.jdbc.bind              : binding parameter (1:BIGINT) <- [5]
2026-05-14T08:21:34.479+02:00 DEBUG 49472 --- [e-shop-backend] [http-nio-8080-exec-6] org.hibernate.SQL                        : select a1_0.id,a1_0.country_id,a1_0.created_at,a1_0.name,a1_0.surname,a1_0.updated_at from authors a1_0
2026-05-14T08:21:34.481+02:00 DEBUG 49472 --- [e-shop-backend] [http-nio-8080-exec-8] org.hibernate.SQL                        : select b1_0.id,b1_0.author_id,a1_0.id,a1_0.country_id,c1_0.id,c1_0.continent,c1_0.name,a1_0.created_at,a1_0.name,a1_0.surname,a1_0.updated_at,b1_0.available_copies,b1_0.category,b1_0.created_at,b1_0.date_published,b1_0.name,b1_0.state,b1_0.updated_at from books b1_0 join authors a1_0 on a1_0.id=b1_0.author_id join countries c1_0 on c1_0.id=a1_0.country_id
2026-05-14T08:21:34.485+02:00 DEBUG 49472 --- [e-shop-backend] [http-nio-8080-exec-6] org.hibernate.SQL                        : select c1_0.id,c1_0.continent,c1_0.name from countries c1_0 where c1_0.id=?
2026-05-14T08:21:34.485+02:00 TRACE 49472 --- [e-shop-backend] [http-nio-8080-exec-6] org.hibernate.orm.jdbc.bind              : binding parameter (1:BIGINT) <- [1]
2026-05-14T08:21:34.489+02:00 DEBUG 49472 --- [e-shop-backend] [http-nio-8080-exec-6] org.hibernate.SQL                        : select c1_0.id,c1_0.continent,c1_0.name from countries c1_0 where c1_0.id=?
2026-05-14T08:21:34.489+02:00 TRACE 49472 --- [e-shop-backend] [http-nio-8080-exec-6] org.hibernate.orm.jdbc.bind              : binding parameter (1:BIGINT) <- [2]
2026-05-14T08:21:34.491+02:00 DEBUG 49472 --- [e-shop-backend] [http-nio-8080-exec-6] org.hibernate.SQL                        : select c1_0.id,c1_0.continent,c1_0.name from countries c1_0 where c1_0.id=?
2026-05-14T08:21:34.499+02:00 TRACE 49472 --- [e-shop-backend] [http-nio-8080-exec-6] org.hibernate.orm.jdbc.bind              : binding parameter (1:BIGINT) <- [3]
2026-05-14T08:21:34.501+02:00 DEBUG 49472 --- [e-shop-backend] [http-nio-8080-exec-6] org.hibernate.SQL                        : select c1_0.id,c1_0.continent,c1_0.name from countries c1_0 where c1_0.id=?
2026-05-14T08:21:34.501+02:00 TRACE 49472 --- [e-shop-backend] [http-nio-8080-exec-6] org.hibernate.orm.jdbc.bind              : binding parameter (1:BIGINT) <- [4]
2026-05-14T08:21:34.502+02:00 DEBUG 49472 --- [e-shop-backend] [http-nio-8080-exec-6] org.hibernate.SQL                        : select c1_0.id,c1_0.continent,c1_0.name from countries c1_0 where c1_0.id=?
2026-05-14T08:21:34.502+02:00 TRACE 49472 --- [e-shop-backend] [http-nio-8080-exec-6] org.hibernate.orm.jdbc.bind              : binding parameter (1:BIGINT) <- [5]
2026-05-14T08:21:34.503+02:00 DEBUG 49472 --- [e-shop-backend] [http-nio-8080-exec-3] org.hibernate.SQL                        : select b1_0.id,b1_0.author_id,a1_0.id,a1_0.country_id,c1_0.id,c1_0.continent,c1_0.name,a1_0.created_at,a1_0.name,a1_0.surname,a1_0.updated_at,b1_0.available_copies,b1_0.category,b1_0.created_at,b1_0.date_published,b1_0.name,b1_0.state,b1_0.updated_at from books b1_0 join authors a1_0 on a1_0.id=b1_0.author_id join countries c1_0 on c1_0.id=a1_0.country_id
2026-05-14T08:21:34.507+02:00 DEBUG 49472 --- [e-shop-backend] [http-nio-8080-exec-2] org.hibernate.SQL                        : select a1_0.id,a1_0.country_id,a1_0.created_at,a1_0.name,a1_0.surname,a1_0.updated_at from authors a1_0
2026-05-14T08:21:34.508+02:00 DEBUG 49472 --- [e-shop-backend] [http-nio-8080-exec-2] org.hibernate.SQL                        : select c1_0.id,c1_0.continent,c1_0.name from countries c1_0 where c1_0.id=?
2026-05-14T08:21:34.508+02:00 TRACE 49472 --- [e-shop-backend] [http-nio-8080-exec-2] org.hibernate.orm.jdbc.bind              : binding parameter (1:BIGINT) <- [1]
2026-05-14T08:21:34.509+02:00 DEBUG 49472 --- [e-shop-backend] [http-nio-8080-exec-2] org.hibernate.SQL                        : select c1_0.id,c1_0.continent,c1_0.name from countries c1_0 where c1_0.id=?
2026-05-14T08:21:34.509+02:00 TRACE 49472 --- [e-shop-backend] [http-nio-8080-exec-2] org.hibernate.orm.jdbc.bind              : binding parameter (1:BIGINT) <- [2]
2026-05-14T08:21:34.509+02:00 DEBUG 49472 --- [e-shop-backend] [http-nio-8080-exec-2] org.hibernate.SQL                        : select c1_0.id,c1_0.continent,c1_0.name from countries c1_0 where c1_0.id=?
2026-05-14T08:21:34.509+02:00 TRACE 49472 --- [e-shop-backend] [http-nio-8080-exec-2] org.hibernate.orm.jdbc.bind              : binding parameter (1:BIGINT) <- [3]
2026-05-14T08:21:34.510+02:00 DEBUG 49472 --- [e-shop-backend] [http-nio-8080-exec-2] org.hibernate.SQL                        : select c1_0.id,c1_0.continent,c1_0.name from countries c1_0 where c1_0.id=?
2026-05-14T08:21:34.510+02:00 TRACE 49472 --- [e-shop-backend] [http-nio-8080-exec-2] org.hibernate.orm.jdbc.bind              : binding parameter (1:BIGINT) <- [4]
2026-05-14T08:21:34.510+02:00 DEBUG 49472 --- [e-shop-backend] [http-nio-8080-exec-2] org.hibernate.SQL                        : select c1_0.id,c1_0.continent,c1_0.name from countries c1_0 where c1_0.id=?
2026-05-14T08:21:34.510+02:00 TRACE 49472 --- [e-shop-backend] [http-nio-8080-exec-2] org.hibernate.orm.jdbc.bind              : binding parameter (1:BIGINT) <- [5]
2026-05-14T08:21:35.147+02:00 DEBUG 49472 --- [e-shop-backend] [http-nio-8080-exec-9] org.hibernate.SQL                        : select c1_0.id,c1_0.continent,c1_0.name from countries c1_0
2026-05-14T08:21:35.156+02:00 DEBUG 49472 --- [e-shop-backend] [http-nio-8080-exec-1] org.hibernate.SQL                        : select c1_0.id,c1_0.continent,c1_0.name from countries c1_0
2026-05-14T08:21:35.888+02:00 DEBUG 49472 --- [e-shop-backend] [http-nio-8080-exec-10] org.hibernate.SQL                        : select a1_0.id,a1_0.country_id,a1_0.created_at,a1_0.name,a1_0.surname,a1_0.updated_at from authors a1_0
2026-05-14T08:21:35.890+02:00 DEBUG 49472 --- [e-shop-backend] [http-nio-8080-exec-10] org.hibernate.SQL                        : select c1_0.id,c1_0.continent,c1_0.name from countries c1_0 where c1_0.id=?
2026-05-14T08:21:35.891+02:00 TRACE 49472 --- [e-shop-backend] [http-nio-8080-exec-10] org.hibernate.orm.jdbc.bind              : binding parameter (1:BIGINT) <- [1]
2026-05-14T08:21:35.892+02:00 DEBUG 49472 --- [e-shop-backend] [http-nio-8080-exec-10] org.hibernate.SQL                        : select c1_0.id,c1_0.continent,c1_0.name from countries c1_0 where c1_0.id=?
2026-05-14T08:21:35.893+02:00 TRACE 49472 --- [e-shop-backend] [http-nio-8080-exec-10] org.hibernate.orm.jdbc.bind              : binding parameter (1:BIGINT) <- [2]
2026-05-14T08:21:35.894+02:00 DEBUG 49472 --- [e-shop-backend] [http-nio-8080-exec-10] org.hibernate.SQL                        : select c1_0.id,c1_0.continent,c1_0.name from countries c1_0 where c1_0.id=?
2026-05-14T08:21:35.894+02:00 TRACE 49472 --- [e-shop-backend] [http-nio-8080-exec-10] org.hibernate.orm.jdbc.bind              : binding parameter (1:BIGINT) <- [3]
2026-05-14T08:21:35.895+02:00 DEBUG 49472 --- [e-shop-backend] [http-nio-8080-exec-10] org.hibernate.SQL                        : select c1_0.id,c1_0.continent,c1_0.name from countries c1_0 where c1_0.id=?
2026-05-14T08:21:35.895+02:00 TRACE 49472 --- [e-shop-backend] [http-nio-8080-exec-10] org.hibernate.orm.jdbc.bind              : binding parameter (1:BIGINT) <- [4]
2026-05-14T08:21:35.896+02:00 DEBUG 49472 --- [e-shop-backend] [http-nio-8080-exec-10] org.hibernate.SQL                        : select c1_0.id,c1_0.continent,c1_0.name from countries c1_0 where c1_0.id=?
2026-05-14T08:21:35.897+02:00 TRACE 49472 --- [e-shop-backend] [http-nio-8080-exec-10] org.hibernate.orm.jdbc.bind              : binding parameter (1:BIGINT) <- [5]
2026-05-14T08:21:35.905+02:00 DEBUG 49472 --- [e-shop-backend] [http-nio-8080-exec-4] org.hibernate.SQL                        : select a1_0.id,a1_0.country_id,a1_0.created_at,a1_0.name,a1_0.surname,a1_0.updated_at from authors a1_0
2026-05-14T08:21:35.908+02:00 DEBUG 49472 --- [e-shop-backend] [http-nio-8080-exec-4] org.hibernate.SQL                        : select c1_0.id,c1_0.continent,c1_0.name from countries c1_0 where c1_0.id=?
2026-05-14T08:21:35.908+02:00 TRACE 49472 --- [e-shop-backend] [http-nio-8080-exec-4] org.hibernate.orm.jdbc.bind              : binding parameter (1:BIGINT) <- [1]
2026-05-14T08:21:35.910+02:00 DEBUG 49472 --- [e-shop-backend] [http-nio-8080-exec-4] org.hibernate.SQL                        : select c1_0.id,c1_0.continent,c1_0.name from countries c1_0 where c1_0.id=?
2026-05-14T08:21:35.910+02:00 TRACE 49472 --- [e-shop-backend] [http-nio-8080-exec-4] org.hibernate.orm.jdbc.bind              : binding parameter (1:BIGINT) <- [2]
2026-05-14T08:21:35.911+02:00 DEBUG 49472 --- [e-shop-backend] [http-nio-8080-exec-4] org.hibernate.SQL                        : select c1_0.id,c1_0.continent,c1_0.name from countries c1_0 where c1_0.id=?
2026-05-14T08:21:35.911+02:00 TRACE 49472 --- [e-shop-backend] [http-nio-8080-exec-4] org.hibernate.orm.jdbc.bind              : binding parameter (1:BIGINT) <- [3]
2026-05-14T08:21:35.912+02:00 DEBUG 49472 --- [e-shop-backend] [http-nio-8080-exec-4] org.hibernate.SQL                        : select c1_0.id,c1_0.continent,c1_0.name from countries c1_0 where c1_0.id=?
2026-05-14T08:21:35.912+02:00 TRACE 49472 --- [e-shop-backend] [http-nio-8080-exec-4] org.hibernate.orm.jdbc.bind              : binding parameter (1:BIGINT) <- [4]
2026-05-14T08:21:35.912+02:00 DEBUG 49472 --- [e-shop-backend] [http-nio-8080-exec-4] org.hibernate.SQL                        : select c1_0.id,c1_0.continent,c1_0.name from countries c1_0 where c1_0.id=?
2026-05-14T08:21:35.912+02:00 TRACE 49472 --- [e-shop-backend] [http-nio-8080-exec-4] org.hibernate.orm.jdbc.bind              : binding parameter (1:BIGINT) <- [5]
2026-05-14T08:21:36.878+02:00 DEBUG 49472 --- [e-shop-backend] [http-nio-8080-exec-5] org.hibernate.SQL                        : select a1_0.id,a1_0.country_id,a1_0.created_at,a1_0.name,a1_0.surname,a1_0.updated_at from authors a1_0
2026-05-14T08:21:36.878+02:00 DEBUG 49472 --- [e-shop-backend] [http-nio-8080-exec-7] org.hibernate.SQL                        : select b1_0.id,b1_0.author_id,a1_0.id,a1_0.country_id,c1_0.id,c1_0.continent,c1_0.name,a1_0.created_at,a1_0.name,a1_0.surname,a1_0.updated_at,b1_0.available_copies,b1_0.category,b1_0.created_at,b1_0.date_published,b1_0.name,b1_0.state,b1_0.updated_at from books b1_0 join authors a1_0 on a1_0.id=b1_0.author_id join countries c1_0 on c1_0.id=a1_0.country_id
2026-05-14T08:21:36.881+02:00 DEBUG 49472 --- [e-shop-backend] [http-nio-8080-exec-5] org.hibernate.SQL                        : select c1_0.id,c1_0.continent,c1_0.name from countries c1_0 where c1_0.id=?
2026-05-14T08:21:36.881+02:00 TRACE 49472 --- [e-shop-backend] [http-nio-8080-exec-5] org.hibernate.orm.jdbc.bind              : binding parameter (1:BIGINT) <- [1]
2026-05-14T08:21:36.882+02:00 DEBUG 49472 --- [e-shop-backend] [http-nio-8080-exec-5] org.hibernate.SQL                        : select c1_0.id,c1_0.continent,c1_0.name from countries c1_0 where c1_0.id=?
2026-05-14T08:21:36.883+02:00 TRACE 49472 --- [e-shop-backend] [http-nio-8080-exec-5] org.hibernate.orm.jdbc.bind              : binding parameter (1:BIGINT) <- [2]
2026-05-14T08:21:36.884+02:00 DEBUG 49472 --- [e-shop-backend] [http-nio-8080-exec-5] org.hibernate.SQL                        : select c1_0.id,c1_0.continent,c1_0.name from countries c1_0 where c1_0.id=?
2026-05-14T08:21:36.884+02:00 TRACE 49472 --- [e-shop-backend] [http-nio-8080-exec-5] org.hibernate.orm.jdbc.bind              : binding parameter (1:BIGINT) <- [3]
2026-05-14T08:21:36.885+02:00 DEBUG 49472 --- [e-shop-backend] [http-nio-8080-exec-5] org.hibernate.SQL                        : select c1_0.id,c1_0.continent,c1_0.name from countries c1_0 where c1_0.id=?
2026-05-14T08:21:36.886+02:00 TRACE 49472 --- [e-shop-backend] [http-nio-8080-exec-5] org.hibernate.orm.jdbc.bind              : binding parameter (1:BIGINT) <- [4]
2026-05-14T08:21:36.887+02:00 DEBUG 49472 --- [e-shop-backend] [http-nio-8080-exec-5] org.hibernate.SQL                        : select c1_0.id,c1_0.continent,c1_0.name from countries c1_0 where c1_0.id=?
2026-05-14T08:21:36.887+02:00 TRACE 49472 --- [e-shop-backend] [http-nio-8080-exec-5] org.hibernate.orm.jdbc.bind              : binding parameter (1:BIGINT) <- [5]
2026-05-14T08:21:36.890+02:00 DEBUG 49472 --- [e-shop-backend] [http-nio-8080-exec-8] org.hibernate.SQL                        : select b1_0.id,b1_0.author_id,a1_0.id,a1_0.country_id,c1_0.id,c1_0.continent,c1_0.name,a1_0.created_at,a1_0.name,a1_0.surname,a1_0.updated_at,b1_0.available_copies,b1_0.category,b1_0.created_at,b1_0.date_published,b1_0.name,b1_0.state,b1_0.updated_at from books b1_0 join authors a1_0 on a1_0.id=b1_0.author_id join countries c1_0 on c1_0.id=a1_0.country_id
2026-05-14T08:21:36.894+02:00 DEBUG 49472 --- [e-shop-backend] [http-nio-8080-exec-6] org.hibernate.SQL                        : select a1_0.id,a1_0.country_id,a1_0.created_at,a1_0.name,a1_0.surname,a1_0.updated_at from authors a1_0
2026-05-14T08:21:36.895+02:00 DEBUG 49472 --- [e-shop-backend] [http-nio-8080-exec-6] org.hibernate.SQL                        : select c1_0.id,c1_0.continent,c1_0.name from countries c1_0 where c1_0.id=?
2026-05-14T08:21:36.895+02:00 TRACE 49472 --- [e-shop-backend] [http-nio-8080-exec-6] org.hibernate.orm.jdbc.bind              : binding parameter (1:BIGINT) <- [1]
2026-05-14T08:21:36.896+02:00 DEBUG 49472 --- [e-shop-backend] [http-nio-8080-exec-6] org.hibernate.SQL                        : select c1_0.id,c1_0.continent,c1_0.name from countries c1_0 where c1_0.id=?
2026-05-14T08:21:36.896+02:00 TRACE 49472 --- [e-shop-backend] [http-nio-8080-exec-6] org.hibernate.orm.jdbc.bind              : binding parameter (1:BIGINT) <- [2]
2026-05-14T08:21:36.896+02:00 DEBUG 49472 --- [e-shop-backend] [http-nio-8080-exec-6] org.hibernate.SQL                        : select c1_0.id,c1_0.continent,c1_0.name from countries c1_0 where c1_0.id=?
2026-05-14T08:21:36.897+02:00 TRACE 49472 --- [e-shop-backend] [http-nio-8080-exec-6] org.hibernate.orm.jdbc.bind              : binding parameter (1:BIGINT) <- [3]
2026-05-14T08:21:36.897+02:00 DEBUG 49472 --- [e-shop-backend] [http-nio-8080-exec-6] org.hibernate.SQL                        : select c1_0.id,c1_0.continent,c1_0.name from countries c1_0 where c1_0.id=?
2026-05-14T08:21:36.897+02:00 TRACE 49472 --- [e-shop-backend] [http-nio-8080-exec-6] org.hibernate.orm.jdbc.bind              : binding parameter (1:BIGINT) <- [4]
2026-05-14T08:21:36.898+02:00 DEBUG 49472 --- [e-shop-backend] [http-nio-8080-exec-6] org.hibernate.SQL                        : select c1_0.id,c1_0.continent,c1_0.name from countries c1_0 where c1_0.id=?
2026-05-14T08:21:36.898+02:00 TRACE 49472 --- [e-shop-backend] [http-nio-8080-exec-6] org.hibernate.orm.jdbc.bind              : binding parameter (1:BIGINT) <- [5]
2026-05-14T08:22:00.003+02:00  INFO 49472 --- [e-shop-backend] [scheduling-1] c.e.e.j.MaterializedViewRefreshScheduler : Refreshing BOOKS_STATS_MV...
2026-05-14T08:22:00.004+02:00 DEBUG 49472 --- [e-shop-backend] [scheduling-1] org.hibernate.SQL                        : refresh materialized view books_stats_view
2026-05-14T08:22:00.008+02:00  INFO 49472 --- [e-shop-backend] [scheduling-1] c.e.e.j.MaterializedViewRefreshScheduler : BOOKS_STATS_MV successfully refreshed.
2026-05-14T08:23:00.004+02:00  INFO 49472 --- [e-shop-backend] [scheduling-1] c.e.e.j.MaterializedViewRefreshScheduler : Refreshing BOOKS_STATS_MV...
2026-05-14T08:23:00.005+02:00 DEBUG 49472 --- [e-shop-backend] [scheduling-1] org.hibernate.SQL                        : refresh materialized view books_stats_view
2026-05-14T08:23:00.009+02:00  INFO 49472 --- [e-shop-backend] [scheduling-1] c.e.e.j.MaterializedViewRefreshScheduler : BOOKS_STATS_MV successfully refreshed.
2026-05-14T08:24:00.002+02:00  INFO 49472 --- [e-shop-backend] [scheduling-1] c.e.e.j.MaterializedViewRefreshScheduler : Refreshing BOOKS_STATS_MV...
2026-05-14T08:24:00.003+02:00 DEBUG 49472 --- [e-shop-backend] [scheduling-1] org.hibernate.SQL                        : refresh materialized view books_stats_view
2026-05-14T08:24:00.005+02:00  INFO 49472 --- [e-shop-backend] [scheduling-1] c.e.e.j.MaterializedViewRefreshScheduler : BOOKS_STATS_MV successfully refreshed.
2026-05-14T08:25:00.009+02:00  INFO 49472 --- [e-shop-backend] [scheduling-1] c.e.e.j.MaterializedViewRefreshScheduler : Refreshing BOOKS_STATS_MV...
2026-05-14T08:25:00.016+02:00 DEBUG 49472 --- [e-shop-backend] [scheduling-1] org.hibernate.SQL                        : refresh materialized view books_stats_view
2026-05-14T08:25:00.023+02:00  INFO 49472 --- [e-shop-backend] [scheduling-1] c.e.e.j.MaterializedViewRefreshScheduler : BOOKS_STATS_MV successfully refreshed.
2026-05-14T08:26:00.002+02:00  INFO 49472 --- [e-shop-backend] [scheduling-1] c.e.e.j.MaterializedViewRefreshScheduler : Refreshing BOOKS_STATS_MV...
2026-05-14T08:26:00.003+02:00 DEBUG 49472 --- [e-shop-backend] [scheduling-1] org.hibernate.SQL                        : refresh materialized view books_stats_view
2026-05-14T08:26:00.005+02:00  INFO 49472 --- [e-shop-backend] [scheduling-1] c.e.e.j.MaterializedViewRefreshScheduler : BOOKS_STATS_MV successfully refreshed.
2026-05-14T08:26:30.593+02:00 DEBUG 49472 --- [e-shop-backend] [http-nio-8080-exec-10] org.hibernate.SQL                        : select u1_0.id from users u1_0 where u1_0.username=? fetch first ? rows only
2026-05-14T08:26:30.595+02:00 TRACE 49472 --- [e-shop-backend] [http-nio-8080-exec-10] org.hibernate.orm.jdbc.bind              : binding parameter (1:VARCHAR) <- [trajce]
2026-05-14T08:26:30.595+02:00 TRACE 49472 --- [e-shop-backend] [http-nio-8080-exec-10] org.hibernate.orm.jdbc.bind              : binding parameter (2:INTEGER) <- [1]
2026-05-14T08:26:30.688+02:00 DEBUG 49472 --- [e-shop-backend] [http-nio-8080-exec-10] org.hibernate.SQL                        : insert into users (created_at,email,name,password,role,surname,updated_at,username) values (?,?,?,?,?,?,?,?)
2026-05-14T08:26:30.689+02:00 TRACE 49472 --- [e-shop-backend] [http-nio-8080-exec-10] org.hibernate.orm.jdbc.bind              : binding parameter (1:TIMESTAMP) <- [2026-05-14T08:26:30.678393]
2026-05-14T08:26:30.691+02:00 TRACE 49472 --- [e-shop-backend] [http-nio-8080-exec-10] org.hibernate.orm.jdbc.bind              : binding parameter (2:VARCHAR) <- [email]
2026-05-14T08:26:30.691+02:00 TRACE 49472 --- [e-shop-backend] [http-nio-8080-exec-10] org.hibernate.orm.jdbc.bind              : binding parameter (3:VARCHAR) <- [Trajce]
2026-05-14T08:26:30.691+02:00 TRACE 49472 --- [e-shop-backend] [http-nio-8080-exec-10] org.hibernate.orm.jdbc.bind              : binding parameter (4:VARCHAR) <- [$2a$10$Vig37FobNn0i6hyCl3eC/.RsMU0cguorH1A.nJyfRcpSZIAXmQQgK]
2026-05-14T08:26:30.691+02:00 TRACE 49472 --- [e-shop-backend] [http-nio-8080-exec-10] org.hibernate.orm.jdbc.bind              : binding parameter (5:VARCHAR) <- [ROLE_USER]
2026-05-14T08:26:30.691+02:00 TRACE 49472 --- [e-shop-backend] [http-nio-8080-exec-10] org.hibernate.orm.jdbc.bind              : binding parameter (6:VARCHAR) <- [Kostadinov]
2026-05-14T08:26:30.691+02:00 TRACE 49472 --- [e-shop-backend] [http-nio-8080-exec-10] org.hibernate.orm.jdbc.bind              : binding parameter (7:TIMESTAMP) <- [2026-05-14T08:26:30.678393]
2026-05-14T08:26:30.691+02:00 TRACE 49472 --- [e-shop-backend] [http-nio-8080-exec-10] org.hibernate.orm.jdbc.bind              : binding parameter (8:VARCHAR) <- [trajce]
2026-05-14T08:26:38.337+02:00 DEBUG 49472 --- [e-shop-backend] [http-nio-8080-exec-7] org.hibernate.SQL                        : select u1_0.id,u1_0.created_at,u1_0.email,u1_0.name,u1_0.password,u1_0.role,u1_0.surname,u1_0.updated_at,u1_0.username from users u1_0 where u1_0.username=?
2026-05-14T08:26:38.339+02:00 TRACE 49472 --- [e-shop-backend] [http-nio-8080-exec-7] org.hibernate.orm.jdbc.bind              : binding parameter (1:VARCHAR) <- [trajce]
2026-05-14T08:26:38.348+02:00 DEBUG 49472 --- [e-shop-backend] [http-nio-8080-exec-7] org.hibernate.SQL                        : select sc1_0.id,sc1_0.created_at,sc1_0.updated_at,sc1_0.user_id from shopping_carts sc1_0 where sc1_0.user_id=?
2026-05-14T08:26:38.348+02:00 TRACE 49472 --- [e-shop-backend] [http-nio-8080-exec-7] org.hibernate.orm.jdbc.bind              : binding parameter (1:BIGINT) <- [6]
2026-05-14T08:26:38.476+02:00 DEBUG 49472 --- [e-shop-backend] [http-nio-8080-exec-8] org.hibernate.SQL                        : select u1_0.id,u1_0.created_at,u1_0.email,u1_0.name,u1_0.password,u1_0.role,u1_0.surname,u1_0.updated_at,u1_0.username from users u1_0 where u1_0.username=?
2026-05-14T08:26:38.476+02:00 TRACE 49472 --- [e-shop-backend] [http-nio-8080-exec-8] org.hibernate.orm.jdbc.bind              : binding parameter (1:VARCHAR) <- [trajce]
2026-05-14T08:26:38.477+02:00 DEBUG 49472 --- [e-shop-backend] [http-nio-8080-exec-8] org.hibernate.SQL                        : select sc1_0.id,sc1_0.created_at,sc1_0.updated_at,sc1_0.user_id from shopping_carts sc1_0 where sc1_0.user_id=?
2026-05-14T08:26:38.477+02:00 TRACE 49472 --- [e-shop-backend] [http-nio-8080-exec-8] org.hibernate.orm.jdbc.bind              : binding parameter (1:BIGINT) <- [6]
2026-05-14T08:26:38.480+02:00 DEBUG 49472 --- [e-shop-backend] [http-nio-8080-exec-8] org.hibernate.SQL                        : select u1_0.id,u1_0.created_at,u1_0.email,u1_0.name,u1_0.password,u1_0.role,u1_0.surname,u1_0.updated_at,u1_0.username from users u1_0 where u1_0.username=?
2026-05-14T08:26:38.480+02:00 TRACE 49472 --- [e-shop-backend] [http-nio-8080-exec-8] org.hibernate.orm.jdbc.bind              : binding parameter (1:VARCHAR) <- [trajce]
2026-05-14T08:26:38.481+02:00 DEBUG 49472 --- [e-shop-backend] [http-nio-8080-exec-8] org.hibernate.SQL                        : select sc1_0.id,sc1_0.created_at,sc1_0.updated_at,sc1_0.user_id from shopping_carts sc1_0 where sc1_0.user_id=?
2026-05-14T08:26:38.481+02:00 TRACE 49472 --- [e-shop-backend] [http-nio-8080-exec-8] org.hibernate.orm.jdbc.bind              : binding parameter (1:BIGINT) <- [6]
2026-05-14T08:26:44.376+02:00 DEBUG 49472 --- [e-shop-backend] [http-nio-8080-exec-10] org.hibernate.SQL                        : select u1_0.id,u1_0.created_at,u1_0.email,u1_0.name,u1_0.password,u1_0.role,u1_0.surname,u1_0.updated_at,u1_0.username from users u1_0 where u1_0.username=?
2026-05-14T08:26:44.376+02:00 DEBUG 49472 --- [e-shop-backend] [http-nio-8080-exec-1] org.hibernate.SQL                        : select u1_0.id,u1_0.created_at,u1_0.email,u1_0.name,u1_0.password,u1_0.role,u1_0.surname,u1_0.updated_at,u1_0.username from users u1_0 where u1_0.username=?
2026-05-14T08:26:44.379+02:00 TRACE 49472 --- [e-shop-backend] [http-nio-8080-exec-10] org.hibernate.orm.jdbc.bind              : binding parameter (1:VARCHAR) <- [trajce]
2026-05-14T08:26:44.379+02:00 TRACE 49472 --- [e-shop-backend] [http-nio-8080-exec-1] org.hibernate.orm.jdbc.bind              : binding parameter (1:VARCHAR) <- [trajce]
2026-05-14T08:26:44.381+02:00 DEBUG 49472 --- [e-shop-backend] [http-nio-8080-exec-1] org.hibernate.SQL                        : select sc1_0.id,sc1_0.created_at,sc1_0.updated_at,sc1_0.user_id from shopping_carts sc1_0 where sc1_0.user_id=?
2026-05-14T08:26:44.381+02:00 DEBUG 49472 --- [e-shop-backend] [http-nio-8080-exec-10] org.hibernate.SQL                        : select sc1_0.id,sc1_0.created_at,sc1_0.updated_at,sc1_0.user_id from shopping_carts sc1_0 where sc1_0.user_id=?
2026-05-14T08:26:44.381+02:00 TRACE 49472 --- [e-shop-backend] [http-nio-8080-exec-1] org.hibernate.orm.jdbc.bind              : binding parameter (1:BIGINT) <- [6]
2026-05-14T08:26:44.381+02:00 TRACE 49472 --- [e-shop-backend] [http-nio-8080-exec-10] org.hibernate.orm.jdbc.bind              : binding parameter (1:BIGINT) <- [6]
2026-05-14T08:26:44.387+02:00 DEBUG 49472 --- [e-shop-backend] [http-nio-8080-exec-10] org.hibernate.SQL                        : select a1_0.id,a1_0.country_id,a1_0.created_at,a1_0.name,a1_0.surname,a1_0.updated_at from authors a1_0
2026-05-14T08:26:44.387+02:00 DEBUG 49472 --- [e-shop-backend] [http-nio-8080-exec-1] org.hibernate.SQL                        : select b1_0.id,b1_0.author_id,a1_0.id,a1_0.country_id,c1_0.id,c1_0.continent,c1_0.name,a1_0.created_at,a1_0.name,a1_0.surname,a1_0.updated_at,b1_0.available_copies,b1_0.category,b1_0.created_at,b1_0.date_published,b1_0.name,b1_0.state,b1_0.updated_at from books b1_0 join authors a1_0 on a1_0.id=b1_0.author_id join countries c1_0 on c1_0.id=a1_0.country_id
2026-05-14T08:26:44.389+02:00 DEBUG 49472 --- [e-shop-backend] [http-nio-8080-exec-10] org.hibernate.SQL                        : select c1_0.id,c1_0.continent,c1_0.name from countries c1_0 where c1_0.id=?
2026-05-14T08:26:44.390+02:00 TRACE 49472 --- [e-shop-backend] [http-nio-8080-exec-10] org.hibernate.orm.jdbc.bind              : binding parameter (1:BIGINT) <- [1]
2026-05-14T08:26:44.391+02:00 DEBUG 49472 --- [e-shop-backend] [http-nio-8080-exec-10] org.hibernate.SQL                        : select c1_0.id,c1_0.continent,c1_0.name from countries c1_0 where c1_0.id=?
2026-05-14T08:26:44.391+02:00 TRACE 49472 --- [e-shop-backend] [http-nio-8080-exec-10] org.hibernate.orm.jdbc.bind              : binding parameter (1:BIGINT) <- [2]
2026-05-14T08:26:44.391+02:00 DEBUG 49472 --- [e-shop-backend] [http-nio-8080-exec-10] org.hibernate.SQL                        : select c1_0.id,c1_0.continent,c1_0.name from countries c1_0 where c1_0.id=?
2026-05-14T08:26:44.391+02:00 TRACE 49472 --- [e-shop-backend] [http-nio-8080-exec-10] org.hibernate.orm.jdbc.bind              : binding parameter (1:BIGINT) <- [3]
2026-05-14T08:26:44.392+02:00 DEBUG 49472 --- [e-shop-backend] [http-nio-8080-exec-10] org.hibernate.SQL                        : select c1_0.id,c1_0.continent,c1_0.name from countries c1_0 where c1_0.id=?
2026-05-14T08:26:44.392+02:00 TRACE 49472 --- [e-shop-backend] [http-nio-8080-exec-10] org.hibernate.orm.jdbc.bind              : binding parameter (1:BIGINT) <- [4]
2026-05-14T08:26:44.393+02:00 DEBUG 49472 --- [e-shop-backend] [http-nio-8080-exec-10] org.hibernate.SQL                        : select c1_0.id,c1_0.continent,c1_0.name from countries c1_0 where c1_0.id=?
2026-05-14T08:26:44.393+02:00 TRACE 49472 --- [e-shop-backend] [http-nio-8080-exec-10] org.hibernate.orm.jdbc.bind              : binding parameter (1:BIGINT) <- [5]
2026-05-14T08:26:44.394+02:00 DEBUG 49472 --- [e-shop-backend] [http-nio-8080-exec-4] org.hibernate.SQL                        : select u1_0.id,u1_0.created_at,u1_0.email,u1_0.name,u1_0.password,u1_0.role,u1_0.surname,u1_0.updated_at,u1_0.username from users u1_0 where u1_0.username=?
2026-05-14T08:26:44.394+02:00 TRACE 49472 --- [e-shop-backend] [http-nio-8080-exec-4] org.hibernate.orm.jdbc.bind              : binding parameter (1:VARCHAR) <- [trajce]
2026-05-14T08:26:44.394+02:00 DEBUG 49472 --- [e-shop-backend] [http-nio-8080-exec-4] org.hibernate.SQL                        : select sc1_0.id,sc1_0.created_at,sc1_0.updated_at,sc1_0.user_id from shopping_carts sc1_0 where sc1_0.user_id=?
2026-05-14T08:26:44.394+02:00 TRACE 49472 --- [e-shop-backend] [http-nio-8080-exec-4] org.hibernate.orm.jdbc.bind              : binding parameter (1:BIGINT) <- [6]
2026-05-14T08:26:44.396+02:00 DEBUG 49472 --- [e-shop-backend] [http-nio-8080-exec-7] org.hibernate.SQL                        : select u1_0.id,u1_0.created_at,u1_0.email,u1_0.name,u1_0.password,u1_0.role,u1_0.surname,u1_0.updated_at,u1_0.username from users u1_0 where u1_0.username=?
2026-05-14T08:26:44.396+02:00 TRACE 49472 --- [e-shop-backend] [http-nio-8080-exec-7] org.hibernate.orm.jdbc.bind              : binding parameter (1:VARCHAR) <- [trajce]
2026-05-14T08:26:44.397+02:00 DEBUG 49472 --- [e-shop-backend] [http-nio-8080-exec-7] org.hibernate.SQL                        : select sc1_0.id,sc1_0.created_at,sc1_0.updated_at,sc1_0.user_id from shopping_carts sc1_0 where sc1_0.user_id=?
2026-05-14T08:26:44.397+02:00 TRACE 49472 --- [e-shop-backend] [http-nio-8080-exec-7] org.hibernate.orm.jdbc.bind              : binding parameter (1:BIGINT) <- [6]
2026-05-14T08:26:44.397+02:00 DEBUG 49472 --- [e-shop-backend] [http-nio-8080-exec-4] org.hibernate.SQL                        : select b1_0.id,b1_0.author_id,a1_0.id,a1_0.country_id,c1_0.id,c1_0.continent,c1_0.name,a1_0.created_at,a1_0.name,a1_0.surname,a1_0.updated_at,b1_0.available_copies,b1_0.category,b1_0.created_at,b1_0.date_published,b1_0.name,b1_0.state,b1_0.updated_at from books b1_0 join authors a1_0 on a1_0.id=b1_0.author_id join countries c1_0 on c1_0.id=a1_0.country_id
2026-05-14T08:26:44.399+02:00 DEBUG 49472 --- [e-shop-backend] [http-nio-8080-exec-7] org.hibernate.SQL                        : select a1_0.id,a1_0.country_id,a1_0.created_at,a1_0.name,a1_0.surname,a1_0.updated_at from authors a1_0
2026-05-14T08:26:44.400+02:00 DEBUG 49472 --- [e-shop-backend] [http-nio-8080-exec-7] org.hibernate.SQL                        : select c1_0.id,c1_0.continent,c1_0.name from countries c1_0 where c1_0.id=?
2026-05-14T08:26:44.400+02:00 TRACE 49472 --- [e-shop-backend] [http-nio-8080-exec-7] org.hibernate.orm.jdbc.bind              : binding parameter (1:BIGINT) <- [1]
2026-05-14T08:26:44.400+02:00 DEBUG 49472 --- [e-shop-backend] [http-nio-8080-exec-7] org.hibernate.SQL                        : select c1_0.id,c1_0.continent,c1_0.name from countries c1_0 where c1_0.id=?
2026-05-14T08:26:44.400+02:00 TRACE 49472 --- [e-shop-backend] [http-nio-8080-exec-7] org.hibernate.orm.jdbc.bind              : binding parameter (1:BIGINT) <- [2]
2026-05-14T08:26:44.401+02:00 DEBUG 49472 --- [e-shop-backend] [http-nio-8080-exec-7] org.hibernate.SQL                        : select c1_0.id,c1_0.continent,c1_0.name from countries c1_0 where c1_0.id=?
2026-05-14T08:26:44.401+02:00 TRACE 49472 --- [e-shop-backend] [http-nio-8080-exec-7] org.hibernate.orm.jdbc.bind              : binding parameter (1:BIGINT) <- [3]
2026-05-14T08:26:44.401+02:00 DEBUG 49472 --- [e-shop-backend] [http-nio-8080-exec-7] org.hibernate.SQL                        : select c1_0.id,c1_0.continent,c1_0.name from countries c1_0 where c1_0.id=?
2026-05-14T08:26:44.401+02:00 TRACE 49472 --- [e-shop-backend] [http-nio-8080-exec-7] org.hibernate.orm.jdbc.bind              : binding parameter (1:BIGINT) <- [4]
2026-05-14T08:26:44.402+02:00 DEBUG 49472 --- [e-shop-backend] [http-nio-8080-exec-7] org.hibernate.SQL                        : select c1_0.id,c1_0.continent,c1_0.name from countries c1_0 where c1_0.id=?
2026-05-14T08:26:44.402+02:00 TRACE 49472 --- [e-shop-backend] [http-nio-8080-exec-7] org.hibernate.orm.jdbc.bind              : binding parameter (1:BIGINT) <- [5]
2026-05-14T08:26:48.590+02:00 DEBUG 49472 --- [e-shop-backend] [http-nio-8080-exec-5] org.hibernate.SQL                        : select u1_0.id,u1_0.created_at,u1_0.email,u1_0.name,u1_0.password,u1_0.role,u1_0.surname,u1_0.updated_at,u1_0.username from users u1_0 where u1_0.username=?
2026-05-14T08:26:48.592+02:00 TRACE 49472 --- [e-shop-backend] [http-nio-8080-exec-5] org.hibernate.orm.jdbc.bind              : binding parameter (1:VARCHAR) <- [trajce]
2026-05-14T08:26:48.594+02:00 DEBUG 49472 --- [e-shop-backend] [http-nio-8080-exec-5] org.hibernate.SQL                        : select sc1_0.id,sc1_0.created_at,sc1_0.updated_at,sc1_0.user_id from shopping_carts sc1_0 where sc1_0.user_id=?
2026-05-14T08:26:48.594+02:00 TRACE 49472 --- [e-shop-backend] [http-nio-8080-exec-5] org.hibernate.orm.jdbc.bind              : binding parameter (1:BIGINT) <- [6]
2026-05-14T08:26:48.599+02:00 DEBUG 49472 --- [e-shop-backend] [http-nio-8080-exec-5] org.hibernate.SQL                        : select a1_0.id,a1_0.country_id,a1_0.created_at,a1_0.name,a1_0.surname,a1_0.updated_at from authors a1_0
2026-05-14T08:26:48.601+02:00 DEBUG 49472 --- [e-shop-backend] [http-nio-8080-exec-5] org.hibernate.SQL                        : select c1_0.id,c1_0.continent,c1_0.name from countries c1_0 where c1_0.id=?
2026-05-14T08:26:48.601+02:00 TRACE 49472 --- [e-shop-backend] [http-nio-8080-exec-5] org.hibernate.orm.jdbc.bind              : binding parameter (1:BIGINT) <- [1]
2026-05-14T08:26:48.603+02:00 DEBUG 49472 --- [e-shop-backend] [http-nio-8080-exec-5] org.hibernate.SQL                        : select c1_0.id,c1_0.continent,c1_0.name from countries c1_0 where c1_0.id=?
2026-05-14T08:26:48.603+02:00 TRACE 49472 --- [e-shop-backend] [http-nio-8080-exec-5] org.hibernate.orm.jdbc.bind              : binding parameter (1:BIGINT) <- [2]
2026-05-14T08:26:48.604+02:00 DEBUG 49472 --- [e-shop-backend] [http-nio-8080-exec-5] org.hibernate.SQL                        : select c1_0.id,c1_0.continent,c1_0.name from countries c1_0 where c1_0.id=?
2026-05-14T08:26:48.604+02:00 TRACE 49472 --- [e-shop-backend] [http-nio-8080-exec-5] org.hibernate.orm.jdbc.bind              : binding parameter (1:BIGINT) <- [3]
2026-05-14T08:26:48.605+02:00 DEBUG 49472 --- [e-shop-backend] [http-nio-8080-exec-5] org.hibernate.SQL                        : select c1_0.id,c1_0.continent,c1_0.name from countries c1_0 where c1_0.id=?
2026-05-14T08:26:48.606+02:00 TRACE 49472 --- [e-shop-backend] [http-nio-8080-exec-5] org.hibernate.orm.jdbc.bind              : binding parameter (1:BIGINT) <- [4]
2026-05-14T08:26:48.607+02:00 DEBUG 49472 --- [e-shop-backend] [http-nio-8080-exec-5] org.hibernate.SQL                        : select c1_0.id,c1_0.continent,c1_0.name from countries c1_0 where c1_0.id=?
2026-05-14T08:26:48.607+02:00 TRACE 49472 --- [e-shop-backend] [http-nio-8080-exec-5] org.hibernate.orm.jdbc.bind              : binding parameter (1:BIGINT) <- [5]
2026-05-14T08:26:48.613+02:00 DEBUG 49472 --- [e-shop-backend] [http-nio-8080-exec-8] org.hibernate.SQL                        : select u1_0.id,u1_0.created_at,u1_0.email,u1_0.name,u1_0.password,u1_0.role,u1_0.surname,u1_0.updated_at,u1_0.username from users u1_0 where u1_0.username=?
2026-05-14T08:26:48.614+02:00 TRACE 49472 --- [e-shop-backend] [http-nio-8080-exec-8] org.hibernate.orm.jdbc.bind              : binding parameter (1:VARCHAR) <- [trajce]
2026-05-14T08:26:48.615+02:00 DEBUG 49472 --- [e-shop-backend] [http-nio-8080-exec-8] org.hibernate.SQL                        : select sc1_0.id,sc1_0.created_at,sc1_0.updated_at,sc1_0.user_id from shopping_carts sc1_0 where sc1_0.user_id=?
2026-05-14T08:26:48.615+02:00 TRACE 49472 --- [e-shop-backend] [http-nio-8080-exec-8] org.hibernate.orm.jdbc.bind              : binding parameter (1:BIGINT) <- [6]
2026-05-14T08:26:48.618+02:00 DEBUG 49472 --- [e-shop-backend] [http-nio-8080-exec-8] org.hibernate.SQL                        : select a1_0.id,a1_0.country_id,a1_0.created_at,a1_0.name,a1_0.surname,a1_0.updated_at from authors a1_0
2026-05-14T08:26:48.619+02:00 DEBUG 49472 --- [e-shop-backend] [http-nio-8080-exec-8] org.hibernate.SQL                        : select c1_0.id,c1_0.continent,c1_0.name from countries c1_0 where c1_0.id=?
2026-05-14T08:26:48.619+02:00 TRACE 49472 --- [e-shop-backend] [http-nio-8080-exec-8] org.hibernate.orm.jdbc.bind              : binding parameter (1:BIGINT) <- [1]
2026-05-14T08:26:48.620+02:00 DEBUG 49472 --- [e-shop-backend] [http-nio-8080-exec-8] org.hibernate.SQL                        : select c1_0.id,c1_0.continent,c1_0.name from countries c1_0 where c1_0.id=?
2026-05-14T08:26:48.620+02:00 TRACE 49472 --- [e-shop-backend] [http-nio-8080-exec-8] org.hibernate.orm.jdbc.bind              : binding parameter (1:BIGINT) <- [2]
2026-05-14T08:26:48.621+02:00 DEBUG 49472 --- [e-shop-backend] [http-nio-8080-exec-8] org.hibernate.SQL                        : select c1_0.id,c1_0.continent,c1_0.name from countries c1_0 where c1_0.id=?
2026-05-14T08:26:48.621+02:00 TRACE 49472 --- [e-shop-backend] [http-nio-8080-exec-8] org.hibernate.orm.jdbc.bind              : binding parameter (1:BIGINT) <- [3]
2026-05-14T08:26:48.622+02:00 DEBUG 49472 --- [e-shop-backend] [http-nio-8080-exec-8] org.hibernate.SQL                        : select c1_0.id,c1_0.continent,c1_0.name from countries c1_0 where c1_0.id=?
2026-05-14T08:26:48.622+02:00 TRACE 49472 --- [e-shop-backend] [http-nio-8080-exec-8] org.hibernate.orm.jdbc.bind              : binding parameter (1:BIGINT) <- [4]
2026-05-14T08:26:48.622+02:00 DEBUG 49472 --- [e-shop-backend] [http-nio-8080-exec-8] org.hibernate.SQL                        : select c1_0.id,c1_0.continent,c1_0.name from countries c1_0 where c1_0.id=?
2026-05-14T08:26:48.623+02:00 TRACE 49472 --- [e-shop-backend] [http-nio-8080-exec-8] org.hibernate.orm.jdbc.bind              : binding parameter (1:BIGINT) <- [5]
2026-05-14T08:26:49.185+02:00 DEBUG 49472 --- [e-shop-backend] [http-nio-8080-exec-2] org.hibernate.SQL                        : select u1_0.id,u1_0.created_at,u1_0.email,u1_0.name,u1_0.password,u1_0.role,u1_0.surname,u1_0.updated_at,u1_0.username from users u1_0 where u1_0.username=?
2026-05-14T08:26:49.186+02:00 TRACE 49472 --- [e-shop-backend] [http-nio-8080-exec-2] org.hibernate.orm.jdbc.bind              : binding parameter (1:VARCHAR) <- [trajce]
2026-05-14T08:26:49.187+02:00 DEBUG 49472 --- [e-shop-backend] [http-nio-8080-exec-2] org.hibernate.SQL                        : select sc1_0.id,sc1_0.created_at,sc1_0.updated_at,sc1_0.user_id from shopping_carts sc1_0 where sc1_0.user_id=?
2026-05-14T08:26:49.187+02:00 TRACE 49472 --- [e-shop-backend] [http-nio-8080-exec-2] org.hibernate.orm.jdbc.bind              : binding parameter (1:BIGINT) <- [6]
2026-05-14T08:26:49.191+02:00 DEBUG 49472 --- [e-shop-backend] [http-nio-8080-exec-2] org.hibernate.SQL                        : select c1_0.id,c1_0.continent,c1_0.name from countries c1_0
2026-05-14T08:26:49.197+02:00 DEBUG 49472 --- [e-shop-backend] [http-nio-8080-exec-9] org.hibernate.SQL                        : select u1_0.id,u1_0.created_at,u1_0.email,u1_0.name,u1_0.password,u1_0.role,u1_0.surname,u1_0.updated_at,u1_0.username from users u1_0 where u1_0.username=?
2026-05-14T08:26:49.197+02:00 TRACE 49472 --- [e-shop-backend] [http-nio-8080-exec-9] org.hibernate.orm.jdbc.bind              : binding parameter (1:VARCHAR) <- [trajce]
2026-05-14T08:26:49.198+02:00 DEBUG 49472 --- [e-shop-backend] [http-nio-8080-exec-9] org.hibernate.SQL                        : select sc1_0.id,sc1_0.created_at,sc1_0.updated_at,sc1_0.user_id from shopping_carts sc1_0 where sc1_0.user_id=?
2026-05-14T08:26:49.198+02:00 TRACE 49472 --- [e-shop-backend] [http-nio-8080-exec-9] org.hibernate.orm.jdbc.bind              : binding parameter (1:BIGINT) <- [6]
2026-05-14T08:26:49.201+02:00 DEBUG 49472 --- [e-shop-backend] [http-nio-8080-exec-9] org.hibernate.SQL                        : select c1_0.id,c1_0.continent,c1_0.name from countries c1_0
2026-05-14T08:26:49.790+02:00 DEBUG 49472 --- [e-shop-backend] [http-nio-8080-exec-8] org.hibernate.SQL                        : select u1_0.id,u1_0.created_at,u1_0.email,u1_0.name,u1_0.password,u1_0.role,u1_0.surname,u1_0.updated_at,u1_0.username from users u1_0 where u1_0.username=?
2026-05-14T08:26:49.790+02:00 DEBUG 49472 --- [e-shop-backend] [http-nio-8080-exec-5] org.hibernate.SQL                        : select u1_0.id,u1_0.created_at,u1_0.email,u1_0.name,u1_0.password,u1_0.role,u1_0.surname,u1_0.updated_at,u1_0.username from users u1_0 where u1_0.username=?
2026-05-14T08:26:49.792+02:00 TRACE 49472 --- [e-shop-backend] [http-nio-8080-exec-5] org.hibernate.orm.jdbc.bind              : binding parameter (1:VARCHAR) <- [trajce]
2026-05-14T08:26:49.792+02:00 TRACE 49472 --- [e-shop-backend] [http-nio-8080-exec-8] org.hibernate.orm.jdbc.bind              : binding parameter (1:VARCHAR) <- [trajce]
2026-05-14T08:26:49.793+02:00 DEBUG 49472 --- [e-shop-backend] [http-nio-8080-exec-5] org.hibernate.SQL                        : select sc1_0.id,sc1_0.created_at,sc1_0.updated_at,sc1_0.user_id from shopping_carts sc1_0 where sc1_0.user_id=?
2026-05-14T08:26:49.793+02:00 DEBUG 49472 --- [e-shop-backend] [http-nio-8080-exec-8] org.hibernate.SQL                        : select sc1_0.id,sc1_0.created_at,sc1_0.updated_at,sc1_0.user_id from shopping_carts sc1_0 where sc1_0.user_id=?
2026-05-14T08:26:49.793+02:00 TRACE 49472 --- [e-shop-backend] [http-nio-8080-exec-5] org.hibernate.orm.jdbc.bind              : binding parameter (1:BIGINT) <- [6]
2026-05-14T08:26:49.793+02:00 TRACE 49472 --- [e-shop-backend] [http-nio-8080-exec-8] org.hibernate.orm.jdbc.bind              : binding parameter (1:BIGINT) <- [6]
2026-05-14T08:26:49.800+02:00 DEBUG 49472 --- [e-shop-backend] [http-nio-8080-exec-5] org.hibernate.SQL                        : select a1_0.id,a1_0.country_id,a1_0.created_at,a1_0.name,a1_0.surname,a1_0.updated_at from authors a1_0
2026-05-14T08:26:49.800+02:00 DEBUG 49472 --- [e-shop-backend] [http-nio-8080-exec-8] org.hibernate.SQL                        : select b1_0.id,b1_0.author_id,a1_0.id,a1_0.country_id,c1_0.id,c1_0.continent,c1_0.name,a1_0.created_at,a1_0.name,a1_0.surname,a1_0.updated_at,b1_0.available_copies,b1_0.category,b1_0.created_at,b1_0.date_published,b1_0.name,b1_0.state,b1_0.updated_at from books b1_0 join authors a1_0 on a1_0.id=b1_0.author_id join countries c1_0 on c1_0.id=a1_0.country_id
2026-05-14T08:26:49.802+02:00 DEBUG 49472 --- [e-shop-backend] [http-nio-8080-exec-5] org.hibernate.SQL                        : select c1_0.id,c1_0.continent,c1_0.name from countries c1_0 where c1_0.id=?
2026-05-14T08:26:49.802+02:00 TRACE 49472 --- [e-shop-backend] [http-nio-8080-exec-5] org.hibernate.orm.jdbc.bind              : binding parameter (1:BIGINT) <- [1]
2026-05-14T08:26:49.803+02:00 DEBUG 49472 --- [e-shop-backend] [http-nio-8080-exec-5] org.hibernate.SQL                        : select c1_0.id,c1_0.continent,c1_0.name from countries c1_0 where c1_0.id=?
2026-05-14T08:26:49.804+02:00 TRACE 49472 --- [e-shop-backend] [http-nio-8080-exec-5] org.hibernate.orm.jdbc.bind              : binding parameter (1:BIGINT) <- [2]
2026-05-14T08:26:49.805+02:00 DEBUG 49472 --- [e-shop-backend] [http-nio-8080-exec-5] org.hibernate.SQL                        : select c1_0.id,c1_0.continent,c1_0.name from countries c1_0 where c1_0.id=?
2026-05-14T08:26:49.806+02:00 TRACE 49472 --- [e-shop-backend] [http-nio-8080-exec-5] org.hibernate.orm.jdbc.bind              : binding parameter (1:BIGINT) <- [3]
2026-05-14T08:26:49.807+02:00 DEBUG 49472 --- [e-shop-backend] [http-nio-8080-exec-5] org.hibernate.SQL                        : select c1_0.id,c1_0.continent,c1_0.name from countries c1_0 where c1_0.id=?
2026-05-14T08:26:49.807+02:00 TRACE 49472 --- [e-shop-backend] [http-nio-8080-exec-5] org.hibernate.orm.jdbc.bind              : binding parameter (1:BIGINT) <- [4]
2026-05-14T08:26:49.808+02:00 DEBUG 49472 --- [e-shop-backend] [http-nio-8080-exec-5] org.hibernate.SQL                        : select c1_0.id,c1_0.continent,c1_0.name from countries c1_0 where c1_0.id=?
2026-05-14T08:26:49.809+02:00 TRACE 49472 --- [e-shop-backend] [http-nio-8080-exec-5] org.hibernate.orm.jdbc.bind              : binding parameter (1:BIGINT) <- [5]
2026-05-14T08:26:49.810+02:00 DEBUG 49472 --- [e-shop-backend] [http-nio-8080-exec-3] org.hibernate.SQL                        : select u1_0.id,u1_0.created_at,u1_0.email,u1_0.name,u1_0.password,u1_0.role,u1_0.surname,u1_0.updated_at,u1_0.username from users u1_0 where u1_0.username=?
2026-05-14T08:26:49.811+02:00 TRACE 49472 --- [e-shop-backend] [http-nio-8080-exec-3] org.hibernate.orm.jdbc.bind              : binding parameter (1:VARCHAR) <- [trajce]
2026-05-14T08:26:49.812+02:00 DEBUG 49472 --- [e-shop-backend] [http-nio-8080-exec-3] org.hibernate.SQL                        : select sc1_0.id,sc1_0.created_at,sc1_0.updated_at,sc1_0.user_id from shopping_carts sc1_0 where sc1_0.user_id=?
2026-05-14T08:26:49.812+02:00 TRACE 49472 --- [e-shop-backend] [http-nio-8080-exec-3] org.hibernate.orm.jdbc.bind              : binding parameter (1:BIGINT) <- [6]
2026-05-14T08:26:49.815+02:00 DEBUG 49472 --- [e-shop-backend] [http-nio-8080-exec-6] org.hibernate.SQL                        : select u1_0.id,u1_0.created_at,u1_0.email,u1_0.name,u1_0.password,u1_0.role,u1_0.surname,u1_0.updated_at,u1_0.username from users u1_0 where u1_0.username=?
2026-05-14T08:26:49.815+02:00 TRACE 49472 --- [e-shop-backend] [http-nio-8080-exec-6] org.hibernate.orm.jdbc.bind              : binding parameter (1:VARCHAR) <- [trajce]
2026-05-14T08:26:49.816+02:00 DEBUG 49472 --- [e-shop-backend] [http-nio-8080-exec-3] org.hibernate.SQL                        : select b1_0.id,b1_0.author_id,a1_0.id,a1_0.country_id,c1_0.id,c1_0.continent,c1_0.name,a1_0.created_at,a1_0.name,a1_0.surname,a1_0.updated_at,b1_0.available_copies,b1_0.category,b1_0.created_at,b1_0.date_published,b1_0.name,b1_0.state,b1_0.updated_at from books b1_0 join authors a1_0 on a1_0.id=b1_0.author_id join countries c1_0 on c1_0.id=a1_0.country_id
2026-05-14T08:26:49.816+02:00 DEBUG 49472 --- [e-shop-backend] [http-nio-8080-exec-6] org.hibernate.SQL                        : select sc1_0.id,sc1_0.created_at,sc1_0.updated_at,sc1_0.user_id from shopping_carts sc1_0 where sc1_0.user_id=?
2026-05-14T08:26:49.816+02:00 TRACE 49472 --- [e-shop-backend] [http-nio-8080-exec-6] org.hibernate.orm.jdbc.bind              : binding parameter (1:BIGINT) <- [6]
2026-05-14T08:26:49.818+02:00 DEBUG 49472 --- [e-shop-backend] [http-nio-8080-exec-6] org.hibernate.SQL                        : select a1_0.id,a1_0.country_id,a1_0.created_at,a1_0.name,a1_0.surname,a1_0.updated_at from authors a1_0
2026-05-14T08:26:49.819+02:00 DEBUG 49472 --- [e-shop-backend] [http-nio-8080-exec-6] org.hibernate.SQL                        : select c1_0.id,c1_0.continent,c1_0.name from countries c1_0 where c1_0.id=?
2026-05-14T08:26:49.819+02:00 TRACE 49472 --- [e-shop-backend] [http-nio-8080-exec-6] org.hibernate.orm.jdbc.bind              : binding parameter (1:BIGINT) <- [1]
2026-05-14T08:26:49.820+02:00 DEBUG 49472 --- [e-shop-backend] [http-nio-8080-exec-6] org.hibernate.SQL                        : select c1_0.id,c1_0.continent,c1_0.name from countries c1_0 where c1_0.id=?
2026-05-14T08:26:49.820+02:00 TRACE 49472 --- [e-shop-backend] [http-nio-8080-exec-6] org.hibernate.orm.jdbc.bind              : binding parameter (1:BIGINT) <- [2]
2026-05-14T08:26:49.820+02:00 DEBUG 49472 --- [e-shop-backend] [http-nio-8080-exec-6] org.hibernate.SQL                        : select c1_0.id,c1_0.continent,c1_0.name from countries c1_0 where c1_0.id=?
2026-05-14T08:26:49.820+02:00 TRACE 49472 --- [e-shop-backend] [http-nio-8080-exec-6] org.hibernate.orm.jdbc.bind              : binding parameter (1:BIGINT) <- [3]
2026-05-14T08:26:49.821+02:00 DEBUG 49472 --- [e-shop-backend] [http-nio-8080-exec-6] org.hibernate.SQL                        : select c1_0.id,c1_0.continent,c1_0.name from countries c1_0 where c1_0.id=?
2026-05-14T08:26:49.821+02:00 TRACE 49472 --- [e-shop-backend] [http-nio-8080-exec-6] org.hibernate.orm.jdbc.bind              : binding parameter (1:BIGINT) <- [4]
2026-05-14T08:26:49.821+02:00 DEBUG 49472 --- [e-shop-backend] [http-nio-8080-exec-6] org.hibernate.SQL                        : select c1_0.id,c1_0.continent,c1_0.name from countries c1_0 where c1_0.id=?
2026-05-14T08:26:49.821+02:00 TRACE 49472 --- [e-shop-backend] [http-nio-8080-exec-6] org.hibernate.orm.jdbc.bind              : binding parameter (1:BIGINT) <- [5]
2026-05-14T08:26:50.861+02:00 DEBUG 49472 --- [e-shop-backend] [http-nio-8080-exec-9] org.hibernate.SQL                        : select u1_0.id,u1_0.created_at,u1_0.email,u1_0.name,u1_0.password,u1_0.role,u1_0.surname,u1_0.updated_at,u1_0.username from users u1_0 where u1_0.username=?
2026-05-14T08:26:50.865+02:00 TRACE 49472 --- [e-shop-backend] [http-nio-8080-exec-9] org.hibernate.orm.jdbc.bind              : binding parameter (1:VARCHAR) <- [trajce]
2026-05-14T08:26:50.866+02:00 DEBUG 49472 --- [e-shop-backend] [http-nio-8080-exec-9] org.hibernate.SQL                        : select sc1_0.id,sc1_0.created_at,sc1_0.updated_at,sc1_0.user_id from shopping_carts sc1_0 where sc1_0.user_id=?
2026-05-14T08:26:50.866+02:00 TRACE 49472 --- [e-shop-backend] [http-nio-8080-exec-9] org.hibernate.orm.jdbc.bind              : binding parameter (1:BIGINT) <- [6]
2026-05-14T08:26:50.872+02:00 DEBUG 49472 --- [e-shop-backend] [http-nio-8080-exec-9] org.hibernate.SQL                        : select b1_0.id,b1_0.author_id,b1_0.available_copies,b1_0.category,b1_0.created_at,b1_0.date_published,b1_0.name,b1_0.state,b1_0.updated_at from books b1_0 where b1_0.state=?
2026-05-14T08:26:50.872+02:00 TRACE 49472 --- [e-shop-backend] [http-nio-8080-exec-9] org.hibernate.orm.jdbc.bind              : binding parameter (1:VARCHAR) <- [GOOD]
2026-05-14T08:26:50.873+02:00 DEBUG 49472 --- [e-shop-backend] [http-nio-8080-exec-9] org.hibernate.SQL                        : select a1_0.id,a1_0.country_id,c1_0.id,c1_0.continent,c1_0.name,a1_0.created_at,a1_0.name,a1_0.surname,a1_0.updated_at from authors a1_0 join countries c1_0 on c1_0.id=a1_0.country_id where a1_0.id=?
2026-05-14T08:26:50.873+02:00 TRACE 49472 --- [e-shop-backend] [http-nio-8080-exec-9] org.hibernate.orm.jdbc.bind              : binding parameter (1:BIGINT) <- [1]
2026-05-14T08:26:50.875+02:00 DEBUG 49472 --- [e-shop-backend] [http-nio-8080-exec-9] org.hibernate.SQL                        : select a1_0.id,a1_0.country_id,c1_0.id,c1_0.continent,c1_0.name,a1_0.created_at,a1_0.name,a1_0.surname,a1_0.updated_at from authors a1_0 join countries c1_0 on c1_0.id=a1_0.country_id where a1_0.id=?
2026-05-14T08:26:50.875+02:00 TRACE 49472 --- [e-shop-backend] [http-nio-8080-exec-9] org.hibernate.orm.jdbc.bind              : binding parameter (1:BIGINT) <- [2]
2026-05-14T08:26:50.876+02:00 DEBUG 49472 --- [e-shop-backend] [http-nio-8080-exec-9] org.hibernate.SQL                        : select a1_0.id,a1_0.country_id,c1_0.id,c1_0.continent,c1_0.name,a1_0.created_at,a1_0.name,a1_0.surname,a1_0.updated_at from authors a1_0 join countries c1_0 on c1_0.id=a1_0.country_id where a1_0.id=?
2026-05-14T08:26:50.877+02:00 TRACE 49472 --- [e-shop-backend] [http-nio-8080-exec-9] org.hibernate.orm.jdbc.bind              : binding parameter (1:BIGINT) <- [3]
2026-05-14T08:26:50.878+02:00 DEBUG 49472 --- [e-shop-backend] [http-nio-8080-exec-9] org.hibernate.SQL                        : select a1_0.id,a1_0.country_id,c1_0.id,c1_0.continent,c1_0.name,a1_0.created_at,a1_0.name,a1_0.surname,a1_0.updated_at from authors a1_0 join countries c1_0 on c1_0.id=a1_0.country_id where a1_0.id=?
2026-05-14T08:26:50.878+02:00 TRACE 49472 --- [e-shop-backend] [http-nio-8080-exec-9] org.hibernate.orm.jdbc.bind              : binding parameter (1:BIGINT) <- [4]
2026-05-14T08:26:50.879+02:00 DEBUG 49472 --- [e-shop-backend] [http-nio-8080-exec-9] org.hibernate.SQL                        : select a1_0.id,a1_0.country_id,c1_0.id,c1_0.continent,c1_0.name,a1_0.created_at,a1_0.name,a1_0.surname,a1_0.updated_at from authors a1_0 join countries c1_0 on c1_0.id=a1_0.country_id where a1_0.id=?
2026-05-14T08:26:50.879+02:00 TRACE 49472 --- [e-shop-backend] [http-nio-8080-exec-9] org.hibernate.orm.jdbc.bind              : binding parameter (1:BIGINT) <- [5]
2026-05-14T08:26:51.345+02:00 DEBUG 49472 --- [e-shop-backend] [http-nio-8080-exec-10] org.hibernate.SQL                        : select u1_0.id,u1_0.created_at,u1_0.email,u1_0.name,u1_0.password,u1_0.role,u1_0.surname,u1_0.updated_at,u1_0.username from users u1_0 where u1_0.username=?
2026-05-14T08:26:51.345+02:00 TRACE 49472 --- [e-shop-backend] [http-nio-8080-exec-10] org.hibernate.orm.jdbc.bind              : binding parameter (1:VARCHAR) <- [trajce]
2026-05-14T08:26:51.346+02:00 DEBUG 49472 --- [e-shop-backend] [http-nio-8080-exec-10] org.hibernate.SQL                        : select sc1_0.id,sc1_0.created_at,sc1_0.updated_at,sc1_0.user_id from shopping_carts sc1_0 where sc1_0.user_id=?
2026-05-14T08:26:51.346+02:00 TRACE 49472 --- [e-shop-backend] [http-nio-8080-exec-10] org.hibernate.orm.jdbc.bind              : binding parameter (1:BIGINT) <- [6]
2026-05-14T08:26:51.349+02:00 DEBUG 49472 --- [e-shop-backend] [http-nio-8080-exec-10] org.hibernate.SQL                        : select b1_0.id,b1_0.author_id,b1_0.available_copies,b1_0.category,b1_0.created_at,b1_0.date_published,b1_0.name,b1_0.state,b1_0.updated_at from books b1_0 where b1_0.state=?
2026-05-14T08:26:51.349+02:00 TRACE 49472 --- [e-shop-backend] [http-nio-8080-exec-10] org.hibernate.orm.jdbc.bind              : binding parameter (1:VARCHAR) <- [BAD]
2026-05-14T08:26:51.350+02:00 DEBUG 49472 --- [e-shop-backend] [http-nio-8080-exec-10] org.hibernate.SQL                        : select a1_0.id,a1_0.country_id,c1_0.id,c1_0.continent,c1_0.name,a1_0.created_at,a1_0.name,a1_0.surname,a1_0.updated_at from authors a1_0 join countries c1_0 on c1_0.id=a1_0.country_id where a1_0.id=?
2026-05-14T08:26:51.351+02:00 TRACE 49472 --- [e-shop-backend] [http-nio-8080-exec-10] org.hibernate.orm.jdbc.bind              : binding parameter (1:BIGINT) <- [3]
2026-05-14T08:26:51.352+02:00 DEBUG 49472 --- [e-shop-backend] [http-nio-8080-exec-10] org.hibernate.SQL                        : select a1_0.id,a1_0.country_id,c1_0.id,c1_0.continent,c1_0.name,a1_0.created_at,a1_0.name,a1_0.surname,a1_0.updated_at from authors a1_0 join countries c1_0 on c1_0.id=a1_0.country_id where a1_0.id=?
2026-05-14T08:26:51.352+02:00 TRACE 49472 --- [e-shop-backend] [http-nio-8080-exec-10] org.hibernate.orm.jdbc.bind              : binding parameter (1:BIGINT) <- [5]
2026-05-14T08:26:51.960+02:00 DEBUG 49472 --- [e-shop-backend] [http-nio-8080-exec-1] org.hibernate.SQL                        : select u1_0.id,u1_0.created_at,u1_0.email,u1_0.name,u1_0.password,u1_0.role,u1_0.surname,u1_0.updated_at,u1_0.username from users u1_0 where u1_0.username=?
2026-05-14T08:26:51.962+02:00 TRACE 49472 --- [e-shop-backend] [http-nio-8080-exec-1] org.hibernate.orm.jdbc.bind              : binding parameter (1:VARCHAR) <- [trajce]
2026-05-14T08:26:51.963+02:00 DEBUG 49472 --- [e-shop-backend] [http-nio-8080-exec-1] org.hibernate.SQL                        : select sc1_0.id,sc1_0.created_at,sc1_0.updated_at,sc1_0.user_id from shopping_carts sc1_0 where sc1_0.user_id=?
2026-05-14T08:26:51.963+02:00 TRACE 49472 --- [e-shop-backend] [http-nio-8080-exec-1] org.hibernate.orm.jdbc.bind              : binding parameter (1:BIGINT) <- [6]
2026-05-14T08:26:51.970+02:00 DEBUG 49472 --- [e-shop-backend] [http-nio-8080-exec-1] org.hibernate.SQL                        : select b1_0.id,b1_0.author_id,a1_0.id,a1_0.country_id,c1_0.id,c1_0.continent,c1_0.name,a1_0.created_at,a1_0.name,a1_0.surname,a1_0.updated_at,b1_0.available_copies,b1_0.category,b1_0.created_at,b1_0.date_published,b1_0.name,b1_0.state,b1_0.updated_at from books b1_0 join authors a1_0 on a1_0.id=b1_0.author_id join countries c1_0 on c1_0.id=a1_0.country_id
2026-05-14T08:27:00.003+02:00  INFO 49472 --- [e-shop-backend] [scheduling-1] c.e.e.j.MaterializedViewRefreshScheduler : Refreshing BOOKS_STATS_MV...
2026-05-14T08:27:00.005+02:00 DEBUG 49472 --- [e-shop-backend] [scheduling-1] org.hibernate.SQL                        : refresh materialized view books_stats_view
2026-05-14T08:27:00.008+02:00  INFO 49472 --- [e-shop-backend] [scheduling-1] c.e.e.j.MaterializedViewRefreshScheduler : BOOKS_STATS_MV successfully refreshed.
2026-05-14T08:27:02.379+02:00 DEBUG 49472 --- [e-shop-backend] [http-nio-8080-exec-8] org.hibernate.SQL                        : select u1_0.id,u1_0.created_at,u1_0.email,u1_0.name,u1_0.password,u1_0.role,u1_0.surname,u1_0.updated_at,u1_0.username from users u1_0 where u1_0.username=?
2026-05-14T08:27:02.382+02:00 TRACE 49472 --- [e-shop-backend] [http-nio-8080-exec-8] org.hibernate.orm.jdbc.bind              : binding parameter (1:VARCHAR) <- [trajce]
2026-05-14T08:27:02.383+02:00 DEBUG 49472 --- [e-shop-backend] [http-nio-8080-exec-8] org.hibernate.SQL                        : select sc1_0.id,sc1_0.created_at,sc1_0.updated_at,sc1_0.user_id from shopping_carts sc1_0 where sc1_0.user_id=?
2026-05-14T08:27:02.384+02:00 TRACE 49472 --- [e-shop-backend] [http-nio-8080-exec-8] org.hibernate.orm.jdbc.bind              : binding parameter (1:BIGINT) <- [6]
2026-05-14T08:27:02.482+02:00 DEBUG 49472 --- [e-shop-backend] [http-nio-8080-exec-3] org.hibernate.SQL                        : select u1_0.id,u1_0.created_at,u1_0.email,u1_0.name,u1_0.password,u1_0.role,u1_0.surname,u1_0.updated_at,u1_0.username from users u1_0 where u1_0.username=?
2026-05-14T08:27:02.482+02:00 TRACE 49472 --- [e-shop-backend] [http-nio-8080-exec-3] org.hibernate.orm.jdbc.bind              : binding parameter (1:VARCHAR) <- [trajce]
2026-05-14T08:27:02.484+02:00 DEBUG 49472 --- [e-shop-backend] [http-nio-8080-exec-3] org.hibernate.SQL                        : select sc1_0.id,sc1_0.created_at,sc1_0.updated_at,sc1_0.user_id from shopping_carts sc1_0 where sc1_0.user_id=?
2026-05-14T08:27:02.484+02:00 TRACE 49472 --- [e-shop-backend] [http-nio-8080-exec-3] org.hibernate.orm.jdbc.bind              : binding parameter (1:BIGINT) <- [6]
2026-05-14T08:27:02.485+02:00 DEBUG 49472 --- [e-shop-backend] [http-nio-8080-exec-3] org.hibernate.SQL                        : select u1_0.id,u1_0.created_at,u1_0.email,u1_0.name,u1_0.password,u1_0.role,u1_0.surname,u1_0.updated_at,u1_0.username from users u1_0 where u1_0.username=?
2026-05-14T08:27:02.485+02:00 TRACE 49472 --- [e-shop-backend] [http-nio-8080-exec-3] org.hibernate.orm.jdbc.bind              : binding parameter (1:VARCHAR) <- [trajce]
2026-05-14T08:27:02.485+02:00 DEBUG 49472 --- [e-shop-backend] [http-nio-8080-exec-3] org.hibernate.SQL                        : select sc1_0.id,sc1_0.created_at,sc1_0.updated_at,sc1_0.user_id from shopping_carts sc1_0 where sc1_0.user_id=?
2026-05-14T08:27:02.485+02:00 TRACE 49472 --- [e-shop-backend] [http-nio-8080-exec-3] org.hibernate.orm.jdbc.bind              : binding parameter (1:BIGINT) <- [6]
2026-05-14T08:28:00.004+02:00  INFO 49472 --- [e-shop-backend] [scheduling-1] c.e.e.j.MaterializedViewRefreshScheduler : Refreshing BOOKS_STATS_MV...
2026-05-14T08:28:00.006+02:00 DEBUG 49472 --- [e-shop-backend] [scheduling-1] org.hibernate.SQL                        : refresh materialized view books_stats_view
2026-05-14T08:28:00.010+02:00  INFO 49472 --- [e-shop-backend] [scheduling-1] c.e.e.j.MaterializedViewRefreshScheduler : BOOKS_STATS_MV successfully refreshed.
2026-05-14T08:29:00.003+02:00  INFO 49472 --- [e-shop-backend] [scheduling-1] c.e.e.j.MaterializedViewRefreshScheduler : Refreshing BOOKS_STATS_MV...
2026-05-14T08:29:00.005+02:00 DEBUG 49472 --- [e-shop-backend] [scheduling-1] org.hibernate.SQL                        : refresh materialized view books_stats_view
2026-05-14T08:29:00.009+02:00  INFO 49472 --- [e-shop-backend] [scheduling-1] c.e.e.j.MaterializedViewRefreshScheduler : BOOKS_STATS_MV successfully refreshed.
2026-05-14T08:29:33.570+02:00 DEBUG 49472 --- [e-shop-backend] [http-nio-8080-exec-7] org.hibernate.SQL                        : select u1_0.id,u1_0.created_at,u1_0.email,u1_0.name,u1_0.password,u1_0.role,u1_0.surname,u1_0.updated_at,u1_0.username from users u1_0 where u1_0.username=?
2026-05-14T08:29:33.572+02:00 TRACE 49472 --- [e-shop-backend] [http-nio-8080-exec-7] org.hibernate.orm.jdbc.bind              : binding parameter (1:VARCHAR) <- [trajce]
2026-05-14T08:29:33.573+02:00 DEBUG 49472 --- [e-shop-backend] [http-nio-8080-exec-7] org.hibernate.SQL                        : select sc1_0.id,sc1_0.created_at,sc1_0.updated_at,sc1_0.user_id from shopping_carts sc1_0 where sc1_0.user_id=?
2026-05-14T08:29:33.573+02:00 TRACE 49472 --- [e-shop-backend] [http-nio-8080-exec-7] org.hibernate.orm.jdbc.bind              : binding parameter (1:BIGINT) <- [6]
2026-05-14T08:29:33.578+02:00 DEBUG 49472 --- [e-shop-backend] [http-nio-8080-exec-7] org.hibernate.SQL                        : select u1_0.id,u1_0.created_at,u1_0.email,u1_0.name,u1_0.password,u1_0.role,u1_0.surname,u1_0.updated_at,u1_0.username from users u1_0 where u1_0.username=?
2026-05-14T08:29:33.578+02:00 TRACE 49472 --- [e-shop-backend] [http-nio-8080-exec-7] org.hibernate.orm.jdbc.bind              : binding parameter (1:VARCHAR) <- [trajce]
2026-05-14T08:29:33.579+02:00 DEBUG 49472 --- [e-shop-backend] [http-nio-8080-exec-7] org.hibernate.SQL                        : select sc1_0.id,sc1_0.created_at,sc1_0.updated_at,sc1_0.user_id from shopping_carts sc1_0 where sc1_0.user_id=?
2026-05-14T08:29:33.580+02:00 TRACE 49472 --- [e-shop-backend] [http-nio-8080-exec-7] org.hibernate.orm.jdbc.bind              : binding parameter (1:BIGINT) <- [6]
2026-05-14T08:29:33.584+02:00 DEBUG 49472 --- [e-shop-backend] [http-nio-8080-exec-8] org.hibernate.SQL                        : select u1_0.id,u1_0.created_at,u1_0.email,u1_0.name,u1_0.password,u1_0.role,u1_0.surname,u1_0.updated_at,u1_0.username from users u1_0 where u1_0.username=?
2026-05-14T08:29:33.585+02:00 TRACE 49472 --- [e-shop-backend] [http-nio-8080-exec-8] org.hibernate.orm.jdbc.bind              : binding parameter (1:VARCHAR) <- [trajce]
2026-05-14T08:29:33.586+02:00 DEBUG 49472 --- [e-shop-backend] [http-nio-8080-exec-8] org.hibernate.SQL                        : select sc1_0.id,sc1_0.created_at,sc1_0.updated_at,sc1_0.user_id from shopping_carts sc1_0 where sc1_0.user_id=?
2026-05-14T08:29:33.586+02:00 TRACE 49472 --- [e-shop-backend] [http-nio-8080-exec-8] org.hibernate.orm.jdbc.bind              : binding parameter (1:BIGINT) <- [6]
2026-05-14T08:29:33.591+02:00 DEBUG 49472 --- [e-shop-backend] [http-nio-8080-exec-8] org.hibernate.SQL                        : select u1_0.id,u1_0.created_at,u1_0.email,u1_0.name,u1_0.password,u1_0.role,u1_0.surname,u1_0.updated_at,u1_0.username from users u1_0 where u1_0.username=?
2026-05-14T08:29:33.591+02:00 TRACE 49472 --- [e-shop-backend] [http-nio-8080-exec-8] org.hibernate.orm.jdbc.bind              : binding parameter (1:VARCHAR) <- [trajce]
2026-05-14T08:29:33.594+02:00 DEBUG 49472 --- [e-shop-backend] [http-nio-8080-exec-8] org.hibernate.SQL                        : select sc1_0.id,sc1_0.created_at,sc1_0.updated_at,sc1_0.user_id from shopping_carts sc1_0 where sc1_0.user_id=?
2026-05-14T08:29:33.594+02:00 TRACE 49472 --- [e-shop-backend] [http-nio-8080-exec-8] org.hibernate.orm.jdbc.bind              : binding parameter (1:BIGINT) <- [6]
2026-05-14T08:29:34.726+02:00 DEBUG 49472 --- [e-shop-backend] [http-nio-8080-exec-5] org.hibernate.SQL                        : select u1_0.id,u1_0.created_at,u1_0.email,u1_0.name,u1_0.password,u1_0.role,u1_0.surname,u1_0.updated_at,u1_0.username from users u1_0 where u1_0.username=?
2026-05-14T08:29:34.728+02:00 TRACE 49472 --- [e-shop-backend] [http-nio-8080-exec-5] org.hibernate.orm.jdbc.bind              : binding parameter (1:VARCHAR) <- [trajce]
2026-05-14T08:29:34.729+02:00 DEBUG 49472 --- [e-shop-backend] [http-nio-8080-exec-5] org.hibernate.SQL                        : select sc1_0.id,sc1_0.created_at,sc1_0.updated_at,sc1_0.user_id from shopping_carts sc1_0 where sc1_0.user_id=?
2026-05-14T08:29:34.729+02:00 TRACE 49472 --- [e-shop-backend] [http-nio-8080-exec-5] org.hibernate.orm.jdbc.bind              : binding parameter (1:BIGINT) <- [6]
2026-05-14T08:29:34.731+02:00 DEBUG 49472 --- [e-shop-backend] [http-nio-8080-exec-5] org.hibernate.SQL                        : select u1_0.id,u1_0.created_at,u1_0.email,u1_0.name,u1_0.password,u1_0.role,u1_0.surname,u1_0.updated_at,u1_0.username from users u1_0 where u1_0.username=?
2026-05-14T08:29:34.731+02:00 TRACE 49472 --- [e-shop-backend] [http-nio-8080-exec-5] org.hibernate.orm.jdbc.bind              : binding parameter (1:VARCHAR) <- [trajce]
2026-05-14T08:29:34.733+02:00 DEBUG 49472 --- [e-shop-backend] [http-nio-8080-exec-5] org.hibernate.SQL                        : select sc1_0.id,sc1_0.created_at,sc1_0.updated_at,sc1_0.user_id from shopping_carts sc1_0 where sc1_0.user_id=?
2026-05-14T08:29:34.733+02:00 TRACE 49472 --- [e-shop-backend] [http-nio-8080-exec-5] org.hibernate.orm.jdbc.bind              : binding parameter (1:BIGINT) <- [6]
2026-05-14T08:29:34.738+02:00 DEBUG 49472 --- [e-shop-backend] [http-nio-8080-exec-3] org.hibernate.SQL                        : select u1_0.id,u1_0.created_at,u1_0.email,u1_0.name,u1_0.password,u1_0.role,u1_0.surname,u1_0.updated_at,u1_0.username from users u1_0 where u1_0.username=?
2026-05-14T08:29:34.740+02:00 TRACE 49472 --- [e-shop-backend] [http-nio-8080-exec-3] org.hibernate.orm.jdbc.bind              : binding parameter (1:VARCHAR) <- [trajce]
2026-05-14T08:29:34.741+02:00 DEBUG 49472 --- [e-shop-backend] [http-nio-8080-exec-3] org.hibernate.SQL                        : select sc1_0.id,sc1_0.created_at,sc1_0.updated_at,sc1_0.user_id from shopping_carts sc1_0 where sc1_0.user_id=?
2026-05-14T08:29:34.741+02:00 TRACE 49472 --- [e-shop-backend] [http-nio-8080-exec-3] org.hibernate.orm.jdbc.bind              : binding parameter (1:BIGINT) <- [6]
2026-05-14T08:29:34.746+02:00 DEBUG 49472 --- [e-shop-backend] [http-nio-8080-exec-3] org.hibernate.SQL                        : select u1_0.id,u1_0.created_at,u1_0.email,u1_0.name,u1_0.password,u1_0.role,u1_0.surname,u1_0.updated_at,u1_0.username from users u1_0 where u1_0.username=?
2026-05-14T08:29:34.746+02:00 TRACE 49472 --- [e-shop-backend] [http-nio-8080-exec-3] org.hibernate.orm.jdbc.bind              : binding parameter (1:VARCHAR) <- [trajce]
2026-05-14T08:29:34.747+02:00 DEBUG 49472 --- [e-shop-backend] [http-nio-8080-exec-3] org.hibernate.SQL                        : select sc1_0.id,sc1_0.created_at,sc1_0.updated_at,sc1_0.user_id from shopping_carts sc1_0 where sc1_0.user_id=?
2026-05-14T08:29:34.747+02:00 TRACE 49472 --- [e-shop-backend] [http-nio-8080-exec-3] org.hibernate.orm.jdbc.bind              : binding parameter (1:BIGINT) <- [6]
2026-05-14T08:29:40.007+02:00 DEBUG 49472 --- [e-shop-backend] [http-nio-8080-exec-2] org.hibernate.SQL                        : select u1_0.id,u1_0.created_at,u1_0.email,u1_0.name,u1_0.password,u1_0.role,u1_0.surname,u1_0.updated_at,u1_0.username from users u1_0 where u1_0.username=?
2026-05-14T08:29:40.009+02:00 TRACE 49472 --- [e-shop-backend] [http-nio-8080-exec-2] org.hibernate.orm.jdbc.bind              : binding parameter (1:VARCHAR) <- [trajce]
2026-05-14T08:29:40.010+02:00 DEBUG 49472 --- [e-shop-backend] [http-nio-8080-exec-2] org.hibernate.SQL                        : select sc1_0.id,sc1_0.created_at,sc1_0.updated_at,sc1_0.user_id from shopping_carts sc1_0 where sc1_0.user_id=?
2026-05-14T08:29:40.010+02:00 TRACE 49472 --- [e-shop-backend] [http-nio-8080-exec-2] org.hibernate.orm.jdbc.bind              : binding parameter (1:BIGINT) <- [6]
2026-05-14T08:29:40.013+02:00 DEBUG 49472 --- [e-shop-backend] [http-nio-8080-exec-2] org.hibernate.SQL                        : select u1_0.id,u1_0.created_at,u1_0.email,u1_0.name,u1_0.password,u1_0.role,u1_0.surname,u1_0.updated_at,u1_0.username from users u1_0 where u1_0.username=?
2026-05-14T08:29:40.013+02:00 TRACE 49472 --- [e-shop-backend] [http-nio-8080-exec-2] org.hibernate.orm.jdbc.bind              : binding parameter (1:VARCHAR) <- [trajce]
2026-05-14T08:29:40.014+02:00 DEBUG 49472 --- [e-shop-backend] [http-nio-8080-exec-2] org.hibernate.SQL                        : select sc1_0.id,sc1_0.created_at,sc1_0.updated_at,sc1_0.user_id from shopping_carts sc1_0 where sc1_0.user_id=?
2026-05-14T08:29:40.014+02:00 TRACE 49472 --- [e-shop-backend] [http-nio-8080-exec-2] org.hibernate.orm.jdbc.bind              : binding parameter (1:BIGINT) <- [6]
2026-05-14T08:29:40.019+02:00 DEBUG 49472 --- [e-shop-backend] [http-nio-8080-exec-4] org.hibernate.SQL                        : select u1_0.id,u1_0.created_at,u1_0.email,u1_0.name,u1_0.password,u1_0.role,u1_0.surname,u1_0.updated_at,u1_0.username from users u1_0 where u1_0.username=?
2026-05-14T08:29:40.020+02:00 TRACE 49472 --- [e-shop-backend] [http-nio-8080-exec-4] org.hibernate.orm.jdbc.bind              : binding parameter (1:VARCHAR) <- [trajce]
2026-05-14T08:29:40.021+02:00 DEBUG 49472 --- [e-shop-backend] [http-nio-8080-exec-4] org.hibernate.SQL                        : select sc1_0.id,sc1_0.created_at,sc1_0.updated_at,sc1_0.user_id from shopping_carts sc1_0 where sc1_0.user_id=?
2026-05-14T08:29:40.021+02:00 TRACE 49472 --- [e-shop-backend] [http-nio-8080-exec-4] org.hibernate.orm.jdbc.bind              : binding parameter (1:BIGINT) <- [6]
2026-05-14T08:29:40.026+02:00 DEBUG 49472 --- [e-shop-backend] [http-nio-8080-exec-4] org.hibernate.SQL                        : select u1_0.id,u1_0.created_at,u1_0.email,u1_0.name,u1_0.password,u1_0.role,u1_0.surname,u1_0.updated_at,u1_0.username from users u1_0 where u1_0.username=?
2026-05-14T08:29:40.026+02:00 TRACE 49472 --- [e-shop-backend] [http-nio-8080-exec-4] org.hibernate.orm.jdbc.bind              : binding parameter (1:VARCHAR) <- [trajce]
2026-05-14T08:29:40.028+02:00 DEBUG 49472 --- [e-shop-backend] [http-nio-8080-exec-4] org.hibernate.SQL                        : select sc1_0.id,sc1_0.created_at,sc1_0.updated_at,sc1_0.user_id from shopping_carts sc1_0 where sc1_0.user_id=?
2026-05-14T08:29:40.028+02:00 TRACE 49472 --- [e-shop-backend] [http-nio-8080-exec-4] org.hibernate.orm.jdbc.bind              : binding parameter (1:BIGINT) <- [6]
2026-05-14T08:29:52.827+02:00 DEBUG 49472 --- [e-shop-backend] [http-nio-8080-exec-3] org.hibernate.SQL                        : select u1_0.id,u1_0.created_at,u1_0.email,u1_0.name,u1_0.password,u1_0.role,u1_0.surname,u1_0.updated_at,u1_0.username from users u1_0 where u1_0.username=?
2026-05-14T08:29:52.827+02:00 DEBUG 49472 --- [e-shop-backend] [http-nio-8080-exec-5] org.hibernate.SQL                        : select u1_0.id,u1_0.created_at,u1_0.email,u1_0.name,u1_0.password,u1_0.role,u1_0.surname,u1_0.updated_at,u1_0.username from users u1_0 where u1_0.username=?
2026-05-14T08:29:52.828+02:00 TRACE 49472 --- [e-shop-backend] [http-nio-8080-exec-5] org.hibernate.orm.jdbc.bind              : binding parameter (1:VARCHAR) <- [trajce]
2026-05-14T08:29:52.828+02:00 TRACE 49472 --- [e-shop-backend] [http-nio-8080-exec-3] org.hibernate.orm.jdbc.bind              : binding parameter (1:VARCHAR) <- [trajce]
2026-05-14T08:29:52.828+02:00 DEBUG 49472 --- [e-shop-backend] [http-nio-8080-exec-5] org.hibernate.SQL                        : select sc1_0.id,sc1_0.created_at,sc1_0.updated_at,sc1_0.user_id from shopping_carts sc1_0 where sc1_0.user_id=?
2026-05-14T08:29:52.828+02:00 DEBUG 49472 --- [e-shop-backend] [http-nio-8080-exec-3] org.hibernate.SQL                        : select sc1_0.id,sc1_0.created_at,sc1_0.updated_at,sc1_0.user_id from shopping_carts sc1_0 where sc1_0.user_id=?
2026-05-14T08:29:52.828+02:00 TRACE 49472 --- [e-shop-backend] [http-nio-8080-exec-5] org.hibernate.orm.jdbc.bind              : binding parameter (1:BIGINT) <- [6]
2026-05-14T08:29:52.828+02:00 TRACE 49472 --- [e-shop-backend] [http-nio-8080-exec-3] org.hibernate.orm.jdbc.bind              : binding parameter (1:BIGINT) <- [6]
2026-05-14T08:29:52.831+02:00 DEBUG 49472 --- [e-shop-backend] [http-nio-8080-exec-5] org.hibernate.SQL                        : select b1_0.id,b1_0.author_id,a1_0.id,a1_0.country_id,c1_0.id,c1_0.continent,c1_0.name,a1_0.created_at,a1_0.name,a1_0.surname,a1_0.updated_at,b1_0.available_copies,b1_0.category,b1_0.created_at,b1_0.date_published,b1_0.name,b1_0.state,b1_0.updated_at from books b1_0 join authors a1_0 on a1_0.id=b1_0.author_id join countries c1_0 on c1_0.id=a1_0.country_id
2026-05-14T08:29:52.831+02:00 DEBUG 49472 --- [e-shop-backend] [http-nio-8080-exec-3] org.hibernate.SQL                        : select a1_0.id,a1_0.country_id,a1_0.created_at,a1_0.name,a1_0.surname,a1_0.updated_at from authors a1_0
2026-05-14T08:29:52.832+02:00 DEBUG 49472 --- [e-shop-backend] [http-nio-8080-exec-3] org.hibernate.SQL                        : select c1_0.id,c1_0.continent,c1_0.name from countries c1_0 where c1_0.id=?
2026-05-14T08:29:52.832+02:00 TRACE 49472 --- [e-shop-backend] [http-nio-8080-exec-3] org.hibernate.orm.jdbc.bind              : binding parameter (1:BIGINT) <- [1]
2026-05-14T08:29:52.833+02:00 DEBUG 49472 --- [e-shop-backend] [http-nio-8080-exec-3] org.hibernate.SQL                        : select c1_0.id,c1_0.continent,c1_0.name from countries c1_0 where c1_0.id=?
2026-05-14T08:29:52.833+02:00 TRACE 49472 --- [e-shop-backend] [http-nio-8080-exec-3] org.hibernate.orm.jdbc.bind              : binding parameter (1:BIGINT) <- [2]
2026-05-14T08:29:52.834+02:00 DEBUG 49472 --- [e-shop-backend] [http-nio-8080-exec-3] org.hibernate.SQL                        : select c1_0.id,c1_0.continent,c1_0.name from countries c1_0 where c1_0.id=?
2026-05-14T08:29:52.834+02:00 TRACE 49472 --- [e-shop-backend] [http-nio-8080-exec-3] org.hibernate.orm.jdbc.bind              : binding parameter (1:BIGINT) <- [3]
2026-05-14T08:29:52.835+02:00 DEBUG 49472 --- [e-shop-backend] [http-nio-8080-exec-3] org.hibernate.SQL                        : select c1_0.id,c1_0.continent,c1_0.name from countries c1_0 where c1_0.id=?
2026-05-14T08:29:52.835+02:00 TRACE 49472 --- [e-shop-backend] [http-nio-8080-exec-3] org.hibernate.orm.jdbc.bind              : binding parameter (1:BIGINT) <- [4]
2026-05-14T08:29:52.835+02:00 DEBUG 49472 --- [e-shop-backend] [http-nio-8080-exec-3] org.hibernate.SQL                        : select c1_0.id,c1_0.continent,c1_0.name from countries c1_0 where c1_0.id=?
2026-05-14T08:29:52.835+02:00 TRACE 49472 --- [e-shop-backend] [http-nio-8080-exec-3] org.hibernate.orm.jdbc.bind              : binding parameter (1:BIGINT) <- [5]
2026-05-14T08:29:52.836+02:00 DEBUG 49472 --- [e-shop-backend] [http-nio-8080-exec-9] org.hibernate.SQL                        : select u1_0.id,u1_0.created_at,u1_0.email,u1_0.name,u1_0.password,u1_0.role,u1_0.surname,u1_0.updated_at,u1_0.username from users u1_0 where u1_0.username=?
2026-05-14T08:29:52.836+02:00 TRACE 49472 --- [e-shop-backend] [http-nio-8080-exec-9] org.hibernate.orm.jdbc.bind              : binding parameter (1:VARCHAR) <- [trajce]
2026-05-14T08:29:52.836+02:00 DEBUG 49472 --- [e-shop-backend] [http-nio-8080-exec-9] org.hibernate.SQL                        : select sc1_0.id,sc1_0.created_at,sc1_0.updated_at,sc1_0.user_id from shopping_carts sc1_0 where sc1_0.user_id=?
2026-05-14T08:29:52.836+02:00 TRACE 49472 --- [e-shop-backend] [http-nio-8080-exec-9] org.hibernate.orm.jdbc.bind              : binding parameter (1:BIGINT) <- [6]
2026-05-14T08:29:52.839+02:00 DEBUG 49472 --- [e-shop-backend] [http-nio-8080-exec-6] org.hibernate.SQL                        : select u1_0.id,u1_0.created_at,u1_0.email,u1_0.name,u1_0.password,u1_0.role,u1_0.surname,u1_0.updated_at,u1_0.username from users u1_0 where u1_0.username=?
2026-05-14T08:29:52.839+02:00 TRACE 49472 --- [e-shop-backend] [http-nio-8080-exec-6] org.hibernate.orm.jdbc.bind              : binding parameter (1:VARCHAR) <- [trajce]
2026-05-14T08:29:52.839+02:00 DEBUG 49472 --- [e-shop-backend] [http-nio-8080-exec-6] org.hibernate.SQL                        : select sc1_0.id,sc1_0.created_at,sc1_0.updated_at,sc1_0.user_id from shopping_carts sc1_0 where sc1_0.user_id=?
2026-05-14T08:29:52.839+02:00 TRACE 49472 --- [e-shop-backend] [http-nio-8080-exec-6] org.hibernate.orm.jdbc.bind              : binding parameter (1:BIGINT) <- [6]
2026-05-14T08:29:52.840+02:00 DEBUG 49472 --- [e-shop-backend] [http-nio-8080-exec-9] org.hibernate.SQL                        : select b1_0.id,b1_0.author_id,a1_0.id,a1_0.country_id,c1_0.id,c1_0.continent,c1_0.name,a1_0.created_at,a1_0.name,a1_0.surname,a1_0.updated_at,b1_0.available_copies,b1_0.category,b1_0.created_at,b1_0.date_published,b1_0.name,b1_0.state,b1_0.updated_at from books b1_0 join authors a1_0 on a1_0.id=b1_0.author_id join countries c1_0 on c1_0.id=a1_0.country_id
2026-05-14T08:29:52.842+02:00 DEBUG 49472 --- [e-shop-backend] [http-nio-8080-exec-6] org.hibernate.SQL                        : select a1_0.id,a1_0.country_id,a1_0.created_at,a1_0.name,a1_0.surname,a1_0.updated_at from authors a1_0
2026-05-14T08:29:52.842+02:00 DEBUG 49472 --- [e-shop-backend] [http-nio-8080-exec-6] org.hibernate.SQL                        : select c1_0.id,c1_0.continent,c1_0.name from countries c1_0 where c1_0.id=?
2026-05-14T08:29:52.842+02:00 TRACE 49472 --- [e-shop-backend] [http-nio-8080-exec-6] org.hibernate.orm.jdbc.bind              : binding parameter (1:BIGINT) <- [1]
2026-05-14T08:29:52.843+02:00 DEBUG 49472 --- [e-shop-backend] [http-nio-8080-exec-6] org.hibernate.SQL                        : select c1_0.id,c1_0.continent,c1_0.name from countries c1_0 where c1_0.id=?
2026-05-14T08:29:52.843+02:00 TRACE 49472 --- [e-shop-backend] [http-nio-8080-exec-6] org.hibernate.orm.jdbc.bind              : binding parameter (1:BIGINT) <- [2]
2026-05-14T08:29:52.843+02:00 DEBUG 49472 --- [e-shop-backend] [http-nio-8080-exec-6] org.hibernate.SQL                        : select c1_0.id,c1_0.continent,c1_0.name from countries c1_0 where c1_0.id=?
2026-05-14T08:29:52.843+02:00 TRACE 49472 --- [e-shop-backend] [http-nio-8080-exec-6] org.hibernate.orm.jdbc.bind              : binding parameter (1:BIGINT) <- [3]
2026-05-14T08:29:52.843+02:00 DEBUG 49472 --- [e-shop-backend] [http-nio-8080-exec-6] org.hibernate.SQL                        : select c1_0.id,c1_0.continent,c1_0.name from countries c1_0 where c1_0.id=?
2026-05-14T08:29:52.843+02:00 TRACE 49472 --- [e-shop-backend] [http-nio-8080-exec-6] org.hibernate.orm.jdbc.bind              : binding parameter (1:BIGINT) <- [4]
2026-05-14T08:29:52.844+02:00 DEBUG 49472 --- [e-shop-backend] [http-nio-8080-exec-6] org.hibernate.SQL                        : select c1_0.id,c1_0.continent,c1_0.name from countries c1_0 where c1_0.id=?
2026-05-14T08:29:52.844+02:00 TRACE 49472 --- [e-shop-backend] [http-nio-8080-exec-6] org.hibernate.orm.jdbc.bind              : binding parameter (1:BIGINT) <- [5]
2026-05-14T08:30:00.004+02:00  INFO 49472 --- [e-shop-backend] [scheduling-1] c.e.e.j.MaterializedViewRefreshScheduler : Refreshing BOOKS_STATS_MV...
2026-05-14T08:30:00.005+02:00 DEBUG 49472 --- [e-shop-backend] [scheduling-1] org.hibernate.SQL                        : refresh materialized view books_stats_view
2026-05-14T08:30:00.010+02:00  INFO 49472 --- [e-shop-backend] [scheduling-1] c.e.e.j.MaterializedViewRefreshScheduler : BOOKS_STATS_MV successfully refreshed.
2026-05-14T08:31:00.004+02:00  INFO 49472 --- [e-shop-backend] [scheduling-1] c.e.e.j.MaterializedViewRefreshScheduler : Refreshing BOOKS_STATS_MV...
2026-05-14T08:31:00.006+02:00 DEBUG 49472 --- [e-shop-backend] [scheduling-1] org.hibernate.SQL                        : refresh materialized view books_stats_view
2026-05-14T08:31:00.009+02:00  INFO 49472 --- [e-shop-backend] [scheduling-1] c.e.e.j.MaterializedViewRefreshScheduler : BOOKS_STATS_MV successfully refreshed.
2026-05-14T08:32:00.003+02:00  INFO 49472 --- [e-shop-backend] [scheduling-1] c.e.e.j.MaterializedViewRefreshScheduler : Refreshing BOOKS_STATS_MV...
2026-05-14T08:32:00.004+02:00 DEBUG 49472 --- [e-shop-backend] [scheduling-1] org.hibernate.SQL                        : refresh materialized view books_stats_view
2026-05-14T08:32:00.009+02:00  INFO 49472 --- [e-shop-backend] [scheduling-1] c.e.e.j.MaterializedViewRefreshScheduler : BOOKS_STATS_MV successfully refreshed.
2026-05-14T08:33:00.003+02:00  INFO 49472 --- [e-shop-backend] [scheduling-1] c.e.e.j.MaterializedViewRefreshScheduler : Refreshing BOOKS_STATS_MV...
2026-05-14T08:33:00.005+02:00 DEBUG 49472 --- [e-shop-backend] [scheduling-1] org.hibernate.SQL                        : refresh materialized view books_stats_view
2026-05-14T08:33:00.012+02:00  INFO 49472 --- [e-shop-backend] [scheduling-1] c.e.e.j.MaterializedViewRefreshScheduler : BOOKS_STATS_MV successfully refreshed.
2026-05-14T08:34:00.003+02:00  INFO 49472 --- [e-shop-backend] [scheduling-1] c.e.e.j.MaterializedViewRefreshScheduler : Refreshing BOOKS_STATS_MV...
2026-05-14T08:34:00.004+02:00 DEBUG 49472 --- [e-shop-backend] [scheduling-1] org.hibernate.SQL                        : refresh materialized view books_stats_view
2026-05-14T08:34:00.009+02:00  INFO 49472 --- [e-shop-backend] [scheduling-1] c.e.e.j.MaterializedViewRefreshScheduler : BOOKS_STATS_MV successfully refreshed.
2026-05-14T08:34:48.384+02:00 DEBUG 49472 --- [e-shop-backend] [http-nio-8080-exec-7] org.hibernate.SQL                        : select u1_0.id,u1_0.created_at,u1_0.email,u1_0.name,u1_0.password,u1_0.role,u1_0.surname,u1_0.updated_at,u1_0.username from users u1_0 where u1_0.username=?
2026-05-14T08:34:48.387+02:00 TRACE 49472 --- [e-shop-backend] [http-nio-8080-exec-7] org.hibernate.orm.jdbc.bind              : binding parameter (1:VARCHAR) <- [trajce]
2026-05-14T08:34:48.390+02:00 DEBUG 49472 --- [e-shop-backend] [http-nio-8080-exec-7] org.hibernate.SQL                        : select sc1_0.id,sc1_0.created_at,sc1_0.updated_at,sc1_0.user_id from shopping_carts sc1_0 where sc1_0.user_id=?
2026-05-14T08:34:48.391+02:00 TRACE 49472 --- [e-shop-backend] [http-nio-8080-exec-7] org.hibernate.orm.jdbc.bind              : binding parameter (1:BIGINT) <- [6]
2026-05-14T08:34:48.486+02:00 DEBUG 49472 --- [e-shop-backend] [http-nio-8080-exec-3] org.hibernate.SQL                        : select u1_0.id,u1_0.created_at,u1_0.email,u1_0.name,u1_0.password,u1_0.role,u1_0.surname,u1_0.updated_at,u1_0.username from users u1_0 where u1_0.username=?
2026-05-14T08:34:48.486+02:00 TRACE 49472 --- [e-shop-backend] [http-nio-8080-exec-3] org.hibernate.orm.jdbc.bind              : binding parameter (1:VARCHAR) <- [trajce]
2026-05-14T08:34:48.487+02:00 DEBUG 49472 --- [e-shop-backend] [http-nio-8080-exec-3] org.hibernate.SQL                        : select sc1_0.id,sc1_0.created_at,sc1_0.updated_at,sc1_0.user_id from shopping_carts sc1_0 where sc1_0.user_id=?
2026-05-14T08:34:48.487+02:00 TRACE 49472 --- [e-shop-backend] [http-nio-8080-exec-3] org.hibernate.orm.jdbc.bind              : binding parameter (1:BIGINT) <- [6]
2026-05-14T08:34:48.489+02:00 DEBUG 49472 --- [e-shop-backend] [http-nio-8080-exec-3] org.hibernate.SQL                        : select u1_0.id,u1_0.created_at,u1_0.email,u1_0.name,u1_0.password,u1_0.role,u1_0.surname,u1_0.updated_at,u1_0.username from users u1_0 where u1_0.username=?
2026-05-14T08:34:48.489+02:00 TRACE 49472 --- [e-shop-backend] [http-nio-8080-exec-3] org.hibernate.orm.jdbc.bind              : binding parameter (1:VARCHAR) <- [trajce]
2026-05-14T08:34:48.490+02:00 DEBUG 49472 --- [e-shop-backend] [http-nio-8080-exec-3] org.hibernate.SQL                        : select sc1_0.id,sc1_0.created_at,sc1_0.updated_at,sc1_0.user_id from shopping_carts sc1_0 where sc1_0.user_id=?
2026-05-14T08:34:48.490+02:00 TRACE 49472 --- [e-shop-backend] [http-nio-8080-exec-3] org.hibernate.orm.jdbc.bind              : binding parameter (1:BIGINT) <- [6]
2026-05-14T08:34:50.724+02:00 DEBUG 49472 --- [e-shop-backend] [http-nio-8080-exec-1] org.hibernate.SQL                        : select u1_0.id,u1_0.created_at,u1_0.email,u1_0.name,u1_0.password,u1_0.role,u1_0.surname,u1_0.updated_at,u1_0.username from users u1_0 where u1_0.username=?
2026-05-14T08:34:50.724+02:00 DEBUG 49472 --- [e-shop-backend] [http-nio-8080-exec-2] org.hibernate.SQL                        : select u1_0.id,u1_0.created_at,u1_0.email,u1_0.name,u1_0.password,u1_0.role,u1_0.surname,u1_0.updated_at,u1_0.username from users u1_0 where u1_0.username=?
2026-05-14T08:34:50.726+02:00 TRACE 49472 --- [e-shop-backend] [http-nio-8080-exec-2] org.hibernate.orm.jdbc.bind              : binding parameter (1:VARCHAR) <- [trajce]
2026-05-14T08:34:50.726+02:00 TRACE 49472 --- [e-shop-backend] [http-nio-8080-exec-1] org.hibernate.orm.jdbc.bind              : binding parameter (1:VARCHAR) <- [trajce]
2026-05-14T08:34:50.727+02:00 DEBUG 49472 --- [e-shop-backend] [http-nio-8080-exec-1] org.hibernate.SQL                        : select sc1_0.id,sc1_0.created_at,sc1_0.updated_at,sc1_0.user_id from shopping_carts sc1_0 where sc1_0.user_id=?
2026-05-14T08:34:50.728+02:00 TRACE 49472 --- [e-shop-backend] [http-nio-8080-exec-1] org.hibernate.orm.jdbc.bind              : binding parameter (1:BIGINT) <- [6]
2026-05-14T08:34:50.729+02:00 DEBUG 49472 --- [e-shop-backend] [http-nio-8080-exec-2] org.hibernate.SQL                        : select sc1_0.id,sc1_0.created_at,sc1_0.updated_at,sc1_0.user_id from shopping_carts sc1_0 where sc1_0.user_id=?
2026-05-14T08:34:50.729+02:00 TRACE 49472 --- [e-shop-backend] [http-nio-8080-exec-2] org.hibernate.orm.jdbc.bind              : binding parameter (1:BIGINT) <- [6]
2026-05-14T08:34:50.735+02:00 DEBUG 49472 --- [e-shop-backend] [http-nio-8080-exec-1] org.hibernate.SQL                        : select a1_0.id,a1_0.country_id,a1_0.created_at,a1_0.name,a1_0.surname,a1_0.updated_at from authors a1_0
2026-05-14T08:34:50.735+02:00 DEBUG 49472 --- [e-shop-backend] [http-nio-8080-exec-2] org.hibernate.SQL                        : select b1_0.id,b1_0.author_id,a1_0.id,a1_0.country_id,c1_0.id,c1_0.continent,c1_0.name,a1_0.created_at,a1_0.name,a1_0.surname,a1_0.updated_at,b1_0.available_copies,b1_0.category,b1_0.created_at,b1_0.date_published,b1_0.name,b1_0.state,b1_0.updated_at from books b1_0 join authors a1_0 on a1_0.id=b1_0.author_id join countries c1_0 on c1_0.id=a1_0.country_id
2026-05-14T08:34:50.738+02:00 DEBUG 49472 --- [e-shop-backend] [http-nio-8080-exec-1] org.hibernate.SQL                        : select c1_0.id,c1_0.continent,c1_0.name from countries c1_0 where c1_0.id=?
2026-05-14T08:34:50.738+02:00 TRACE 49472 --- [e-shop-backend] [http-nio-8080-exec-1] org.hibernate.orm.jdbc.bind              : binding parameter (1:BIGINT) <- [1]
2026-05-14T08:34:50.740+02:00 DEBUG 49472 --- [e-shop-backend] [http-nio-8080-exec-1] org.hibernate.SQL                        : select c1_0.id,c1_0.continent,c1_0.name from countries c1_0 where c1_0.id=?
2026-05-14T08:34:50.740+02:00 TRACE 49472 --- [e-shop-backend] [http-nio-8080-exec-1] org.hibernate.orm.jdbc.bind              : binding parameter (1:BIGINT) <- [2]
2026-05-14T08:34:50.741+02:00 DEBUG 49472 --- [e-shop-backend] [http-nio-8080-exec-1] org.hibernate.SQL                        : select c1_0.id,c1_0.continent,c1_0.name from countries c1_0 where c1_0.id=?
2026-05-14T08:34:50.741+02:00 TRACE 49472 --- [e-shop-backend] [http-nio-8080-exec-1] org.hibernate.orm.jdbc.bind              : binding parameter (1:BIGINT) <- [3]
2026-05-14T08:34:50.742+02:00 DEBUG 49472 --- [e-shop-backend] [http-nio-8080-exec-1] org.hibernate.SQL                        : select c1_0.id,c1_0.continent,c1_0.name from countries c1_0 where c1_0.id=?
2026-05-14T08:34:50.742+02:00 TRACE 49472 --- [e-shop-backend] [http-nio-8080-exec-1] org.hibernate.orm.jdbc.bind              : binding parameter (1:BIGINT) <- [4]
2026-05-14T08:34:50.743+02:00 DEBUG 49472 --- [e-shop-backend] [http-nio-8080-exec-1] org.hibernate.SQL                        : select c1_0.id,c1_0.continent,c1_0.name from countries c1_0 where c1_0.id=?
2026-05-14T08:34:50.743+02:00 TRACE 49472 --- [e-shop-backend] [http-nio-8080-exec-1] org.hibernate.orm.jdbc.bind              : binding parameter (1:BIGINT) <- [5]
2026-05-14T08:34:50.746+02:00 DEBUG 49472 --- [e-shop-backend] [http-nio-8080-exec-2] org.hibernate.SQL                        : select u1_0.id,u1_0.created_at,u1_0.email,u1_0.name,u1_0.password,u1_0.role,u1_0.surname,u1_0.updated_at,u1_0.username from users u1_0 where u1_0.username=?
2026-05-14T08:34:50.746+02:00 TRACE 49472 --- [e-shop-backend] [http-nio-8080-exec-2] org.hibernate.orm.jdbc.bind              : binding parameter (1:VARCHAR) <- [trajce]
2026-05-14T08:34:50.747+02:00 DEBUG 49472 --- [e-shop-backend] [http-nio-8080-exec-2] org.hibernate.SQL                        : select sc1_0.id,sc1_0.created_at,sc1_0.updated_at,sc1_0.user_id from shopping_carts sc1_0 where sc1_0.user_id=?
2026-05-14T08:34:50.747+02:00 TRACE 49472 --- [e-shop-backend] [http-nio-8080-exec-2] org.hibernate.orm.jdbc.bind              : binding parameter (1:BIGINT) <- [6]
2026-05-14T08:34:50.748+02:00 DEBUG 49472 --- [e-shop-backend] [http-nio-8080-exec-1] org.hibernate.SQL                        : select u1_0.id,u1_0.created_at,u1_0.email,u1_0.name,u1_0.password,u1_0.role,u1_0.surname,u1_0.updated_at,u1_0.username from users u1_0 where u1_0.username=?
2026-05-14T08:34:50.749+02:00 TRACE 49472 --- [e-shop-backend] [http-nio-8080-exec-1] org.hibernate.orm.jdbc.bind              : binding parameter (1:VARCHAR) <- [trajce]
2026-05-14T08:34:50.749+02:00 DEBUG 49472 --- [e-shop-backend] [http-nio-8080-exec-1] org.hibernate.SQL                        : select sc1_0.id,sc1_0.created_at,sc1_0.updated_at,sc1_0.user_id from shopping_carts sc1_0 where sc1_0.user_id=?
2026-05-14T08:34:50.749+02:00 TRACE 49472 --- [e-shop-backend] [http-nio-8080-exec-1] org.hibernate.orm.jdbc.bind              : binding parameter (1:BIGINT) <- [6]
2026-05-14T08:34:50.751+02:00 DEBUG 49472 --- [e-shop-backend] [http-nio-8080-exec-2] org.hibernate.SQL                        : select b1_0.id,b1_0.author_id,a1_0.id,a1_0.country_id,c1_0.id,c1_0.continent,c1_0.name,a1_0.created_at,a1_0.name,a1_0.surname,a1_0.updated_at,b1_0.available_copies,b1_0.category,b1_0.created_at,b1_0.date_published,b1_0.name,b1_0.state,b1_0.updated_at from books b1_0 join authors a1_0 on a1_0.id=b1_0.author_id join countries c1_0 on c1_0.id=a1_0.country_id
2026-05-14T08:34:50.752+02:00 DEBUG 49472 --- [e-shop-backend] [http-nio-8080-exec-1] org.hibernate.SQL                        : select a1_0.id,a1_0.country_id,a1_0.created_at,a1_0.name,a1_0.surname,a1_0.updated_at from authors a1_0
2026-05-14T08:34:50.753+02:00 DEBUG 49472 --- [e-shop-backend] [http-nio-8080-exec-1] org.hibernate.SQL                        : select c1_0.id,c1_0.continent,c1_0.name from countries c1_0 where c1_0.id=?
2026-05-14T08:34:50.753+02:00 TRACE 49472 --- [e-shop-backend] [http-nio-8080-exec-1] org.hibernate.orm.jdbc.bind              : binding parameter (1:BIGINT) <- [1]
2026-05-14T08:34:50.753+02:00 DEBUG 49472 --- [e-shop-backend] [http-nio-8080-exec-1] org.hibernate.SQL                        : select c1_0.id,c1_0.continent,c1_0.name from countries c1_0 where c1_0.id=?
2026-05-14T08:34:50.753+02:00 TRACE 49472 --- [e-shop-backend] [http-nio-8080-exec-1] org.hibernate.orm.jdbc.bind              : binding parameter (1:BIGINT) <- [2]
2026-05-14T08:34:50.754+02:00 DEBUG 49472 --- [e-shop-backend] [http-nio-8080-exec-1] org.hibernate.SQL                        : select c1_0.id,c1_0.continent,c1_0.name from countries c1_0 where c1_0.id=?
2026-05-14T08:34:50.754+02:00 TRACE 49472 --- [e-shop-backend] [http-nio-8080-exec-1] org.hibernate.orm.jdbc.bind              : binding parameter (1:BIGINT) <- [3]
2026-05-14T08:34:50.754+02:00 DEBUG 49472 --- [e-shop-backend] [http-nio-8080-exec-1] org.hibernate.SQL                        : select c1_0.id,c1_0.continent,c1_0.name from countries c1_0 where c1_0.id=?
2026-05-14T08:34:50.754+02:00 TRACE 49472 --- [e-shop-backend] [http-nio-8080-exec-1] org.hibernate.orm.jdbc.bind              : binding parameter (1:BIGINT) <- [4]
2026-05-14T08:34:50.755+02:00 DEBUG 49472 --- [e-shop-backend] [http-nio-8080-exec-1] org.hibernate.SQL                        : select c1_0.id,c1_0.continent,c1_0.name from countries c1_0 where c1_0.id=?
2026-05-14T08:34:50.755+02:00 TRACE 49472 --- [e-shop-backend] [http-nio-8080-exec-1] org.hibernate.orm.jdbc.bind              : binding parameter (1:BIGINT) <- [5]
2026-05-14T08:34:51.496+02:00 DEBUG 49472 --- [e-shop-backend] [http-nio-8080-exec-5] org.hibernate.SQL                        : select u1_0.id,u1_0.created_at,u1_0.email,u1_0.name,u1_0.password,u1_0.role,u1_0.surname,u1_0.updated_at,u1_0.username from users u1_0 where u1_0.username=?
2026-05-14T08:34:51.498+02:00 TRACE 49472 --- [e-shop-backend] [http-nio-8080-exec-5] org.hibernate.orm.jdbc.bind              : binding parameter (1:VARCHAR) <- [trajce]
2026-05-14T08:34:51.500+02:00 DEBUG 49472 --- [e-shop-backend] [http-nio-8080-exec-5] org.hibernate.SQL                        : select sc1_0.id,sc1_0.created_at,sc1_0.updated_at,sc1_0.user_id from shopping_carts sc1_0 where sc1_0.user_id=?
2026-05-14T08:34:51.500+02:00 TRACE 49472 --- [e-shop-backend] [http-nio-8080-exec-5] org.hibernate.orm.jdbc.bind              : binding parameter (1:BIGINT) <- [6]
2026-05-14T08:34:51.505+02:00 DEBUG 49472 --- [e-shop-backend] [http-nio-8080-exec-5] org.hibernate.SQL                        : select a1_0.id,a1_0.country_id,a1_0.created_at,a1_0.name,a1_0.surname,a1_0.updated_at from authors a1_0
2026-05-14T08:34:51.508+02:00 DEBUG 49472 --- [e-shop-backend] [http-nio-8080-exec-5] org.hibernate.SQL                        : select c1_0.id,c1_0.continent,c1_0.name from countries c1_0 where c1_0.id=?
2026-05-14T08:34:51.508+02:00 TRACE 49472 --- [e-shop-backend] [http-nio-8080-exec-5] org.hibernate.orm.jdbc.bind              : binding parameter (1:BIGINT) <- [1]
2026-05-14T08:34:51.509+02:00 DEBUG 49472 --- [e-shop-backend] [http-nio-8080-exec-5] org.hibernate.SQL                        : select c1_0.id,c1_0.continent,c1_0.name from countries c1_0 where c1_0.id=?
2026-05-14T08:34:51.510+02:00 TRACE 49472 --- [e-shop-backend] [http-nio-8080-exec-5] org.hibernate.orm.jdbc.bind              : binding parameter (1:BIGINT) <- [2]
2026-05-14T08:34:51.510+02:00 DEBUG 49472 --- [e-shop-backend] [http-nio-8080-exec-5] org.hibernate.SQL                        : select c1_0.id,c1_0.continent,c1_0.name from countries c1_0 where c1_0.id=?
2026-05-14T08:34:51.511+02:00 TRACE 49472 --- [e-shop-backend] [http-nio-8080-exec-5] org.hibernate.orm.jdbc.bind              : binding parameter (1:BIGINT) <- [3]
2026-05-14T08:34:51.511+02:00 DEBUG 49472 --- [e-shop-backend] [http-nio-8080-exec-5] org.hibernate.SQL                        : select c1_0.id,c1_0.continent,c1_0.name from countries c1_0 where c1_0.id=?
2026-05-14T08:34:51.511+02:00 TRACE 49472 --- [e-shop-backend] [http-nio-8080-exec-5] org.hibernate.orm.jdbc.bind              : binding parameter (1:BIGINT) <- [4]
2026-05-14T08:34:51.512+02:00 DEBUG 49472 --- [e-shop-backend] [http-nio-8080-exec-5] org.hibernate.SQL                        : select c1_0.id,c1_0.continent,c1_0.name from countries c1_0 where c1_0.id=?
2026-05-14T08:34:51.512+02:00 TRACE 49472 --- [e-shop-backend] [http-nio-8080-exec-5] org.hibernate.orm.jdbc.bind              : binding parameter (1:BIGINT) <- [5]
2026-05-14T08:34:51.520+02:00 DEBUG 49472 --- [e-shop-backend] [http-nio-8080-exec-3] org.hibernate.SQL                        : select u1_0.id,u1_0.created_at,u1_0.email,u1_0.name,u1_0.password,u1_0.role,u1_0.surname,u1_0.updated_at,u1_0.username from users u1_0 where u1_0.username=?
2026-05-14T08:34:51.520+02:00 TRACE 49472 --- [e-shop-backend] [http-nio-8080-exec-3] org.hibernate.orm.jdbc.bind              : binding parameter (1:VARCHAR) <- [trajce]
2026-05-14T08:34:51.522+02:00 DEBUG 49472 --- [e-shop-backend] [http-nio-8080-exec-3] org.hibernate.SQL                        : select sc1_0.id,sc1_0.created_at,sc1_0.updated_at,sc1_0.user_id from shopping_carts sc1_0 where sc1_0.user_id=?
2026-05-14T08:34:51.522+02:00 TRACE 49472 --- [e-shop-backend] [http-nio-8080-exec-3] org.hibernate.orm.jdbc.bind              : binding parameter (1:BIGINT) <- [6]
2026-05-14T08:34:51.528+02:00 DEBUG 49472 --- [e-shop-backend] [http-nio-8080-exec-3] org.hibernate.SQL                        : select a1_0.id,a1_0.country_id,a1_0.created_at,a1_0.name,a1_0.surname,a1_0.updated_at from authors a1_0
2026-05-14T08:34:51.529+02:00 DEBUG 49472 --- [e-shop-backend] [http-nio-8080-exec-3] org.hibernate.SQL                        : select c1_0.id,c1_0.continent,c1_0.name from countries c1_0 where c1_0.id=?
2026-05-14T08:34:51.529+02:00 TRACE 49472 --- [e-shop-backend] [http-nio-8080-exec-3] org.hibernate.orm.jdbc.bind              : binding parameter (1:BIGINT) <- [1]
2026-05-14T08:34:51.530+02:00 DEBUG 49472 --- [e-shop-backend] [http-nio-8080-exec-3] org.hibernate.SQL                        : select c1_0.id,c1_0.continent,c1_0.name from countries c1_0 where c1_0.id=?
2026-05-14T08:34:51.530+02:00 TRACE 49472 --- [e-shop-backend] [http-nio-8080-exec-3] org.hibernate.orm.jdbc.bind              : binding parameter (1:BIGINT) <- [2]
2026-05-14T08:34:51.531+02:00 DEBUG 49472 --- [e-shop-backend] [http-nio-8080-exec-3] org.hibernate.SQL                        : select c1_0.id,c1_0.continent,c1_0.name from countries c1_0 where c1_0.id=?
2026-05-14T08:34:51.531+02:00 TRACE 49472 --- [e-shop-backend] [http-nio-8080-exec-3] org.hibernate.orm.jdbc.bind              : binding parameter (1:BIGINT) <- [3]
2026-05-14T08:34:51.532+02:00 DEBUG 49472 --- [e-shop-backend] [http-nio-8080-exec-3] org.hibernate.SQL                        : select c1_0.id,c1_0.continent,c1_0.name from countries c1_0 where c1_0.id=?
2026-05-14T08:34:51.532+02:00 TRACE 49472 --- [e-shop-backend] [http-nio-8080-exec-3] org.hibernate.orm.jdbc.bind              : binding parameter (1:BIGINT) <- [4]
2026-05-14T08:34:51.533+02:00 DEBUG 49472 --- [e-shop-backend] [http-nio-8080-exec-3] org.hibernate.SQL                        : select c1_0.id,c1_0.continent,c1_0.name from countries c1_0 where c1_0.id=?
2026-05-14T08:34:51.533+02:00 TRACE 49472 --- [e-shop-backend] [http-nio-8080-exec-3] org.hibernate.orm.jdbc.bind              : binding parameter (1:BIGINT) <- [5]
2026-05-14T08:34:52.025+02:00 DEBUG 49472 --- [e-shop-backend] [http-nio-8080-exec-8] org.hibernate.SQL                        : select u1_0.id,u1_0.created_at,u1_0.email,u1_0.name,u1_0.password,u1_0.role,u1_0.surname,u1_0.updated_at,u1_0.username from users u1_0 where u1_0.username=?
2026-05-14T08:34:52.026+02:00 TRACE 49472 --- [e-shop-backend] [http-nio-8080-exec-8] org.hibernate.orm.jdbc.bind              : binding parameter (1:VARCHAR) <- [trajce]
2026-05-14T08:34:52.028+02:00 DEBUG 49472 --- [e-shop-backend] [http-nio-8080-exec-8] org.hibernate.SQL                        : select sc1_0.id,sc1_0.created_at,sc1_0.updated_at,sc1_0.user_id from shopping_carts sc1_0 where sc1_0.user_id=?
2026-05-14T08:34:52.028+02:00 TRACE 49472 --- [e-shop-backend] [http-nio-8080-exec-8] org.hibernate.orm.jdbc.bind              : binding parameter (1:BIGINT) <- [6]
2026-05-14T08:34:52.033+02:00 DEBUG 49472 --- [e-shop-backend] [http-nio-8080-exec-8] org.hibernate.SQL                        : select c1_0.id,c1_0.continent,c1_0.name from countries c1_0
2026-05-14T08:34:52.042+02:00 DEBUG 49472 --- [e-shop-backend] [http-nio-8080-exec-9] org.hibernate.SQL                        : select u1_0.id,u1_0.created_at,u1_0.email,u1_0.name,u1_0.password,u1_0.role,u1_0.surname,u1_0.updated_at,u1_0.username from users u1_0 where u1_0.username=?
2026-05-14T08:34:52.042+02:00 TRACE 49472 --- [e-shop-backend] [http-nio-8080-exec-9] org.hibernate.orm.jdbc.bind              : binding parameter (1:VARCHAR) <- [trajce]
2026-05-14T08:34:52.044+02:00 DEBUG 49472 --- [e-shop-backend] [http-nio-8080-exec-9] org.hibernate.SQL                        : select sc1_0.id,sc1_0.created_at,sc1_0.updated_at,sc1_0.user_id from shopping_carts sc1_0 where sc1_0.user_id=?
2026-05-14T08:34:52.044+02:00 TRACE 49472 --- [e-shop-backend] [http-nio-8080-exec-9] org.hibernate.orm.jdbc.bind              : binding parameter (1:BIGINT) <- [6]
2026-05-14T08:34:52.048+02:00 DEBUG 49472 --- [e-shop-backend] [http-nio-8080-exec-9] org.hibernate.SQL                        : select c1_0.id,c1_0.continent,c1_0.name from countries c1_0
2026-05-14T08:34:52.607+02:00 DEBUG 49472 --- [e-shop-backend] [http-nio-8080-exec-7] org.hibernate.SQL                        : select u1_0.id,u1_0.created_at,u1_0.email,u1_0.name,u1_0.password,u1_0.role,u1_0.surname,u1_0.updated_at,u1_0.username from users u1_0 where u1_0.username=?
2026-05-14T08:34:52.607+02:00 DEBUG 49472 --- [e-shop-backend] [http-nio-8080-exec-10] org.hibernate.SQL                        : select u1_0.id,u1_0.created_at,u1_0.email,u1_0.name,u1_0.password,u1_0.role,u1_0.surname,u1_0.updated_at,u1_0.username from users u1_0 where u1_0.username=?
2026-05-14T08:34:52.609+02:00 TRACE 49472 --- [e-shop-backend] [http-nio-8080-exec-7] org.hibernate.orm.jdbc.bind              : binding parameter (1:VARCHAR) <- [trajce]
2026-05-14T08:34:52.609+02:00 TRACE 49472 --- [e-shop-backend] [http-nio-8080-exec-10] org.hibernate.orm.jdbc.bind              : binding parameter (1:VARCHAR) <- [trajce]
2026-05-14T08:34:52.610+02:00 DEBUG 49472 --- [e-shop-backend] [http-nio-8080-exec-10] org.hibernate.SQL                        : select sc1_0.id,sc1_0.created_at,sc1_0.updated_at,sc1_0.user_id from shopping_carts sc1_0 where sc1_0.user_id=?
2026-05-14T08:34:52.610+02:00 DEBUG 49472 --- [e-shop-backend] [http-nio-8080-exec-7] org.hibernate.SQL                        : select sc1_0.id,sc1_0.created_at,sc1_0.updated_at,sc1_0.user_id from shopping_carts sc1_0 where sc1_0.user_id=?
2026-05-14T08:34:52.610+02:00 TRACE 49472 --- [e-shop-backend] [http-nio-8080-exec-10] org.hibernate.orm.jdbc.bind              : binding parameter (1:BIGINT) <- [6]
2026-05-14T08:34:52.610+02:00 TRACE 49472 --- [e-shop-backend] [http-nio-8080-exec-7] org.hibernate.orm.jdbc.bind              : binding parameter (1:BIGINT) <- [6]
2026-05-14T08:34:52.615+02:00 DEBUG 49472 --- [e-shop-backend] [http-nio-8080-exec-10] org.hibernate.SQL                        : select a1_0.id,a1_0.country_id,a1_0.created_at,a1_0.name,a1_0.surname,a1_0.updated_at from authors a1_0
2026-05-14T08:34:52.615+02:00 DEBUG 49472 --- [e-shop-backend] [http-nio-8080-exec-7] org.hibernate.SQL                        : select b1_0.id,b1_0.author_id,a1_0.id,a1_0.country_id,c1_0.id,c1_0.continent,c1_0.name,a1_0.created_at,a1_0.name,a1_0.surname,a1_0.updated_at,b1_0.available_copies,b1_0.category,b1_0.created_at,b1_0.date_published,b1_0.name,b1_0.state,b1_0.updated_at from books b1_0 join authors a1_0 on a1_0.id=b1_0.author_id join countries c1_0 on c1_0.id=a1_0.country_id
2026-05-14T08:34:52.617+02:00 DEBUG 49472 --- [e-shop-backend] [http-nio-8080-exec-10] org.hibernate.SQL                        : select c1_0.id,c1_0.continent,c1_0.name from countries c1_0 where c1_0.id=?
2026-05-14T08:34:52.617+02:00 TRACE 49472 --- [e-shop-backend] [http-nio-8080-exec-10] org.hibernate.orm.jdbc.bind              : binding parameter (1:BIGINT) <- [1]
2026-05-14T08:34:52.618+02:00 DEBUG 49472 --- [e-shop-backend] [http-nio-8080-exec-10] org.hibernate.SQL                        : select c1_0.id,c1_0.continent,c1_0.name from countries c1_0 where c1_0.id=?
2026-05-14T08:34:52.618+02:00 TRACE 49472 --- [e-shop-backend] [http-nio-8080-exec-10] org.hibernate.orm.jdbc.bind              : binding parameter (1:BIGINT) <- [2]
2026-05-14T08:34:52.619+02:00 DEBUG 49472 --- [e-shop-backend] [http-nio-8080-exec-10] org.hibernate.SQL                        : select c1_0.id,c1_0.continent,c1_0.name from countries c1_0 where c1_0.id=?
2026-05-14T08:34:52.620+02:00 TRACE 49472 --- [e-shop-backend] [http-nio-8080-exec-10] org.hibernate.orm.jdbc.bind              : binding parameter (1:BIGINT) <- [3]
2026-05-14T08:34:52.621+02:00 DEBUG 49472 --- [e-shop-backend] [http-nio-8080-exec-10] org.hibernate.SQL                        : select c1_0.id,c1_0.continent,c1_0.name from countries c1_0 where c1_0.id=?
2026-05-14T08:34:52.621+02:00 TRACE 49472 --- [e-shop-backend] [http-nio-8080-exec-10] org.hibernate.orm.jdbc.bind              : binding parameter (1:BIGINT) <- [4]
2026-05-14T08:34:52.622+02:00 DEBUG 49472 --- [e-shop-backend] [http-nio-8080-exec-10] org.hibernate.SQL                        : select c1_0.id,c1_0.continent,c1_0.name from countries c1_0 where c1_0.id=?
2026-05-14T08:34:52.622+02:00 TRACE 49472 --- [e-shop-backend] [http-nio-8080-exec-10] org.hibernate.orm.jdbc.bind              : binding parameter (1:BIGINT) <- [5]
2026-05-14T08:34:52.624+02:00 DEBUG 49472 --- [e-shop-backend] [http-nio-8080-exec-2] org.hibernate.SQL                        : select u1_0.id,u1_0.created_at,u1_0.email,u1_0.name,u1_0.password,u1_0.role,u1_0.surname,u1_0.updated_at,u1_0.username from users u1_0 where u1_0.username=?
2026-05-14T08:34:52.625+02:00 TRACE 49472 --- [e-shop-backend] [http-nio-8080-exec-2] org.hibernate.orm.jdbc.bind              : binding parameter (1:VARCHAR) <- [trajce]
2026-05-14T08:34:52.626+02:00 DEBUG 49472 --- [e-shop-backend] [http-nio-8080-exec-2] org.hibernate.SQL                        : select sc1_0.id,sc1_0.created_at,sc1_0.updated_at,sc1_0.user_id from shopping_carts sc1_0 where sc1_0.user_id=?
2026-05-14T08:34:52.626+02:00 TRACE 49472 --- [e-shop-backend] [http-nio-8080-exec-2] org.hibernate.orm.jdbc.bind              : binding parameter (1:BIGINT) <- [6]
2026-05-14T08:34:52.628+02:00 DEBUG 49472 --- [e-shop-backend] [http-nio-8080-exec-1] org.hibernate.SQL                        : select u1_0.id,u1_0.created_at,u1_0.email,u1_0.name,u1_0.password,u1_0.role,u1_0.surname,u1_0.updated_at,u1_0.username from users u1_0 where u1_0.username=?
2026-05-14T08:34:52.628+02:00 TRACE 49472 --- [e-shop-backend] [http-nio-8080-exec-1] org.hibernate.orm.jdbc.bind              : binding parameter (1:VARCHAR) <- [trajce]
2026-05-14T08:34:52.629+02:00 DEBUG 49472 --- [e-shop-backend] [http-nio-8080-exec-1] org.hibernate.SQL                        : select sc1_0.id,sc1_0.created_at,sc1_0.updated_at,sc1_0.user_id from shopping_carts sc1_0 where sc1_0.user_id=?
2026-05-14T08:34:52.629+02:00 DEBUG 49472 --- [e-shop-backend] [http-nio-8080-exec-2] org.hibernate.SQL                        : select b1_0.id,b1_0.author_id,a1_0.id,a1_0.country_id,c1_0.id,c1_0.continent,c1_0.name,a1_0.created_at,a1_0.name,a1_0.surname,a1_0.updated_at,b1_0.available_copies,b1_0.category,b1_0.created_at,b1_0.date_published,b1_0.name,b1_0.state,b1_0.updated_at from books b1_0 join authors a1_0 on a1_0.id=b1_0.author_id join countries c1_0 on c1_0.id=a1_0.country_id
2026-05-14T08:34:52.629+02:00 TRACE 49472 --- [e-shop-backend] [http-nio-8080-exec-1] org.hibernate.orm.jdbc.bind              : binding parameter (1:BIGINT) <- [6]
2026-05-14T08:34:52.631+02:00 DEBUG 49472 --- [e-shop-backend] [http-nio-8080-exec-1] org.hibernate.SQL                        : select a1_0.id,a1_0.country_id,a1_0.created_at,a1_0.name,a1_0.surname,a1_0.updated_at from authors a1_0
2026-05-14T08:34:52.632+02:00 DEBUG 49472 --- [e-shop-backend] [http-nio-8080-exec-1] org.hibernate.SQL                        : select c1_0.id,c1_0.continent,c1_0.name from countries c1_0 where c1_0.id=?
2026-05-14T08:34:52.632+02:00 TRACE 49472 --- [e-shop-backend] [http-nio-8080-exec-1] org.hibernate.orm.jdbc.bind              : binding parameter (1:BIGINT) <- [1]
2026-05-14T08:34:52.633+02:00 DEBUG 49472 --- [e-shop-backend] [http-nio-8080-exec-1] org.hibernate.SQL                        : select c1_0.id,c1_0.continent,c1_0.name from countries c1_0 where c1_0.id=?
2026-05-14T08:34:52.633+02:00 TRACE 49472 --- [e-shop-backend] [http-nio-8080-exec-1] org.hibernate.orm.jdbc.bind              : binding parameter (1:BIGINT) <- [2]
2026-05-14T08:34:52.633+02:00 DEBUG 49472 --- [e-shop-backend] [http-nio-8080-exec-1] org.hibernate.SQL                        : select c1_0.id,c1_0.continent,c1_0.name from countries c1_0 where c1_0.id=?
2026-05-14T08:34:52.633+02:00 TRACE 49472 --- [e-shop-backend] [http-nio-8080-exec-1] org.hibernate.orm.jdbc.bind              : binding parameter (1:BIGINT) <- [3]
2026-05-14T08:34:52.634+02:00 DEBUG 49472 --- [e-shop-backend] [http-nio-8080-exec-1] org.hibernate.SQL                        : select c1_0.id,c1_0.continent,c1_0.name from countries c1_0 where c1_0.id=?
2026-05-14T08:34:52.634+02:00 TRACE 49472 --- [e-shop-backend] [http-nio-8080-exec-1] org.hibernate.orm.jdbc.bind              : binding parameter (1:BIGINT) <- [4]
2026-05-14T08:34:52.634+02:00 DEBUG 49472 --- [e-shop-backend] [http-nio-8080-exec-1] org.hibernate.SQL                        : select c1_0.id,c1_0.continent,c1_0.name from countries c1_0 where c1_0.id=?
2026-05-14T08:34:52.634+02:00 TRACE 49472 --- [e-shop-backend] [http-nio-8080-exec-1] org.hibernate.orm.jdbc.bind              : binding parameter (1:BIGINT) <- [5]
2026-05-14T08:34:53.304+02:00 DEBUG 49472 --- [e-shop-backend] [http-nio-8080-exec-3] org.hibernate.SQL                        : select u1_0.id,u1_0.created_at,u1_0.email,u1_0.name,u1_0.password,u1_0.role,u1_0.surname,u1_0.updated_at,u1_0.username from users u1_0 where u1_0.username=?
2026-05-14T08:34:53.306+02:00 TRACE 49472 --- [e-shop-backend] [http-nio-8080-exec-3] org.hibernate.orm.jdbc.bind              : binding parameter (1:VARCHAR) <- [trajce]
2026-05-14T08:34:53.308+02:00 DEBUG 49472 --- [e-shop-backend] [http-nio-8080-exec-3] org.hibernate.SQL                        : select sc1_0.id,sc1_0.created_at,sc1_0.updated_at,sc1_0.user_id from shopping_carts sc1_0 where sc1_0.user_id=?
2026-05-14T08:34:53.308+02:00 TRACE 49472 --- [e-shop-backend] [http-nio-8080-exec-3] org.hibernate.orm.jdbc.bind              : binding parameter (1:BIGINT) <- [6]
2026-05-14T08:34:53.313+02:00 DEBUG 49472 --- [e-shop-backend] [http-nio-8080-exec-3] org.hibernate.SQL                        : select b1_0.id,b1_0.author_id,b1_0.available_copies,b1_0.category,b1_0.created_at,b1_0.date_published,b1_0.name,b1_0.state,b1_0.updated_at from books b1_0 where b1_0.state=?
2026-05-14T08:34:53.313+02:00 TRACE 49472 --- [e-shop-backend] [http-nio-8080-exec-3] org.hibernate.orm.jdbc.bind              : binding parameter (1:VARCHAR) <- [GOOD]
2026-05-14T08:34:53.315+02:00 DEBUG 49472 --- [e-shop-backend] [http-nio-8080-exec-3] org.hibernate.SQL                        : select a1_0.id,a1_0.country_id,c1_0.id,c1_0.continent,c1_0.name,a1_0.created_at,a1_0.name,a1_0.surname,a1_0.updated_at from authors a1_0 join countries c1_0 on c1_0.id=a1_0.country_id where a1_0.id=?
2026-05-14T08:34:53.315+02:00 TRACE 49472 --- [e-shop-backend] [http-nio-8080-exec-3] org.hibernate.orm.jdbc.bind              : binding parameter (1:BIGINT) <- [1]
2026-05-14T08:34:53.317+02:00 DEBUG 49472 --- [e-shop-backend] [http-nio-8080-exec-3] org.hibernate.SQL                        : select a1_0.id,a1_0.country_id,c1_0.id,c1_0.continent,c1_0.name,a1_0.created_at,a1_0.name,a1_0.surname,a1_0.updated_at from authors a1_0 join countries c1_0 on c1_0.id=a1_0.country_id where a1_0.id=?
2026-05-14T08:34:53.317+02:00 TRACE 49472 --- [e-shop-backend] [http-nio-8080-exec-3] org.hibernate.orm.jdbc.bind              : binding parameter (1:BIGINT) <- [2]
2026-05-14T08:34:53.319+02:00 DEBUG 49472 --- [e-shop-backend] [http-nio-8080-exec-3] org.hibernate.SQL                        : select a1_0.id,a1_0.country_id,c1_0.id,c1_0.continent,c1_0.name,a1_0.created_at,a1_0.name,a1_0.surname,a1_0.updated_at from authors a1_0 join countries c1_0 on c1_0.id=a1_0.country_id where a1_0.id=?
2026-05-14T08:34:53.319+02:00 TRACE 49472 --- [e-shop-backend] [http-nio-8080-exec-3] org.hibernate.orm.jdbc.bind              : binding parameter (1:BIGINT) <- [3]
2026-05-14T08:34:53.320+02:00 DEBUG 49472 --- [e-shop-backend] [http-nio-8080-exec-3] org.hibernate.SQL                        : select a1_0.id,a1_0.country_id,c1_0.id,c1_0.continent,c1_0.name,a1_0.created_at,a1_0.name,a1_0.surname,a1_0.updated_at from authors a1_0 join countries c1_0 on c1_0.id=a1_0.country_id where a1_0.id=?
2026-05-14T08:34:53.320+02:00 TRACE 49472 --- [e-shop-backend] [http-nio-8080-exec-3] org.hibernate.orm.jdbc.bind              : binding parameter (1:BIGINT) <- [4]
2026-05-14T08:34:53.322+02:00 DEBUG 49472 --- [e-shop-backend] [http-nio-8080-exec-3] org.hibernate.SQL                        : select a1_0.id,a1_0.country_id,c1_0.id,c1_0.continent,c1_0.name,a1_0.created_at,a1_0.name,a1_0.surname,a1_0.updated_at from authors a1_0 join countries c1_0 on c1_0.id=a1_0.country_id where a1_0.id=?
2026-05-14T08:34:53.322+02:00 TRACE 49472 --- [e-shop-backend] [http-nio-8080-exec-3] org.hibernate.orm.jdbc.bind              : binding parameter (1:BIGINT) <- [5]
2026-05-14T08:34:53.765+02:00 DEBUG 49472 --- [e-shop-backend] [http-nio-8080-exec-6] org.hibernate.SQL                        : select u1_0.id,u1_0.created_at,u1_0.email,u1_0.name,u1_0.password,u1_0.role,u1_0.surname,u1_0.updated_at,u1_0.username from users u1_0 where u1_0.username=?
2026-05-14T08:34:53.766+02:00 TRACE 49472 --- [e-shop-backend] [http-nio-8080-exec-6] org.hibernate.orm.jdbc.bind              : binding parameter (1:VARCHAR) <- [trajce]
2026-05-14T08:34:53.769+02:00 DEBUG 49472 --- [e-shop-backend] [http-nio-8080-exec-6] org.hibernate.SQL                        : select sc1_0.id,sc1_0.created_at,sc1_0.updated_at,sc1_0.user_id from shopping_carts sc1_0 where sc1_0.user_id=?
2026-05-14T08:34:53.769+02:00 TRACE 49472 --- [e-shop-backend] [http-nio-8080-exec-6] org.hibernate.orm.jdbc.bind              : binding parameter (1:BIGINT) <- [6]
2026-05-14T08:34:53.775+02:00 DEBUG 49472 --- [e-shop-backend] [http-nio-8080-exec-6] org.hibernate.SQL                        : select b1_0.id,b1_0.author_id,b1_0.available_copies,b1_0.category,b1_0.created_at,b1_0.date_published,b1_0.name,b1_0.state,b1_0.updated_at from books b1_0 where b1_0.state=?
2026-05-14T08:34:53.776+02:00 TRACE 49472 --- [e-shop-backend] [http-nio-8080-exec-6] org.hibernate.orm.jdbc.bind              : binding parameter (1:VARCHAR) <- [BAD]
2026-05-14T08:34:53.777+02:00 DEBUG 49472 --- [e-shop-backend] [http-nio-8080-exec-6] org.hibernate.SQL                        : select a1_0.id,a1_0.country_id,c1_0.id,c1_0.continent,c1_0.name,a1_0.created_at,a1_0.name,a1_0.surname,a1_0.updated_at from authors a1_0 join countries c1_0 on c1_0.id=a1_0.country_id where a1_0.id=?
2026-05-14T08:34:53.777+02:00 TRACE 49472 --- [e-shop-backend] [http-nio-8080-exec-6] org.hibernate.orm.jdbc.bind              : binding parameter (1:BIGINT) <- [3]
2026-05-14T08:34:53.778+02:00 DEBUG 49472 --- [e-shop-backend] [http-nio-8080-exec-6] org.hibernate.SQL                        : select a1_0.id,a1_0.country_id,c1_0.id,c1_0.continent,c1_0.name,a1_0.created_at,a1_0.name,a1_0.surname,a1_0.updated_at from authors a1_0 join countries c1_0 on c1_0.id=a1_0.country_id where a1_0.id=?
2026-05-14T08:34:53.778+02:00 TRACE 49472 --- [e-shop-backend] [http-nio-8080-exec-6] org.hibernate.orm.jdbc.bind              : binding parameter (1:BIGINT) <- [5]
2026-05-14T08:34:54.288+02:00 DEBUG 49472 --- [e-shop-backend] [http-nio-8080-exec-8] org.hibernate.SQL                        : select u1_0.id,u1_0.created_at,u1_0.email,u1_0.name,u1_0.password,u1_0.role,u1_0.surname,u1_0.updated_at,u1_0.username from users u1_0 where u1_0.username=?
2026-05-14T08:34:54.289+02:00 TRACE 49472 --- [e-shop-backend] [http-nio-8080-exec-8] org.hibernate.orm.jdbc.bind              : binding parameter (1:VARCHAR) <- [trajce]
2026-05-14T08:34:54.290+02:00 DEBUG 49472 --- [e-shop-backend] [http-nio-8080-exec-8] org.hibernate.SQL                        : select sc1_0.id,sc1_0.created_at,sc1_0.updated_at,sc1_0.user_id from shopping_carts sc1_0 where sc1_0.user_id=?
2026-05-14T08:34:54.290+02:00 TRACE 49472 --- [e-shop-backend] [http-nio-8080-exec-8] org.hibernate.orm.jdbc.bind              : binding parameter (1:BIGINT) <- [6]
2026-05-14T08:34:54.294+02:00 DEBUG 49472 --- [e-shop-backend] [http-nio-8080-exec-8] org.hibernate.SQL                        : select b1_0.id,b1_0.author_id,a1_0.id,a1_0.country_id,c1_0.id,c1_0.continent,c1_0.name,a1_0.created_at,a1_0.name,a1_0.surname,a1_0.updated_at,b1_0.available_copies,b1_0.category,b1_0.created_at,b1_0.date_published,b1_0.name,b1_0.state,b1_0.updated_at from books b1_0 join authors a1_0 on a1_0.id=b1_0.author_id join countries c1_0 on c1_0.id=a1_0.country_id
2026-05-14T08:35:00.003+02:00  INFO 49472 --- [e-shop-backend] [scheduling-1] c.e.e.j.MaterializedViewRefreshScheduler : Refreshing BOOKS_STATS_MV...
2026-05-14T08:35:00.005+02:00 DEBUG 49472 --- [e-shop-backend] [scheduling-1] org.hibernate.SQL                        : refresh materialized view books_stats_view
2026-05-14T08:35:00.010+02:00  INFO 49472 --- [e-shop-backend] [scheduling-1] c.e.e.j.MaterializedViewRefreshScheduler : BOOKS_STATS_MV successfully refreshed.
2026-05-14T08:36:02.317+02:00  INFO 49472 --- [e-shop-backend] [scheduling-1] c.e.e.j.MaterializedViewRefreshScheduler : Refreshing BOOKS_STATS_MV...
2026-05-14T08:36:02.319+02:00 DEBUG 49472 --- [e-shop-backend] [scheduling-1] org.hibernate.SQL                        : refresh materialized view books_stats_view
2026-05-14T08:36:02.324+02:00  INFO 49472 --- [e-shop-backend] [scheduling-1] c.e.e.j.MaterializedViewRefreshScheduler : BOOKS_STATS_MV successfully refreshed.
2026-05-14T08:37:00.003+02:00  INFO 49472 --- [e-shop-backend] [scheduling-1] c.e.e.j.MaterializedViewRefreshScheduler : Refreshing BOOKS_STATS_MV...
2026-05-14T08:37:00.004+02:00 DEBUG 49472 --- [e-shop-backend] [scheduling-1] org.hibernate.SQL                        : refresh materialized view books_stats_view
2026-05-14T08:37:00.007+02:00  INFO 49472 --- [e-shop-backend] [scheduling-1] c.e.e.j.MaterializedViewRefreshScheduler : BOOKS_STATS_MV successfully refreshed.
2026-05-14T08:38:00.000+02:00  INFO 49472 --- [e-shop-backend] [scheduling-1] c.e.e.j.MaterializedViewRefreshScheduler : Refreshing BOOKS_STATS_MV...
2026-05-14T08:38:00.001+02:00 DEBUG 49472 --- [e-shop-backend] [scheduling-1] org.hibernate.SQL                        : refresh materialized view books_stats_view
2026-05-14T08:38:00.003+02:00  INFO 49472 --- [e-shop-backend] [scheduling-1] c.e.e.j.MaterializedViewRefreshScheduler : BOOKS_STATS_MV successfully refreshed.
2026-05-14T08:38:43.185+02:00 DEBUG 49472 --- [e-shop-backend] [http-nio-8080-exec-8] org.hibernate.SQL                        : select u1_0.id,u1_0.created_at,u1_0.email,u1_0.name,u1_0.password,u1_0.role,u1_0.surname,u1_0.updated_at,u1_0.username from users u1_0 where u1_0.username=?
2026-05-14T08:38:43.185+02:00 DEBUG 49472 --- [e-shop-backend] [http-nio-8080-exec-9] org.hibernate.SQL                        : select u1_0.id,u1_0.created_at,u1_0.email,u1_0.name,u1_0.password,u1_0.role,u1_0.surname,u1_0.updated_at,u1_0.username from users u1_0 where u1_0.username=?
2026-05-14T08:38:43.185+02:00 DEBUG 49472 --- [e-shop-backend] [http-nio-8080-exec-7] org.hibernate.SQL                        : select u1_0.id,u1_0.created_at,u1_0.email,u1_0.name,u1_0.password,u1_0.role,u1_0.surname,u1_0.updated_at,u1_0.username from users u1_0 where u1_0.username=?
2026-05-14T08:38:43.187+02:00 TRACE 49472 --- [e-shop-backend] [http-nio-8080-exec-8] org.hibernate.orm.jdbc.bind              : binding parameter (1:VARCHAR) <- [trajce]
2026-05-14T08:38:43.187+02:00 TRACE 49472 --- [e-shop-backend] [http-nio-8080-exec-9] org.hibernate.orm.jdbc.bind              : binding parameter (1:VARCHAR) <- [trajce]
2026-05-14T08:38:43.187+02:00 TRACE 49472 --- [e-shop-backend] [http-nio-8080-exec-7] org.hibernate.orm.jdbc.bind              : binding parameter (1:VARCHAR) <- [trajce]
2026-05-14T08:38:43.189+02:00 DEBUG 49472 --- [e-shop-backend] [http-nio-8080-exec-9] org.hibernate.SQL                        : select sc1_0.id,sc1_0.created_at,sc1_0.updated_at,sc1_0.user_id from shopping_carts sc1_0 where sc1_0.user_id=?
2026-05-14T08:38:43.189+02:00 TRACE 49472 --- [e-shop-backend] [http-nio-8080-exec-9] org.hibernate.orm.jdbc.bind              : binding parameter (1:BIGINT) <- [6]
2026-05-14T08:38:43.189+02:00 DEBUG 49472 --- [e-shop-backend] [http-nio-8080-exec-8] org.hibernate.SQL                        : select sc1_0.id,sc1_0.created_at,sc1_0.updated_at,sc1_0.user_id from shopping_carts sc1_0 where sc1_0.user_id=?
2026-05-14T08:38:43.189+02:00 TRACE 49472 --- [e-shop-backend] [http-nio-8080-exec-8] org.hibernate.orm.jdbc.bind              : binding parameter (1:BIGINT) <- [6]
2026-05-14T08:38:43.191+02:00 DEBUG 49472 --- [e-shop-backend] [http-nio-8080-exec-7] org.hibernate.SQL                        : select sc1_0.id,sc1_0.created_at,sc1_0.updated_at,sc1_0.user_id from shopping_carts sc1_0 where sc1_0.user_id=?
2026-05-14T08:38:43.191+02:00 TRACE 49472 --- [e-shop-backend] [http-nio-8080-exec-7] org.hibernate.orm.jdbc.bind              : binding parameter (1:BIGINT) <- [6]
2026-05-14T08:38:43.192+02:00 DEBUG 49472 --- [e-shop-backend] [http-nio-8080-exec-8] org.hibernate.SQL                        : select u1_0.id,u1_0.created_at,u1_0.email,u1_0.name,u1_0.password,u1_0.role,u1_0.surname,u1_0.updated_at,u1_0.username from users u1_0 where u1_0.username=?
2026-05-14T08:38:43.192+02:00 TRACE 49472 --- [e-shop-backend] [http-nio-8080-exec-8] org.hibernate.orm.jdbc.bind              : binding parameter (1:VARCHAR) <- [trajce]
2026-05-14T08:38:43.192+02:00 DEBUG 49472 --- [e-shop-backend] [http-nio-8080-exec-9] org.hibernate.SQL                        : select b1_0.id,b1_0.author_id,a1_0.id,a1_0.country_id,c1_0.id,c1_0.continent,c1_0.name,a1_0.created_at,a1_0.name,a1_0.surname,a1_0.updated_at,b1_0.available_copies,b1_0.category,b1_0.created_at,b1_0.date_published,b1_0.name,b1_0.state,b1_0.updated_at from books b1_0 join authors a1_0 on a1_0.id=b1_0.author_id join countries c1_0 on c1_0.id=a1_0.country_id
2026-05-14T08:38:43.193+02:00 DEBUG 49472 --- [e-shop-backend] [http-nio-8080-exec-8] org.hibernate.SQL                        : select sc1_0.id,sc1_0.created_at,sc1_0.updated_at,sc1_0.user_id from shopping_carts sc1_0 where sc1_0.user_id=?
2026-05-14T08:38:43.193+02:00 TRACE 49472 --- [e-shop-backend] [http-nio-8080-exec-8] org.hibernate.orm.jdbc.bind              : binding parameter (1:BIGINT) <- [6]
2026-05-14T08:38:43.194+02:00 DEBUG 49472 --- [e-shop-backend] [http-nio-8080-exec-7] org.hibernate.SQL                        : select a1_0.id,a1_0.country_id,a1_0.created_at,a1_0.name,a1_0.surname,a1_0.updated_at from authors a1_0
2026-05-14T08:38:43.194+02:00 DEBUG 49472 --- [e-shop-backend] [http-nio-8080-exec-7] org.hibernate.SQL                        : select c1_0.id,c1_0.continent,c1_0.name from countries c1_0 where c1_0.id=?
2026-05-14T08:38:43.195+02:00 TRACE 49472 --- [e-shop-backend] [http-nio-8080-exec-7] org.hibernate.orm.jdbc.bind              : binding parameter (1:BIGINT) <- [1]
2026-05-14T08:38:43.195+02:00 DEBUG 49472 --- [e-shop-backend] [http-nio-8080-exec-7] org.hibernate.SQL                        : select c1_0.id,c1_0.continent,c1_0.name from countries c1_0 where c1_0.id=?
2026-05-14T08:38:43.196+02:00 TRACE 49472 --- [e-shop-backend] [http-nio-8080-exec-7] org.hibernate.orm.jdbc.bind              : binding parameter (1:BIGINT) <- [2]
2026-05-14T08:38:43.196+02:00 DEBUG 49472 --- [e-shop-backend] [http-nio-8080-exec-7] org.hibernate.SQL                        : select c1_0.id,c1_0.continent,c1_0.name from countries c1_0 where c1_0.id=?
2026-05-14T08:38:43.196+02:00 TRACE 49472 --- [e-shop-backend] [http-nio-8080-exec-7] org.hibernate.orm.jdbc.bind              : binding parameter (1:BIGINT) <- [3]
2026-05-14T08:38:43.197+02:00 DEBUG 49472 --- [e-shop-backend] [http-nio-8080-exec-7] org.hibernate.SQL                        : select c1_0.id,c1_0.continent,c1_0.name from countries c1_0 where c1_0.id=?
2026-05-14T08:38:43.197+02:00 TRACE 49472 --- [e-shop-backend] [http-nio-8080-exec-7] org.hibernate.orm.jdbc.bind              : binding parameter (1:BIGINT) <- [4]
2026-05-14T08:38:43.197+02:00 DEBUG 49472 --- [e-shop-backend] [http-nio-8080-exec-10] org.hibernate.SQL                        : select u1_0.id,u1_0.created_at,u1_0.email,u1_0.name,u1_0.password,u1_0.role,u1_0.surname,u1_0.updated_at,u1_0.username from users u1_0 where u1_0.username=?
2026-05-14T08:38:43.197+02:00 TRACE 49472 --- [e-shop-backend] [http-nio-8080-exec-10] org.hibernate.orm.jdbc.bind              : binding parameter (1:VARCHAR) <- [trajce]
2026-05-14T08:38:43.197+02:00 DEBUG 49472 --- [e-shop-backend] [http-nio-8080-exec-7] org.hibernate.SQL                        : select c1_0.id,c1_0.continent,c1_0.name from countries c1_0 where c1_0.id=?
2026-05-14T08:38:43.197+02:00 DEBUG 49472 --- [e-shop-backend] [http-nio-8080-exec-10] org.hibernate.SQL                        : select sc1_0.id,sc1_0.created_at,sc1_0.updated_at,sc1_0.user_id from shopping_carts sc1_0 where sc1_0.user_id=?
2026-05-14T08:38:43.197+02:00 TRACE 49472 --- [e-shop-backend] [http-nio-8080-exec-7] org.hibernate.orm.jdbc.bind              : binding parameter (1:BIGINT) <- [5]
2026-05-14T08:38:43.197+02:00 TRACE 49472 --- [e-shop-backend] [http-nio-8080-exec-10] org.hibernate.orm.jdbc.bind              : binding parameter (1:BIGINT) <- [6]
2026-05-14T08:38:43.200+02:00 DEBUG 49472 --- [e-shop-backend] [http-nio-8080-exec-7] org.hibernate.SQL                        : select u1_0.id,u1_0.created_at,u1_0.email,u1_0.name,u1_0.password,u1_0.role,u1_0.surname,u1_0.updated_at,u1_0.username from users u1_0 where u1_0.username=?
2026-05-14T08:38:43.200+02:00 DEBUG 49472 --- [e-shop-backend] [http-nio-8080-exec-10] org.hibernate.SQL                        : select b1_0.id,b1_0.author_id,a1_0.id,a1_0.country_id,c1_0.id,c1_0.continent,c1_0.name,a1_0.created_at,a1_0.name,a1_0.surname,a1_0.updated_at,b1_0.available_copies,b1_0.category,b1_0.created_at,b1_0.date_published,b1_0.name,b1_0.state,b1_0.updated_at from books b1_0 join authors a1_0 on a1_0.id=b1_0.author_id join countries c1_0 on c1_0.id=a1_0.country_id
2026-05-14T08:38:43.200+02:00 TRACE 49472 --- [e-shop-backend] [http-nio-8080-exec-7] org.hibernate.orm.jdbc.bind              : binding parameter (1:VARCHAR) <- [trajce]
2026-05-14T08:38:43.201+02:00 DEBUG 49472 --- [e-shop-backend] [http-nio-8080-exec-7] org.hibernate.SQL                        : select sc1_0.id,sc1_0.created_at,sc1_0.updated_at,sc1_0.user_id from shopping_carts sc1_0 where sc1_0.user_id=?
2026-05-14T08:38:43.201+02:00 TRACE 49472 --- [e-shop-backend] [http-nio-8080-exec-7] org.hibernate.orm.jdbc.bind              : binding parameter (1:BIGINT) <- [6]
2026-05-14T08:38:43.203+02:00 DEBUG 49472 --- [e-shop-backend] [http-nio-8080-exec-7] org.hibernate.SQL                        : select a1_0.id,a1_0.country_id,a1_0.created_at,a1_0.name,a1_0.surname,a1_0.updated_at from authors a1_0
2026-05-14T08:38:43.203+02:00 DEBUG 49472 --- [e-shop-backend] [http-nio-8080-exec-7] org.hibernate.SQL                        : select c1_0.id,c1_0.continent,c1_0.name from countries c1_0 where c1_0.id=?
2026-05-14T08:38:43.203+02:00 TRACE 49472 --- [e-shop-backend] [http-nio-8080-exec-7] org.hibernate.orm.jdbc.bind              : binding parameter (1:BIGINT) <- [1]
2026-05-14T08:38:43.204+02:00 DEBUG 49472 --- [e-shop-backend] [http-nio-8080-exec-7] org.hibernate.SQL                        : select c1_0.id,c1_0.continent,c1_0.name from countries c1_0 where c1_0.id=?
2026-05-14T08:38:43.204+02:00 TRACE 49472 --- [e-shop-backend] [http-nio-8080-exec-7] org.hibernate.orm.jdbc.bind              : binding parameter (1:BIGINT) <- [2]
2026-05-14T08:38:43.204+02:00 DEBUG 49472 --- [e-shop-backend] [http-nio-8080-exec-7] org.hibernate.SQL                        : select c1_0.id,c1_0.continent,c1_0.name from countries c1_0 where c1_0.id=?
2026-05-14T08:38:43.204+02:00 TRACE 49472 --- [e-shop-backend] [http-nio-8080-exec-7] org.hibernate.orm.jdbc.bind              : binding parameter (1:BIGINT) <- [3]
2026-05-14T08:38:43.205+02:00 DEBUG 49472 --- [e-shop-backend] [http-nio-8080-exec-7] org.hibernate.SQL                        : select c1_0.id,c1_0.continent,c1_0.name from countries c1_0 where c1_0.id=?
2026-05-14T08:38:43.205+02:00 TRACE 49472 --- [e-shop-backend] [http-nio-8080-exec-7] org.hibernate.orm.jdbc.bind              : binding parameter (1:BIGINT) <- [4]
2026-05-14T08:38:43.205+02:00 DEBUG 49472 --- [e-shop-backend] [http-nio-8080-exec-7] org.hibernate.SQL                        : select c1_0.id,c1_0.continent,c1_0.name from countries c1_0 where c1_0.id=?
2026-05-14T08:38:43.205+02:00 TRACE 49472 --- [e-shop-backend] [http-nio-8080-exec-7] org.hibernate.orm.jdbc.bind              : binding parameter (1:BIGINT) <- [5]
2026-05-14T08:39:00.003+02:00  INFO 49472 --- [e-shop-backend] [scheduling-1] c.e.e.j.MaterializedViewRefreshScheduler : Refreshing BOOKS_STATS_MV...
2026-05-14T08:39:00.005+02:00 DEBUG 49472 --- [e-shop-backend] [scheduling-1] org.hibernate.SQL                        : refresh materialized view books_stats_view
2026-05-14T08:39:00.009+02:00  INFO 49472 --- [e-shop-backend] [scheduling-1] c.e.e.j.MaterializedViewRefreshScheduler : BOOKS_STATS_MV successfully refreshed.
2026-05-14T08:39:59.999+02:00  INFO 49472 --- [e-shop-backend] [scheduling-1] c.e.e.j.MaterializedViewRefreshScheduler : Refreshing BOOKS_STATS_MV...
2026-05-14T08:40:00.001+02:00 DEBUG 49472 --- [e-shop-backend] [scheduling-1] org.hibernate.SQL                        : refresh materialized view books_stats_view
2026-05-14T08:40:00.005+02:00  INFO 49472 --- [e-shop-backend] [scheduling-1] c.e.e.j.MaterializedViewRefreshScheduler : BOOKS_STATS_MV successfully refreshed.
2026-05-14T08:40:37.524+02:00 DEBUG 49472 --- [e-shop-backend] [http-nio-8080-exec-2] org.hibernate.SQL                        : select u1_0.id,u1_0.created_at,u1_0.email,u1_0.name,u1_0.password,u1_0.role,u1_0.surname,u1_0.updated_at,u1_0.username from users u1_0 where u1_0.username=?
2026-05-14T08:40:37.526+02:00 TRACE 49472 --- [e-shop-backend] [http-nio-8080-exec-2] org.hibernate.orm.jdbc.bind              : binding parameter (1:VARCHAR) <- [trajce]
2026-05-14T08:40:37.527+02:00 DEBUG 49472 --- [e-shop-backend] [http-nio-8080-exec-2] org.hibernate.SQL                        : select sc1_0.id,sc1_0.created_at,sc1_0.updated_at,sc1_0.user_id from shopping_carts sc1_0 where sc1_0.user_id=?
2026-05-14T08:40:37.527+02:00 TRACE 49472 --- [e-shop-backend] [http-nio-8080-exec-2] org.hibernate.orm.jdbc.bind              : binding parameter (1:BIGINT) <- [6]
2026-05-14T08:40:37.531+02:00 DEBUG 49472 --- [e-shop-backend] [http-nio-8080-exec-2] org.hibernate.SQL                        : select a1_0.id,a1_0.country_id,a1_0.created_at,a1_0.name,a1_0.surname,a1_0.updated_at from authors a1_0
2026-05-14T08:40:37.533+02:00 DEBUG 49472 --- [e-shop-backend] [http-nio-8080-exec-2] org.hibernate.SQL                        : select c1_0.id,c1_0.continent,c1_0.name from countries c1_0 where c1_0.id=?
2026-05-14T08:40:37.534+02:00 TRACE 49472 --- [e-shop-backend] [http-nio-8080-exec-2] org.hibernate.orm.jdbc.bind              : binding parameter (1:BIGINT) <- [1]
2026-05-14T08:40:37.535+02:00 DEBUG 49472 --- [e-shop-backend] [http-nio-8080-exec-2] org.hibernate.SQL                        : select c1_0.id,c1_0.continent,c1_0.name from countries c1_0 where c1_0.id=?
2026-05-14T08:40:37.535+02:00 TRACE 49472 --- [e-shop-backend] [http-nio-8080-exec-2] org.hibernate.orm.jdbc.bind              : binding parameter (1:BIGINT) <- [2]
2026-05-14T08:40:37.536+02:00 DEBUG 49472 --- [e-shop-backend] [http-nio-8080-exec-2] org.hibernate.SQL                        : select c1_0.id,c1_0.continent,c1_0.name from countries c1_0 where c1_0.id=?
2026-05-14T08:40:37.536+02:00 TRACE 49472 --- [e-shop-backend] [http-nio-8080-exec-2] org.hibernate.orm.jdbc.bind              : binding parameter (1:BIGINT) <- [3]
2026-05-14T08:40:37.537+02:00 DEBUG 49472 --- [e-shop-backend] [http-nio-8080-exec-2] org.hibernate.SQL                        : select c1_0.id,c1_0.continent,c1_0.name from countries c1_0 where c1_0.id=?
2026-05-14T08:40:37.537+02:00 TRACE 49472 --- [e-shop-backend] [http-nio-8080-exec-2] org.hibernate.orm.jdbc.bind              : binding parameter (1:BIGINT) <- [4]
2026-05-14T08:40:37.538+02:00 DEBUG 49472 --- [e-shop-backend] [http-nio-8080-exec-2] org.hibernate.SQL                        : select c1_0.id,c1_0.continent,c1_0.name from countries c1_0 where c1_0.id=?
2026-05-14T08:40:37.538+02:00 TRACE 49472 --- [e-shop-backend] [http-nio-8080-exec-2] org.hibernate.orm.jdbc.bind              : binding parameter (1:BIGINT) <- [5]
2026-05-14T08:40:37.543+02:00 DEBUG 49472 --- [e-shop-backend] [http-nio-8080-exec-10] org.hibernate.SQL                        : select u1_0.id,u1_0.created_at,u1_0.email,u1_0.name,u1_0.password,u1_0.role,u1_0.surname,u1_0.updated_at,u1_0.username from users u1_0 where u1_0.username=?
2026-05-14T08:40:37.544+02:00 TRACE 49472 --- [e-shop-backend] [http-nio-8080-exec-10] org.hibernate.orm.jdbc.bind              : binding parameter (1:VARCHAR) <- [trajce]
2026-05-14T08:40:37.545+02:00 DEBUG 49472 --- [e-shop-backend] [http-nio-8080-exec-10] org.hibernate.SQL                        : select sc1_0.id,sc1_0.created_at,sc1_0.updated_at,sc1_0.user_id from shopping_carts sc1_0 where sc1_0.user_id=?
2026-05-14T08:40:37.545+02:00 TRACE 49472 --- [e-shop-backend] [http-nio-8080-exec-10] org.hibernate.orm.jdbc.bind              : binding parameter (1:BIGINT) <- [6]
2026-05-14T08:40:37.549+02:00 DEBUG 49472 --- [e-shop-backend] [http-nio-8080-exec-10] org.hibernate.SQL                        : select a1_0.id,a1_0.country_id,a1_0.created_at,a1_0.name,a1_0.surname,a1_0.updated_at from authors a1_0
2026-05-14T08:40:37.550+02:00 DEBUG 49472 --- [e-shop-backend] [http-nio-8080-exec-10] org.hibernate.SQL                        : select c1_0.id,c1_0.continent,c1_0.name from countries c1_0 where c1_0.id=?
2026-05-14T08:40:37.551+02:00 TRACE 49472 --- [e-shop-backend] [http-nio-8080-exec-10] org.hibernate.orm.jdbc.bind              : binding parameter (1:BIGINT) <- [1]
2026-05-14T08:40:37.552+02:00 DEBUG 49472 --- [e-shop-backend] [http-nio-8080-exec-10] org.hibernate.SQL                        : select c1_0.id,c1_0.continent,c1_0.name from countries c1_0 where c1_0.id=?
2026-05-14T08:40:37.552+02:00 TRACE 49472 --- [e-shop-backend] [http-nio-8080-exec-10] org.hibernate.orm.jdbc.bind              : binding parameter (1:BIGINT) <- [2]
2026-05-14T08:40:37.553+02:00 DEBUG 49472 --- [e-shop-backend] [http-nio-8080-exec-10] org.hibernate.SQL                        : select c1_0.id,c1_0.continent,c1_0.name from countries c1_0 where c1_0.id=?
2026-05-14T08:40:37.553+02:00 TRACE 49472 --- [e-shop-backend] [http-nio-8080-exec-10] org.hibernate.orm.jdbc.bind              : binding parameter (1:BIGINT) <- [3]
2026-05-14T08:40:37.554+02:00 DEBUG 49472 --- [e-shop-backend] [http-nio-8080-exec-10] org.hibernate.SQL                        : select c1_0.id,c1_0.continent,c1_0.name from countries c1_0 where c1_0.id=?
2026-05-14T08:40:37.554+02:00 TRACE 49472 --- [e-shop-backend] [http-nio-8080-exec-10] org.hibernate.orm.jdbc.bind              : binding parameter (1:BIGINT) <- [4]
2026-05-14T08:40:37.554+02:00 DEBUG 49472 --- [e-shop-backend] [http-nio-8080-exec-10] org.hibernate.SQL                        : select c1_0.id,c1_0.continent,c1_0.name from countries c1_0 where c1_0.id=?
2026-05-14T08:40:37.555+02:00 TRACE 49472 --- [e-shop-backend] [http-nio-8080-exec-10] org.hibernate.orm.jdbc.bind              : binding parameter (1:BIGINT) <- [5]
2026-05-14T08:40:41.214+02:00 DEBUG 49472 --- [e-shop-backend] [http-nio-8080-exec-4] org.hibernate.SQL                        : select u1_0.id,u1_0.created_at,u1_0.email,u1_0.name,u1_0.password,u1_0.role,u1_0.surname,u1_0.updated_at,u1_0.username from users u1_0 where u1_0.username=?
2026-05-14T08:40:41.215+02:00 TRACE 49472 --- [e-shop-backend] [http-nio-8080-exec-4] org.hibernate.orm.jdbc.bind              : binding parameter (1:VARCHAR) <- [trajce]
2026-05-14T08:40:41.217+02:00 DEBUG 49472 --- [e-shop-backend] [http-nio-8080-exec-4] org.hibernate.SQL                        : select sc1_0.id,sc1_0.created_at,sc1_0.updated_at,sc1_0.user_id from shopping_carts sc1_0 where sc1_0.user_id=?
2026-05-14T08:40:41.217+02:00 TRACE 49472 --- [e-shop-backend] [http-nio-8080-exec-4] org.hibernate.orm.jdbc.bind              : binding parameter (1:BIGINT) <- [6]
2026-05-14T08:40:42.298+02:00 DEBUG 49472 --- [e-shop-backend] [http-nio-8080-exec-5] org.hibernate.SQL                        : select u1_0.id,u1_0.created_at,u1_0.email,u1_0.name,u1_0.password,u1_0.role,u1_0.surname,u1_0.updated_at,u1_0.username from users u1_0 where u1_0.username=?
2026-05-14T08:40:42.298+02:00 TRACE 49472 --- [e-shop-backend] [http-nio-8080-exec-5] org.hibernate.orm.jdbc.bind              : binding parameter (1:VARCHAR) <- [trajce]
2026-05-14T08:40:42.299+02:00 DEBUG 49472 --- [e-shop-backend] [http-nio-8080-exec-5] org.hibernate.SQL                        : select sc1_0.id,sc1_0.created_at,sc1_0.updated_at,sc1_0.user_id from shopping_carts sc1_0 where sc1_0.user_id=?
2026-05-14T08:40:42.300+02:00 TRACE 49472 --- [e-shop-backend] [http-nio-8080-exec-5] org.hibernate.orm.jdbc.bind              : binding parameter (1:BIGINT) <- [6]
2026-05-14T08:40:43.119+02:00 DEBUG 49472 --- [e-shop-backend] [http-nio-8080-exec-3] org.hibernate.SQL                        : select u1_0.id,u1_0.created_at,u1_0.email,u1_0.name,u1_0.password,u1_0.role,u1_0.surname,u1_0.updated_at,u1_0.username from users u1_0 where u1_0.username=?
2026-05-14T08:40:43.121+02:00 TRACE 49472 --- [e-shop-backend] [http-nio-8080-exec-3] org.hibernate.orm.jdbc.bind              : binding parameter (1:VARCHAR) <- [trajce]
2026-05-14T08:40:43.122+02:00 DEBUG 49472 --- [e-shop-backend] [http-nio-8080-exec-3] org.hibernate.SQL                        : select sc1_0.id,sc1_0.created_at,sc1_0.updated_at,sc1_0.user_id from shopping_carts sc1_0 where sc1_0.user_id=?
2026-05-14T08:40:43.122+02:00 TRACE 49472 --- [e-shop-backend] [http-nio-8080-exec-3] org.hibernate.orm.jdbc.bind              : binding parameter (1:BIGINT) <- [6]
2026-05-14T08:40:43.127+02:00 DEBUG 49472 --- [e-shop-backend] [http-nio-8080-exec-3] org.hibernate.SQL                        : select a1_0.id,a1_0.country_id,a1_0.created_at,a1_0.name,a1_0.surname,a1_0.updated_at from authors a1_0
2026-05-14T08:40:43.128+02:00 DEBUG 49472 --- [e-shop-backend] [http-nio-8080-exec-3] org.hibernate.SQL                        : select c1_0.id,c1_0.continent,c1_0.name from countries c1_0 where c1_0.id=?
2026-05-14T08:40:43.128+02:00 TRACE 49472 --- [e-shop-backend] [http-nio-8080-exec-3] org.hibernate.orm.jdbc.bind              : binding parameter (1:BIGINT) <- [1]
2026-05-14T08:40:43.130+02:00 DEBUG 49472 --- [e-shop-backend] [http-nio-8080-exec-3] org.hibernate.SQL                        : select c1_0.id,c1_0.continent,c1_0.name from countries c1_0 where c1_0.id=?
2026-05-14T08:40:43.130+02:00 TRACE 49472 --- [e-shop-backend] [http-nio-8080-exec-3] org.hibernate.orm.jdbc.bind              : binding parameter (1:BIGINT) <- [2]
2026-05-14T08:40:43.130+02:00 DEBUG 49472 --- [e-shop-backend] [http-nio-8080-exec-3] org.hibernate.SQL                        : select c1_0.id,c1_0.continent,c1_0.name from countries c1_0 where c1_0.id=?
2026-05-14T08:40:43.131+02:00 TRACE 49472 --- [e-shop-backend] [http-nio-8080-exec-3] org.hibernate.orm.jdbc.bind              : binding parameter (1:BIGINT) <- [3]
2026-05-14T08:40:43.131+02:00 DEBUG 49472 --- [e-shop-backend] [http-nio-8080-exec-3] org.hibernate.SQL                        : select c1_0.id,c1_0.continent,c1_0.name from countries c1_0 where c1_0.id=?
2026-05-14T08:40:43.131+02:00 TRACE 49472 --- [e-shop-backend] [http-nio-8080-exec-3] org.hibernate.orm.jdbc.bind              : binding parameter (1:BIGINT) <- [4]
2026-05-14T08:40:43.132+02:00 DEBUG 49472 --- [e-shop-backend] [http-nio-8080-exec-3] org.hibernate.SQL                        : select c1_0.id,c1_0.continent,c1_0.name from countries c1_0 where c1_0.id=?
2026-05-14T08:40:43.133+02:00 TRACE 49472 --- [e-shop-backend] [http-nio-8080-exec-3] org.hibernate.orm.jdbc.bind              : binding parameter (1:BIGINT) <- [5]
2026-05-14T08:40:43.138+02:00 DEBUG 49472 --- [e-shop-backend] [http-nio-8080-exec-8] org.hibernate.SQL                        : select u1_0.id,u1_0.created_at,u1_0.email,u1_0.name,u1_0.password,u1_0.role,u1_0.surname,u1_0.updated_at,u1_0.username from users u1_0 where u1_0.username=?
2026-05-14T08:40:43.138+02:00 TRACE 49472 --- [e-shop-backend] [http-nio-8080-exec-8] org.hibernate.orm.jdbc.bind              : binding parameter (1:VARCHAR) <- [trajce]
2026-05-14T08:40:43.139+02:00 DEBUG 49472 --- [e-shop-backend] [http-nio-8080-exec-8] org.hibernate.SQL                        : select sc1_0.id,sc1_0.created_at,sc1_0.updated_at,sc1_0.user_id from shopping_carts sc1_0 where sc1_0.user_id=?
2026-05-14T08:40:43.139+02:00 TRACE 49472 --- [e-shop-backend] [http-nio-8080-exec-8] org.hibernate.orm.jdbc.bind              : binding parameter (1:BIGINT) <- [6]
2026-05-14T08:40:43.142+02:00 DEBUG 49472 --- [e-shop-backend] [http-nio-8080-exec-8] org.hibernate.SQL                        : select a1_0.id,a1_0.country_id,a1_0.created_at,a1_0.name,a1_0.surname,a1_0.updated_at from authors a1_0
2026-05-14T08:40:43.144+02:00 DEBUG 49472 --- [e-shop-backend] [http-nio-8080-exec-8] org.hibernate.SQL                        : select c1_0.id,c1_0.continent,c1_0.name from countries c1_0 where c1_0.id=?
2026-05-14T08:40:43.144+02:00 TRACE 49472 --- [e-shop-backend] [http-nio-8080-exec-8] org.hibernate.orm.jdbc.bind              : binding parameter (1:BIGINT) <- [1]
2026-05-14T08:40:43.144+02:00 DEBUG 49472 --- [e-shop-backend] [http-nio-8080-exec-8] org.hibernate.SQL                        : select c1_0.id,c1_0.continent,c1_0.name from countries c1_0 where c1_0.id=?
2026-05-14T08:40:43.145+02:00 TRACE 49472 --- [e-shop-backend] [http-nio-8080-exec-8] org.hibernate.orm.jdbc.bind              : binding parameter (1:BIGINT) <- [2]
2026-05-14T08:40:43.145+02:00 DEBUG 49472 --- [e-shop-backend] [http-nio-8080-exec-8] org.hibernate.SQL                        : select c1_0.id,c1_0.continent,c1_0.name from countries c1_0 where c1_0.id=?
2026-05-14T08:40:43.145+02:00 TRACE 49472 --- [e-shop-backend] [http-nio-8080-exec-8] org.hibernate.orm.jdbc.bind              : binding parameter (1:BIGINT) <- [3]
2026-05-14T08:40:43.146+02:00 DEBUG 49472 --- [e-shop-backend] [http-nio-8080-exec-8] org.hibernate.SQL                        : select c1_0.id,c1_0.continent,c1_0.name from countries c1_0 where c1_0.id=?
2026-05-14T08:40:43.146+02:00 TRACE 49472 --- [e-shop-backend] [http-nio-8080-exec-8] org.hibernate.orm.jdbc.bind              : binding parameter (1:BIGINT) <- [4]
2026-05-14T08:40:43.147+02:00 DEBUG 49472 --- [e-shop-backend] [http-nio-8080-exec-8] org.hibernate.SQL                        : select c1_0.id,c1_0.continent,c1_0.name from countries c1_0 where c1_0.id=?
2026-05-14T08:40:43.147+02:00 TRACE 49472 --- [e-shop-backend] [http-nio-8080-exec-8] org.hibernate.orm.jdbc.bind              : binding parameter (1:BIGINT) <- [5]
2026-05-14T08:40:44.554+02:00 DEBUG 49472 --- [e-shop-backend] [http-nio-8080-exec-2] org.hibernate.SQL                        : select u1_0.id,u1_0.created_at,u1_0.email,u1_0.name,u1_0.password,u1_0.role,u1_0.surname,u1_0.updated_at,u1_0.username from users u1_0 where u1_0.username=?
2026-05-14T08:40:44.556+02:00 TRACE 49472 --- [e-shop-backend] [http-nio-8080-exec-2] org.hibernate.orm.jdbc.bind              : binding parameter (1:VARCHAR) <- [trajce]
2026-05-14T08:40:44.557+02:00 DEBUG 49472 --- [e-shop-backend] [http-nio-8080-exec-2] org.hibernate.SQL                        : select sc1_0.id,sc1_0.created_at,sc1_0.updated_at,sc1_0.user_id from shopping_carts sc1_0 where sc1_0.user_id=?
2026-05-14T08:40:44.557+02:00 TRACE 49472 --- [e-shop-backend] [http-nio-8080-exec-2] org.hibernate.orm.jdbc.bind              : binding parameter (1:BIGINT) <- [6]
2026-05-14T08:40:47.216+02:00 DEBUG 49472 --- [e-shop-backend] [http-nio-8080-exec-7] org.hibernate.SQL                        : select u1_0.id,u1_0.created_at,u1_0.email,u1_0.name,u1_0.password,u1_0.role,u1_0.surname,u1_0.updated_at,u1_0.username from users u1_0 where u1_0.username=?
2026-05-14T08:40:47.218+02:00 TRACE 49472 --- [e-shop-backend] [http-nio-8080-exec-7] org.hibernate.orm.jdbc.bind              : binding parameter (1:VARCHAR) <- [trajce]
2026-05-14T08:40:47.219+02:00 DEBUG 49472 --- [e-shop-backend] [http-nio-8080-exec-7] org.hibernate.SQL                        : select sc1_0.id,sc1_0.created_at,sc1_0.updated_at,sc1_0.user_id from shopping_carts sc1_0 where sc1_0.user_id=?
2026-05-14T08:40:47.219+02:00 TRACE 49472 --- [e-shop-backend] [http-nio-8080-exec-7] org.hibernate.orm.jdbc.bind              : binding parameter (1:BIGINT) <- [6]
2026-05-14T08:40:48.372+02:00 DEBUG 49472 --- [e-shop-backend] [http-nio-8080-exec-5] org.hibernate.SQL                        : select u1_0.id,u1_0.created_at,u1_0.email,u1_0.name,u1_0.password,u1_0.role,u1_0.surname,u1_0.updated_at,u1_0.username from users u1_0 where u1_0.username=?
2026-05-14T08:40:48.374+02:00 TRACE 49472 --- [e-shop-backend] [http-nio-8080-exec-5] org.hibernate.orm.jdbc.bind              : binding parameter (1:VARCHAR) <- [trajce]
2026-05-14T08:40:48.376+02:00 DEBUG 49472 --- [e-shop-backend] [http-nio-8080-exec-5] org.hibernate.SQL                        : select sc1_0.id,sc1_0.created_at,sc1_0.updated_at,sc1_0.user_id from shopping_carts sc1_0 where sc1_0.user_id=?
2026-05-14T08:40:48.376+02:00 TRACE 49472 --- [e-shop-backend] [http-nio-8080-exec-5] org.hibernate.orm.jdbc.bind              : binding parameter (1:BIGINT) <- [6]
2026-05-14T08:40:52.967+02:00 DEBUG 49472 --- [e-shop-backend] [http-nio-8080-exec-3] org.hibernate.SQL                        : select u1_0.id,u1_0.created_at,u1_0.email,u1_0.name,u1_0.password,u1_0.role,u1_0.surname,u1_0.updated_at,u1_0.username from users u1_0 where u1_0.username=?
2026-05-14T08:40:52.969+02:00 TRACE 49472 --- [e-shop-backend] [http-nio-8080-exec-3] org.hibernate.orm.jdbc.bind              : binding parameter (1:VARCHAR) <- [trajce]
2026-05-14T08:40:52.970+02:00 DEBUG 49472 --- [e-shop-backend] [http-nio-8080-exec-3] org.hibernate.SQL                        : select sc1_0.id,sc1_0.created_at,sc1_0.updated_at,sc1_0.user_id from shopping_carts sc1_0 where sc1_0.user_id=?
2026-05-14T08:40:52.970+02:00 TRACE 49472 --- [e-shop-backend] [http-nio-8080-exec-3] org.hibernate.orm.jdbc.bind              : binding parameter (1:BIGINT) <- [6]
2026-05-14T08:40:52.975+02:00 DEBUG 49472 --- [e-shop-backend] [http-nio-8080-exec-3] org.hibernate.SQL                        : select a1_0.id,a1_0.country_id,a1_0.created_at,a1_0.name,a1_0.surname,a1_0.updated_at from authors a1_0
2026-05-14T08:40:52.976+02:00 DEBUG 49472 --- [e-shop-backend] [http-nio-8080-exec-3] org.hibernate.SQL                        : select c1_0.id,c1_0.continent,c1_0.name from countries c1_0 where c1_0.id=?
2026-05-14T08:40:52.977+02:00 TRACE 49472 --- [e-shop-backend] [http-nio-8080-exec-3] org.hibernate.orm.jdbc.bind              : binding parameter (1:BIGINT) <- [1]
2026-05-14T08:40:52.978+02:00 DEBUG 49472 --- [e-shop-backend] [http-nio-8080-exec-3] org.hibernate.SQL                        : select c1_0.id,c1_0.continent,c1_0.name from countries c1_0 where c1_0.id=?
2026-05-14T08:40:52.978+02:00 TRACE 49472 --- [e-shop-backend] [http-nio-8080-exec-3] org.hibernate.orm.jdbc.bind              : binding parameter (1:BIGINT) <- [2]
2026-05-14T08:40:52.979+02:00 DEBUG 49472 --- [e-shop-backend] [http-nio-8080-exec-3] org.hibernate.SQL                        : select c1_0.id,c1_0.continent,c1_0.name from countries c1_0 where c1_0.id=?
2026-05-14T08:40:52.979+02:00 TRACE 49472 --- [e-shop-backend] [http-nio-8080-exec-3] org.hibernate.orm.jdbc.bind              : binding parameter (1:BIGINT) <- [3]
2026-05-14T08:40:52.980+02:00 DEBUG 49472 --- [e-shop-backend] [http-nio-8080-exec-3] org.hibernate.SQL                        : select c1_0.id,c1_0.continent,c1_0.name from countries c1_0 where c1_0.id=?
2026-05-14T08:40:52.980+02:00 TRACE 49472 --- [e-shop-backend] [http-nio-8080-exec-3] org.hibernate.orm.jdbc.bind              : binding parameter (1:BIGINT) <- [4]
2026-05-14T08:40:52.981+02:00 DEBUG 49472 --- [e-shop-backend] [http-nio-8080-exec-3] org.hibernate.SQL                        : select c1_0.id,c1_0.continent,c1_0.name from countries c1_0 where c1_0.id=?
2026-05-14T08:40:52.981+02:00 TRACE 49472 --- [e-shop-backend] [http-nio-8080-exec-3] org.hibernate.orm.jdbc.bind              : binding parameter (1:BIGINT) <- [5]
2026-05-14T08:40:52.987+02:00 DEBUG 49472 --- [e-shop-backend] [http-nio-8080-exec-8] org.hibernate.SQL                        : select u1_0.id,u1_0.created_at,u1_0.email,u1_0.name,u1_0.password,u1_0.role,u1_0.surname,u1_0.updated_at,u1_0.username from users u1_0 where u1_0.username=?
2026-05-14T08:40:52.988+02:00 TRACE 49472 --- [e-shop-backend] [http-nio-8080-exec-8] org.hibernate.orm.jdbc.bind              : binding parameter (1:VARCHAR) <- [trajce]
2026-05-14T08:40:52.990+02:00 DEBUG 49472 --- [e-shop-backend] [http-nio-8080-exec-8] org.hibernate.SQL                        : select sc1_0.id,sc1_0.created_at,sc1_0.updated_at,sc1_0.user_id from shopping_carts sc1_0 where sc1_0.user_id=?
2026-05-14T08:40:52.990+02:00 TRACE 49472 --- [e-shop-backend] [http-nio-8080-exec-8] org.hibernate.orm.jdbc.bind              : binding parameter (1:BIGINT) <- [6]
2026-05-14T08:40:52.994+02:00 DEBUG 49472 --- [e-shop-backend] [http-nio-8080-exec-8] org.hibernate.SQL                        : select a1_0.id,a1_0.country_id,a1_0.created_at,a1_0.name,a1_0.surname,a1_0.updated_at from authors a1_0
2026-05-14T08:40:52.995+02:00 DEBUG 49472 --- [e-shop-backend] [http-nio-8080-exec-8] org.hibernate.SQL                        : select c1_0.id,c1_0.continent,c1_0.name from countries c1_0 where c1_0.id=?
2026-05-14T08:40:52.995+02:00 TRACE 49472 --- [e-shop-backend] [http-nio-8080-exec-8] org.hibernate.orm.jdbc.bind              : binding parameter (1:BIGINT) <- [1]
2026-05-14T08:40:52.995+02:00 DEBUG 49472 --- [e-shop-backend] [http-nio-8080-exec-8] org.hibernate.SQL                        : select c1_0.id,c1_0.continent,c1_0.name from countries c1_0 where c1_0.id=?
2026-05-14T08:40:52.995+02:00 TRACE 49472 --- [e-shop-backend] [http-nio-8080-exec-8] org.hibernate.orm.jdbc.bind              : binding parameter (1:BIGINT) <- [2]
2026-05-14T08:40:52.996+02:00 DEBUG 49472 --- [e-shop-backend] [http-nio-8080-exec-8] org.hibernate.SQL                        : select c1_0.id,c1_0.continent,c1_0.name from countries c1_0 where c1_0.id=?
2026-05-14T08:40:52.996+02:00 TRACE 49472 --- [e-shop-backend] [http-nio-8080-exec-8] org.hibernate.orm.jdbc.bind              : binding parameter (1:BIGINT) <- [3]
2026-05-14T08:40:52.997+02:00 DEBUG 49472 --- [e-shop-backend] [http-nio-8080-exec-8] org.hibernate.SQL                        : select c1_0.id,c1_0.continent,c1_0.name from countries c1_0 where c1_0.id=?
2026-05-14T08:40:52.997+02:00 TRACE 49472 --- [e-shop-backend] [http-nio-8080-exec-8] org.hibernate.orm.jdbc.bind              : binding parameter (1:BIGINT) <- [4]
2026-05-14T08:40:52.997+02:00 DEBUG 49472 --- [e-shop-backend] [http-nio-8080-exec-8] org.hibernate.SQL                        : select c1_0.id,c1_0.continent,c1_0.name from countries c1_0 where c1_0.id=?
2026-05-14T08:40:52.998+02:00 TRACE 49472 --- [e-shop-backend] [http-nio-8080-exec-8] org.hibernate.orm.jdbc.bind              : binding parameter (1:BIGINT) <- [5]
2026-05-14T08:40:55.220+02:00 DEBUG 49472 --- [e-shop-backend] [http-nio-8080-exec-7] org.hibernate.SQL                        : select u1_0.id,u1_0.created_at,u1_0.email,u1_0.name,u1_0.password,u1_0.role,u1_0.surname,u1_0.updated_at,u1_0.username from users u1_0 where u1_0.username=?
2026-05-14T08:40:55.220+02:00 DEBUG 49472 --- [e-shop-backend] [http-nio-8080-exec-9] org.hibernate.SQL                        : select u1_0.id,u1_0.created_at,u1_0.email,u1_0.name,u1_0.password,u1_0.role,u1_0.surname,u1_0.updated_at,u1_0.username from users u1_0 where u1_0.username=?
2026-05-14T08:40:55.222+02:00 TRACE 49472 --- [e-shop-backend] [http-nio-8080-exec-9] org.hibernate.orm.jdbc.bind              : binding parameter (1:VARCHAR) <- [trajce]
2026-05-14T08:40:55.222+02:00 TRACE 49472 --- [e-shop-backend] [http-nio-8080-exec-7] org.hibernate.orm.jdbc.bind              : binding parameter (1:VARCHAR) <- [trajce]
2026-05-14T08:40:55.223+02:00 DEBUG 49472 --- [e-shop-backend] [http-nio-8080-exec-7] org.hibernate.SQL                        : select sc1_0.id,sc1_0.created_at,sc1_0.updated_at,sc1_0.user_id from shopping_carts sc1_0 where sc1_0.user_id=?
2026-05-14T08:40:55.223+02:00 DEBUG 49472 --- [e-shop-backend] [http-nio-8080-exec-9] org.hibernate.SQL                        : select sc1_0.id,sc1_0.created_at,sc1_0.updated_at,sc1_0.user_id from shopping_carts sc1_0 where sc1_0.user_id=?
2026-05-14T08:40:55.224+02:00 TRACE 49472 --- [e-shop-backend] [http-nio-8080-exec-7] org.hibernate.orm.jdbc.bind              : binding parameter (1:BIGINT) <- [6]
2026-05-14T08:40:55.224+02:00 TRACE 49472 --- [e-shop-backend] [http-nio-8080-exec-9] org.hibernate.orm.jdbc.bind              : binding parameter (1:BIGINT) <- [6]
2026-05-14T08:40:55.229+02:00 DEBUG 49472 --- [e-shop-backend] [http-nio-8080-exec-9] org.hibernate.SQL                        : select a1_0.id,a1_0.country_id,a1_0.created_at,a1_0.name,a1_0.surname,a1_0.updated_at from authors a1_0
2026-05-14T08:40:55.229+02:00 DEBUG 49472 --- [e-shop-backend] [http-nio-8080-exec-7] org.hibernate.SQL                        : select b1_0.id,b1_0.author_id,a1_0.id,a1_0.country_id,c1_0.id,c1_0.continent,c1_0.name,a1_0.created_at,a1_0.name,a1_0.surname,a1_0.updated_at,b1_0.available_copies,b1_0.category,b1_0.created_at,b1_0.date_published,b1_0.name,b1_0.state,b1_0.updated_at from books b1_0 join authors a1_0 on a1_0.id=b1_0.author_id join countries c1_0 on c1_0.id=a1_0.country_id
2026-05-14T08:40:55.231+02:00 DEBUG 49472 --- [e-shop-backend] [http-nio-8080-exec-9] org.hibernate.SQL                        : select c1_0.id,c1_0.continent,c1_0.name from countries c1_0 where c1_0.id=?
2026-05-14T08:40:55.231+02:00 TRACE 49472 --- [e-shop-backend] [http-nio-8080-exec-9] org.hibernate.orm.jdbc.bind              : binding parameter (1:BIGINT) <- [1]
2026-05-14T08:40:55.232+02:00 DEBUG 49472 --- [e-shop-backend] [http-nio-8080-exec-9] org.hibernate.SQL                        : select c1_0.id,c1_0.continent,c1_0.name from countries c1_0 where c1_0.id=?
2026-05-14T08:40:55.232+02:00 TRACE 49472 --- [e-shop-backend] [http-nio-8080-exec-9] org.hibernate.orm.jdbc.bind              : binding parameter (1:BIGINT) <- [2]
2026-05-14T08:40:55.234+02:00 DEBUG 49472 --- [e-shop-backend] [http-nio-8080-exec-9] org.hibernate.SQL                        : select c1_0.id,c1_0.continent,c1_0.name from countries c1_0 where c1_0.id=?
2026-05-14T08:40:55.234+02:00 TRACE 49472 --- [e-shop-backend] [http-nio-8080-exec-9] org.hibernate.orm.jdbc.bind              : binding parameter (1:BIGINT) <- [3]
2026-05-14T08:40:55.235+02:00 DEBUG 49472 --- [e-shop-backend] [http-nio-8080-exec-9] org.hibernate.SQL                        : select c1_0.id,c1_0.continent,c1_0.name from countries c1_0 where c1_0.id=?
2026-05-14T08:40:55.235+02:00 TRACE 49472 --- [e-shop-backend] [http-nio-8080-exec-9] org.hibernate.orm.jdbc.bind              : binding parameter (1:BIGINT) <- [4]
2026-05-14T08:40:55.235+02:00 DEBUG 49472 --- [e-shop-backend] [http-nio-8080-exec-9] org.hibernate.SQL                        : select c1_0.id,c1_0.continent,c1_0.name from countries c1_0 where c1_0.id=?
2026-05-14T08:40:55.235+02:00 TRACE 49472 --- [e-shop-backend] [http-nio-8080-exec-9] org.hibernate.orm.jdbc.bind              : binding parameter (1:BIGINT) <- [5]
2026-05-14T08:40:55.239+02:00 DEBUG 49472 --- [e-shop-backend] [http-nio-8080-exec-4] org.hibernate.SQL                        : select u1_0.id,u1_0.created_at,u1_0.email,u1_0.name,u1_0.password,u1_0.role,u1_0.surname,u1_0.updated_at,u1_0.username from users u1_0 where u1_0.username=?
2026-05-14T08:40:55.239+02:00 TRACE 49472 --- [e-shop-backend] [http-nio-8080-exec-4] org.hibernate.orm.jdbc.bind              : binding parameter (1:VARCHAR) <- [trajce]
2026-05-14T08:40:55.240+02:00 DEBUG 49472 --- [e-shop-backend] [http-nio-8080-exec-4] org.hibernate.SQL                        : select sc1_0.id,sc1_0.created_at,sc1_0.updated_at,sc1_0.user_id from shopping_carts sc1_0 where sc1_0.user_id=?
2026-05-14T08:40:55.240+02:00 TRACE 49472 --- [e-shop-backend] [http-nio-8080-exec-4] org.hibernate.orm.jdbc.bind              : binding parameter (1:BIGINT) <- [6]
2026-05-14T08:40:55.241+02:00 DEBUG 49472 --- [e-shop-backend] [http-nio-8080-exec-5] org.hibernate.SQL                        : select u1_0.id,u1_0.created_at,u1_0.email,u1_0.name,u1_0.password,u1_0.role,u1_0.surname,u1_0.updated_at,u1_0.username from users u1_0 where u1_0.username=?
2026-05-14T08:40:55.241+02:00 TRACE 49472 --- [e-shop-backend] [http-nio-8080-exec-5] org.hibernate.orm.jdbc.bind              : binding parameter (1:VARCHAR) <- [trajce]
2026-05-14T08:40:55.242+02:00 DEBUG 49472 --- [e-shop-backend] [http-nio-8080-exec-5] org.hibernate.SQL                        : select sc1_0.id,sc1_0.created_at,sc1_0.updated_at,sc1_0.user_id from shopping_carts sc1_0 where sc1_0.user_id=?
2026-05-14T08:40:55.242+02:00 TRACE 49472 --- [e-shop-backend] [http-nio-8080-exec-5] org.hibernate.orm.jdbc.bind              : binding parameter (1:BIGINT) <- [6]
2026-05-14T08:40:55.245+02:00 DEBUG 49472 --- [e-shop-backend] [http-nio-8080-exec-4] org.hibernate.SQL                        : select b1_0.id,b1_0.author_id,a1_0.id,a1_0.country_id,c1_0.id,c1_0.continent,c1_0.name,a1_0.created_at,a1_0.name,a1_0.surname,a1_0.updated_at,b1_0.available_copies,b1_0.category,b1_0.created_at,b1_0.date_published,b1_0.name,b1_0.state,b1_0.updated_at from books b1_0 join authors a1_0 on a1_0.id=b1_0.author_id join countries c1_0 on c1_0.id=a1_0.country_id
2026-05-14T08:40:55.247+02:00 DEBUG 49472 --- [e-shop-backend] [http-nio-8080-exec-5] org.hibernate.SQL                        : select a1_0.id,a1_0.country_id,a1_0.created_at,a1_0.name,a1_0.surname,a1_0.updated_at from authors a1_0
2026-05-14T08:40:55.249+02:00 DEBUG 49472 --- [e-shop-backend] [http-nio-8080-exec-5] org.hibernate.SQL                        : select c1_0.id,c1_0.continent,c1_0.name from countries c1_0 where c1_0.id=?
2026-05-14T08:40:55.249+02:00 TRACE 49472 --- [e-shop-backend] [http-nio-8080-exec-5] org.hibernate.orm.jdbc.bind              : binding parameter (1:BIGINT) <- [1]
2026-05-14T08:40:55.250+02:00 DEBUG 49472 --- [e-shop-backend] [http-nio-8080-exec-5] org.hibernate.SQL                        : select c1_0.id,c1_0.continent,c1_0.name from countries c1_0 where c1_0.id=?
2026-05-14T08:40:55.250+02:00 TRACE 49472 --- [e-shop-backend] [http-nio-8080-exec-5] org.hibernate.orm.jdbc.bind              : binding parameter (1:BIGINT) <- [2]
2026-05-14T08:40:55.251+02:00 DEBUG 49472 --- [e-shop-backend] [http-nio-8080-exec-5] org.hibernate.SQL                        : select c1_0.id,c1_0.continent,c1_0.name from countries c1_0 where c1_0.id=?
2026-05-14T08:40:55.251+02:00 TRACE 49472 --- [e-shop-backend] [http-nio-8080-exec-5] org.hibernate.orm.jdbc.bind              : binding parameter (1:BIGINT) <- [3]
2026-05-14T08:40:55.251+02:00 DEBUG 49472 --- [e-shop-backend] [http-nio-8080-exec-5] org.hibernate.SQL                        : select c1_0.id,c1_0.continent,c1_0.name from countries c1_0 where c1_0.id=?
2026-05-14T08:40:55.251+02:00 TRACE 49472 --- [e-shop-backend] [http-nio-8080-exec-5] org.hibernate.orm.jdbc.bind              : binding parameter (1:BIGINT) <- [4]
2026-05-14T08:40:55.252+02:00 DEBUG 49472 --- [e-shop-backend] [http-nio-8080-exec-5] org.hibernate.SQL                        : select c1_0.id,c1_0.continent,c1_0.name from countries c1_0 where c1_0.id=?
2026-05-14T08:40:55.252+02:00 TRACE 49472 --- [e-shop-backend] [http-nio-8080-exec-5] org.hibernate.orm.jdbc.bind              : binding parameter (1:BIGINT) <- [5]
2026-05-14T08:40:55.947+02:00 DEBUG 49472 --- [e-shop-backend] [http-nio-8080-exec-1] org.hibernate.SQL                        : select u1_0.id,u1_0.created_at,u1_0.email,u1_0.name,u1_0.password,u1_0.role,u1_0.surname,u1_0.updated_at,u1_0.username from users u1_0 where u1_0.username=?
2026-05-14T08:40:55.948+02:00 TRACE 49472 --- [e-shop-backend] [http-nio-8080-exec-1] org.hibernate.orm.jdbc.bind              : binding parameter (1:VARCHAR) <- [trajce]
2026-05-14T08:40:55.950+02:00 DEBUG 49472 --- [e-shop-backend] [http-nio-8080-exec-1] org.hibernate.SQL                        : select sc1_0.id,sc1_0.created_at,sc1_0.updated_at,sc1_0.user_id from shopping_carts sc1_0 where sc1_0.user_id=?
2026-05-14T08:40:55.950+02:00 TRACE 49472 --- [e-shop-backend] [http-nio-8080-exec-1] org.hibernate.orm.jdbc.bind              : binding parameter (1:BIGINT) <- [6]
2026-05-14T08:40:55.953+02:00 DEBUG 49472 --- [e-shop-backend] [http-nio-8080-exec-1] org.hibernate.SQL                        : select b1_0.id,b1_0.author_id,b1_0.available_copies,b1_0.category,b1_0.created_at,b1_0.date_published,b1_0.name,b1_0.state,b1_0.updated_at from books b1_0 where b1_0.state=?
2026-05-14T08:40:55.954+02:00 TRACE 49472 --- [e-shop-backend] [http-nio-8080-exec-1] org.hibernate.orm.jdbc.bind              : binding parameter (1:VARCHAR) <- [GOOD]
2026-05-14T08:40:55.955+02:00 DEBUG 49472 --- [e-shop-backend] [http-nio-8080-exec-1] org.hibernate.SQL                        : select a1_0.id,a1_0.country_id,c1_0.id,c1_0.continent,c1_0.name,a1_0.created_at,a1_0.name,a1_0.surname,a1_0.updated_at from authors a1_0 join countries c1_0 on c1_0.id=a1_0.country_id where a1_0.id=?
2026-05-14T08:40:55.956+02:00 TRACE 49472 --- [e-shop-backend] [http-nio-8080-exec-1] org.hibernate.orm.jdbc.bind              : binding parameter (1:BIGINT) <- [1]
2026-05-14T08:40:55.957+02:00 DEBUG 49472 --- [e-shop-backend] [http-nio-8080-exec-1] org.hibernate.SQL                        : select a1_0.id,a1_0.country_id,c1_0.id,c1_0.continent,c1_0.name,a1_0.created_at,a1_0.name,a1_0.surname,a1_0.updated_at from authors a1_0 join countries c1_0 on c1_0.id=a1_0.country_id where a1_0.id=?
2026-05-14T08:40:55.957+02:00 TRACE 49472 --- [e-shop-backend] [http-nio-8080-exec-1] org.hibernate.orm.jdbc.bind              : binding parameter (1:BIGINT) <- [2]
2026-05-14T08:40:55.959+02:00 DEBUG 49472 --- [e-shop-backend] [http-nio-8080-exec-1] org.hibernate.SQL                        : select a1_0.id,a1_0.country_id,c1_0.id,c1_0.continent,c1_0.name,a1_0.created_at,a1_0.name,a1_0.surname,a1_0.updated_at from authors a1_0 join countries c1_0 on c1_0.id=a1_0.country_id where a1_0.id=?
2026-05-14T08:40:55.959+02:00 TRACE 49472 --- [e-shop-backend] [http-nio-8080-exec-1] org.hibernate.orm.jdbc.bind              : binding parameter (1:BIGINT) <- [3]
2026-05-14T08:40:55.960+02:00 DEBUG 49472 --- [e-shop-backend] [http-nio-8080-exec-1] org.hibernate.SQL                        : select a1_0.id,a1_0.country_id,c1_0.id,c1_0.continent,c1_0.name,a1_0.created_at,a1_0.name,a1_0.surname,a1_0.updated_at from authors a1_0 join countries c1_0 on c1_0.id=a1_0.country_id where a1_0.id=?
2026-05-14T08:40:55.960+02:00 TRACE 49472 --- [e-shop-backend] [http-nio-8080-exec-1] org.hibernate.orm.jdbc.bind              : binding parameter (1:BIGINT) <- [4]
2026-05-14T08:40:55.961+02:00 DEBUG 49472 --- [e-shop-backend] [http-nio-8080-exec-1] org.hibernate.SQL                        : select a1_0.id,a1_0.country_id,c1_0.id,c1_0.continent,c1_0.name,a1_0.created_at,a1_0.name,a1_0.surname,a1_0.updated_at from authors a1_0 join countries c1_0 on c1_0.id=a1_0.country_id where a1_0.id=?
2026-05-14T08:40:55.961+02:00 TRACE 49472 --- [e-shop-backend] [http-nio-8080-exec-1] org.hibernate.orm.jdbc.bind              : binding parameter (1:BIGINT) <- [5]
2026-05-14T08:40:56.493+02:00 DEBUG 49472 --- [e-shop-backend] [http-nio-8080-exec-8] org.hibernate.SQL                        : select u1_0.id,u1_0.created_at,u1_0.email,u1_0.name,u1_0.password,u1_0.role,u1_0.surname,u1_0.updated_at,u1_0.username from users u1_0 where u1_0.username=?
2026-05-14T08:40:56.495+02:00 TRACE 49472 --- [e-shop-backend] [http-nio-8080-exec-8] org.hibernate.orm.jdbc.bind              : binding parameter (1:VARCHAR) <- [trajce]
2026-05-14T08:40:56.497+02:00 DEBUG 49472 --- [e-shop-backend] [http-nio-8080-exec-8] org.hibernate.SQL                        : select sc1_0.id,sc1_0.created_at,sc1_0.updated_at,sc1_0.user_id from shopping_carts sc1_0 where sc1_0.user_id=?
2026-05-14T08:40:56.497+02:00 TRACE 49472 --- [e-shop-backend] [http-nio-8080-exec-8] org.hibernate.orm.jdbc.bind              : binding parameter (1:BIGINT) <- [6]
2026-05-14T08:40:56.502+02:00 DEBUG 49472 --- [e-shop-backend] [http-nio-8080-exec-8] org.hibernate.SQL                        : select b1_0.id,b1_0.author_id,b1_0.available_copies,b1_0.category,b1_0.created_at,b1_0.date_published,b1_0.name,b1_0.state,b1_0.updated_at from books b1_0 where b1_0.state=?
2026-05-14T08:40:56.502+02:00 TRACE 49472 --- [e-shop-backend] [http-nio-8080-exec-8] org.hibernate.orm.jdbc.bind              : binding parameter (1:VARCHAR) <- [BAD]
2026-05-14T08:40:56.503+02:00 DEBUG 49472 --- [e-shop-backend] [http-nio-8080-exec-8] org.hibernate.SQL                        : select a1_0.id,a1_0.country_id,c1_0.id,c1_0.continent,c1_0.name,a1_0.created_at,a1_0.name,a1_0.surname,a1_0.updated_at from authors a1_0 join countries c1_0 on c1_0.id=a1_0.country_id where a1_0.id=?
2026-05-14T08:40:56.503+02:00 TRACE 49472 --- [e-shop-backend] [http-nio-8080-exec-8] org.hibernate.orm.jdbc.bind              : binding parameter (1:BIGINT) <- [3]
2026-05-14T08:40:56.504+02:00 DEBUG 49472 --- [e-shop-backend] [http-nio-8080-exec-8] org.hibernate.SQL                        : select a1_0.id,a1_0.country_id,c1_0.id,c1_0.continent,c1_0.name,a1_0.created_at,a1_0.name,a1_0.surname,a1_0.updated_at from authors a1_0 join countries c1_0 on c1_0.id=a1_0.country_id where a1_0.id=?
2026-05-14T08:40:56.504+02:00 TRACE 49472 --- [e-shop-backend] [http-nio-8080-exec-8] org.hibernate.orm.jdbc.bind              : binding parameter (1:BIGINT) <- [5]
2026-05-14T08:40:57.401+02:00 DEBUG 49472 --- [e-shop-backend] [http-nio-8080-exec-2] org.hibernate.SQL                        : select u1_0.id,u1_0.created_at,u1_0.email,u1_0.name,u1_0.password,u1_0.role,u1_0.surname,u1_0.updated_at,u1_0.username from users u1_0 where u1_0.username=?
2026-05-14T08:40:57.404+02:00 TRACE 49472 --- [e-shop-backend] [http-nio-8080-exec-2] org.hibernate.orm.jdbc.bind              : binding parameter (1:VARCHAR) <- [trajce]
2026-05-14T08:40:57.405+02:00 DEBUG 49472 --- [e-shop-backend] [http-nio-8080-exec-2] org.hibernate.SQL                        : select sc1_0.id,sc1_0.created_at,sc1_0.updated_at,sc1_0.user_id from shopping_carts sc1_0 where sc1_0.user_id=?
2026-05-14T08:40:57.405+02:00 TRACE 49472 --- [e-shop-backend] [http-nio-8080-exec-2] org.hibernate.orm.jdbc.bind              : binding parameter (1:BIGINT) <- [6]
2026-05-14T08:40:57.412+02:00 DEBUG 49472 --- [e-shop-backend] [http-nio-8080-exec-2] org.hibernate.SQL                        : select b1_0.id,b1_0.author_id,a1_0.id,a1_0.country_id,c1_0.id,c1_0.continent,c1_0.name,a1_0.created_at,a1_0.name,a1_0.surname,a1_0.updated_at,b1_0.available_copies,b1_0.category,b1_0.created_at,b1_0.date_published,b1_0.name,b1_0.state,b1_0.updated_at from books b1_0 join authors a1_0 on a1_0.id=b1_0.author_id join countries c1_0 on c1_0.id=a1_0.country_id
2026-05-14T08:41:00.004+02:00  INFO 49472 --- [e-shop-backend] [scheduling-1] c.e.e.j.MaterializedViewRefreshScheduler : Refreshing BOOKS_STATS_MV...
2026-05-14T08:41:00.005+02:00 DEBUG 49472 --- [e-shop-backend] [scheduling-1] org.hibernate.SQL                        : refresh materialized view books_stats_view
2026-05-14T08:41:00.008+02:00  INFO 49472 --- [e-shop-backend] [scheduling-1] c.e.e.j.MaterializedViewRefreshScheduler : BOOKS_STATS_MV successfully refreshed.
2026-05-14T08:41:31.652+02:00 DEBUG 49472 --- [e-shop-backend] [http-nio-8080-exec-7] org.hibernate.SQL                        : select u1_0.id,u1_0.created_at,u1_0.email,u1_0.name,u1_0.password,u1_0.role,u1_0.surname,u1_0.updated_at,u1_0.username from users u1_0 where u1_0.username=?
2026-05-14T08:41:31.654+02:00 TRACE 49472 --- [e-shop-backend] [http-nio-8080-exec-7] org.hibernate.orm.jdbc.bind              : binding parameter (1:VARCHAR) <- [trajce]
2026-05-14T08:41:31.655+02:00 DEBUG 49472 --- [e-shop-backend] [http-nio-8080-exec-7] org.hibernate.SQL                        : select sc1_0.id,sc1_0.created_at,sc1_0.updated_at,sc1_0.user_id from shopping_carts sc1_0 where sc1_0.user_id=?
2026-05-14T08:41:31.655+02:00 TRACE 49472 --- [e-shop-backend] [http-nio-8080-exec-7] org.hibernate.orm.jdbc.bind              : binding parameter (1:BIGINT) <- [6]
2026-05-14T08:41:33.230+02:00 DEBUG 49472 --- [e-shop-backend] [http-nio-8080-exec-9] org.hibernate.SQL                        : select u1_0.id,u1_0.created_at,u1_0.email,u1_0.name,u1_0.password,u1_0.role,u1_0.surname,u1_0.updated_at,u1_0.username from users u1_0 where u1_0.username=?
2026-05-14T08:41:33.232+02:00 TRACE 49472 --- [e-shop-backend] [http-nio-8080-exec-9] org.hibernate.orm.jdbc.bind              : binding parameter (1:VARCHAR) <- [trajce]
2026-05-14T08:41:33.233+02:00 DEBUG 49472 --- [e-shop-backend] [http-nio-8080-exec-9] org.hibernate.SQL                        : select sc1_0.id,sc1_0.created_at,sc1_0.updated_at,sc1_0.user_id from shopping_carts sc1_0 where sc1_0.user_id=?
2026-05-14T08:41:33.233+02:00 TRACE 49472 --- [e-shop-backend] [http-nio-8080-exec-9] org.hibernate.orm.jdbc.bind              : binding parameter (1:BIGINT) <- [6]
2026-05-14T08:42:00.004+02:00  INFO 49472 --- [e-shop-backend] [scheduling-1] c.e.e.j.MaterializedViewRefreshScheduler : Refreshing BOOKS_STATS_MV...
2026-05-14T08:42:00.006+02:00 DEBUG 49472 --- [e-shop-backend] [scheduling-1] org.hibernate.SQL                        : refresh materialized view books_stats_view
2026-05-14T08:42:00.010+02:00  INFO 49472 --- [e-shop-backend] [scheduling-1] c.e.e.j.MaterializedViewRefreshScheduler : BOOKS_STATS_MV successfully refreshed.
2026-05-14T08:43:00.000+02:00  INFO 49472 --- [e-shop-backend] [scheduling-1] c.e.e.j.MaterializedViewRefreshScheduler : Refreshing BOOKS_STATS_MV...
2026-05-14T08:43:00.001+02:00 DEBUG 49472 --- [e-shop-backend] [scheduling-1] org.hibernate.SQL                        : refresh materialized view books_stats_view
2026-05-14T08:43:00.005+02:00  INFO 49472 --- [e-shop-backend] [scheduling-1] c.e.e.j.MaterializedViewRefreshScheduler : BOOKS_STATS_MV successfully refreshed.
2026-05-14T08:44:00.006+02:00  INFO 49472 --- [e-shop-backend] [scheduling-1] c.e.e.j.MaterializedViewRefreshScheduler : Refreshing BOOKS_STATS_MV...
2026-05-14T08:44:00.019+02:00 DEBUG 49472 --- [e-shop-backend] [scheduling-1] org.hibernate.SQL                        : refresh materialized view books_stats_view
2026-05-14T08:44:00.027+02:00  INFO 49472 --- [e-shop-backend] [scheduling-1] c.e.e.j.MaterializedViewRefreshScheduler : BOOKS_STATS_MV successfully refreshed.
2026-05-14T08:45:00.002+02:00  INFO 49472 --- [e-shop-backend] [scheduling-1] c.e.e.j.MaterializedViewRefreshScheduler : Refreshing BOOKS_STATS_MV...
2026-05-14T08:45:00.004+02:00 DEBUG 49472 --- [e-shop-backend] [scheduling-1] org.hibernate.SQL                        : refresh materialized view books_stats_view
2026-05-14T08:45:00.008+02:00  INFO 49472 --- [e-shop-backend] [scheduling-1] c.e.e.j.MaterializedViewRefreshScheduler : BOOKS_STATS_MV successfully refreshed.
2026-05-14T08:45:56.918+02:00 DEBUG 49472 --- [e-shop-backend] [http-nio-8080-exec-6] org.hibernate.SQL                        : select u1_0.id,u1_0.created_at,u1_0.email,u1_0.name,u1_0.password,u1_0.role,u1_0.surname,u1_0.updated_at,u1_0.username from users u1_0 where u1_0.username=?
2026-05-14T08:45:56.921+02:00 TRACE 49472 --- [e-shop-backend] [http-nio-8080-exec-6] org.hibernate.orm.jdbc.bind              : binding parameter (1:VARCHAR) <- [trajce]
2026-05-14T08:45:56.923+02:00 DEBUG 49472 --- [e-shop-backend] [http-nio-8080-exec-6] org.hibernate.SQL                        : select sc1_0.id,sc1_0.created_at,sc1_0.updated_at,sc1_0.user_id from shopping_carts sc1_0 where sc1_0.user_id=?
2026-05-14T08:45:56.923+02:00 TRACE 49472 --- [e-shop-backend] [http-nio-8080-exec-6] org.hibernate.orm.jdbc.bind              : binding parameter (1:BIGINT) <- [6]
2026-05-14T08:45:57.020+02:00 DEBUG 49472 --- [e-shop-backend] [http-nio-8080-exec-3] org.hibernate.SQL                        : select u1_0.id,u1_0.created_at,u1_0.email,u1_0.name,u1_0.password,u1_0.role,u1_0.surname,u1_0.updated_at,u1_0.username from users u1_0 where u1_0.username=?
2026-05-14T08:45:57.020+02:00 TRACE 49472 --- [e-shop-backend] [http-nio-8080-exec-3] org.hibernate.orm.jdbc.bind              : binding parameter (1:VARCHAR) <- [trajce]
2026-05-14T08:45:57.022+02:00 DEBUG 49472 --- [e-shop-backend] [http-nio-8080-exec-3] org.hibernate.SQL                        : select sc1_0.id,sc1_0.created_at,sc1_0.updated_at,sc1_0.user_id from shopping_carts sc1_0 where sc1_0.user_id=?
2026-05-14T08:45:57.022+02:00 TRACE 49472 --- [e-shop-backend] [http-nio-8080-exec-3] org.hibernate.orm.jdbc.bind              : binding parameter (1:BIGINT) <- [6]
2026-05-14T08:45:57.023+02:00 DEBUG 49472 --- [e-shop-backend] [http-nio-8080-exec-3] org.hibernate.SQL                        : select u1_0.id,u1_0.created_at,u1_0.email,u1_0.name,u1_0.password,u1_0.role,u1_0.surname,u1_0.updated_at,u1_0.username from users u1_0 where u1_0.username=?
2026-05-14T08:45:57.023+02:00 TRACE 49472 --- [e-shop-backend] [http-nio-8080-exec-3] org.hibernate.orm.jdbc.bind              : binding parameter (1:VARCHAR) <- [trajce]
2026-05-14T08:45:57.024+02:00 DEBUG 49472 --- [e-shop-backend] [http-nio-8080-exec-3] org.hibernate.SQL                        : select sc1_0.id,sc1_0.created_at,sc1_0.updated_at,sc1_0.user_id from shopping_carts sc1_0 where sc1_0.user_id=?
2026-05-14T08:45:57.024+02:00 TRACE 49472 --- [e-shop-backend] [http-nio-8080-exec-3] org.hibernate.orm.jdbc.bind              : binding parameter (1:BIGINT) <- [6]
2026-05-14T08:46:00.005+02:00  INFO 49472 --- [e-shop-backend] [scheduling-1] c.e.e.j.MaterializedViewRefreshScheduler : Refreshing BOOKS_STATS_MV...
2026-05-14T08:46:00.006+02:00 DEBUG 49472 --- [e-shop-backend] [scheduling-1] org.hibernate.SQL                        : refresh materialized view books_stats_view
2026-05-14T08:46:00.012+02:00  INFO 49472 --- [e-shop-backend] [scheduling-1] c.e.e.j.MaterializedViewRefreshScheduler : BOOKS_STATS_MV successfully refreshed.
2026-05-14T08:47:00.000+02:00  INFO 49472 --- [e-shop-backend] [scheduling-1] c.e.e.j.MaterializedViewRefreshScheduler : Refreshing BOOKS_STATS_MV...
2026-05-14T08:47:00.000+02:00 DEBUG 49472 --- [e-shop-backend] [scheduling-1] org.hibernate.SQL                        : refresh materialized view books_stats_view
2026-05-14T08:47:00.002+02:00  INFO 49472 --- [e-shop-backend] [scheduling-1] c.e.e.j.MaterializedViewRefreshScheduler : BOOKS_STATS_MV successfully refreshed.
2026-05-14T08:48:00.003+02:00  INFO 49472 --- [e-shop-backend] [scheduling-1] c.e.e.j.MaterializedViewRefreshScheduler : Refreshing BOOKS_STATS_MV...
2026-05-14T08:48:00.005+02:00 DEBUG 49472 --- [e-shop-backend] [scheduling-1] org.hibernate.SQL                        : refresh materialized view books_stats_view
2026-05-14T08:48:00.009+02:00  INFO 49472 --- [e-shop-backend] [scheduling-1] c.e.e.j.MaterializedViewRefreshScheduler : BOOKS_STATS_MV successfully refreshed.
2026-05-14T08:48:26.404+02:00  INFO 49472 --- [e-shop-backend] [SpringApplicationShutdownHook] com.zaxxer.hikari.HikariDataSource       : HikariPool-1 - Shutdown initiated...
2026-05-14T08:48:26.405+02:00  INFO 49472 --- [e-shop-backend] [SpringApplicationShutdownHook] com.zaxxer.hikari.HikariDataSource       : HikariPool-1 - Shutdown completed.
2026-05-14T08:48:56.708+02:00  INFO 50913 --- [e-shop-backend] [main] c.e.e.EmtBackendLabApplication           : Starting EmtBackendLabApplication using Java 21.0.10 with PID 50913 (/Users/trajche/IdeaProjects/EmtBackendLab/target/classes started by trajche in /Users/trajche/IdeaProjects/EmtBackendLab)
2026-05-14T08:48:56.709+02:00  INFO 50913 --- [e-shop-backend] [main] c.e.e.EmtBackendLabApplication           : The following 1 profile is active: "dev"
2026-05-14T08:48:57.267+02:00  INFO 50913 --- [e-shop-backend] [main] o.apache.catalina.core.StandardService   : Starting service [Tomcat]
2026-05-14T08:48:57.267+02:00  INFO 50913 --- [e-shop-backend] [main] o.apache.catalina.core.StandardEngine    : Starting Servlet engine: [Apache Tomcat/11.0.18]
2026-05-14T08:48:57.342+02:00  INFO 50913 --- [e-shop-backend] [main] org.hibernate.orm.jpa                    : HHH008540: Processing PersistenceUnitInfo [name: default]
2026-05-14T08:48:57.361+02:00  INFO 50913 --- [e-shop-backend] [main] org.hibernate.orm.core                   : HHH000001: Hibernate ORM core version 7.2.4.Final
2026-05-14T08:48:57.520+02:00  INFO 50913 --- [e-shop-backend] [main] com.zaxxer.hikari.HikariDataSource       : HikariPool-1 - Starting...
2026-05-14T08:48:57.580+02:00  INFO 50913 --- [e-shop-backend] [main] com.zaxxer.hikari.pool.HikariPool        : HikariPool-1 - Added connection org.postgresql.jdbc.PgConnection@52b30dcd
2026-05-14T08:48:57.581+02:00  INFO 50913 --- [e-shop-backend] [main] com.zaxxer.hikari.HikariDataSource       : HikariPool-1 - Start completed.
2026-05-14T08:48:57.638+02:00  INFO 50913 --- [e-shop-backend] [main] org.hibernate.orm.connections.pooling    : HHH10001005: Database info:
	Database JDBC URL [jdbc:postgresql://localhost:5433/eshop]
	Database driver: PostgreSQL JDBC Driver
	Database dialect: PostgreSQLDialect
	Database version: 17.4
	Default catalog/schema: eshop/public
	Autocommit mode: undefined/unknown
	Isolation level: READ_COMMITTED [default READ_COMMITTED]
	JDBC fetch size: none
	Pool: DataSourceConnectionProvider
	Minimum pool size: undefined/unknown
	Maximum pool size: undefined/unknown
2026-05-14T08:48:58.026+02:00  INFO 50913 --- [e-shop-backend] [main] org.hibernate.orm.core                   : HHH000489: No JTA platform available (set 'hibernate.transaction.jta.platform' to enable JTA platform integration)
2026-05-14T08:48:58.198+02:00  WARN 50913 --- [e-shop-backend] [main] JpaBaseConfiguration$JpaWebConfiguration : spring.jpa.open-in-view is enabled by default. Therefore, database queries may be performed during view rendering. Explicitly configure spring.jpa.open-in-view to disable this warning
2026-05-14T08:48:58.667+02:00  INFO 50913 --- [e-shop-backend] [main] c.e.e.EmtBackendLabApplication           : Started EmtBackendLabApplication in 2.107 seconds (process running for 7.691)
2026-05-14T08:48:58.818+02:00 DEBUG 50913 --- [e-shop-backend] [main] org.hibernate.SQL                        : select u1_0.id,u1_0.created_at,u1_0.email,u1_0.name,u1_0.password,u1_0.role,u1_0.surname,u1_0.updated_at,u1_0.username from users u1_0 where u1_0.username=?
2026-05-14T08:48:58.820+02:00 TRACE 50913 --- [e-shop-backend] [main] org.hibernate.orm.jdbc.bind              : binding parameter (1:VARCHAR) <- [admin]
2026-05-14T08:48:58.912+02:00 DEBUG 50913 --- [e-shop-backend] [main] org.hibernate.SQL                        : insert into users (created_at,email,name,password,role,surname,updated_at,username) values (?,?,?,?,?,?,?,?)
2026-05-14T08:48:58.912+02:00 TRACE 50913 --- [e-shop-backend] [main] org.hibernate.orm.jdbc.bind              : binding parameter (1:TIMESTAMP) <- [2026-05-14T08:48:58.905020]
2026-05-14T08:48:58.913+02:00 TRACE 50913 --- [e-shop-backend] [main] org.hibernate.orm.jdbc.bind              : binding parameter (2:VARCHAR) <- [admin@admin.com]
2026-05-14T08:48:58.913+02:00 TRACE 50913 --- [e-shop-backend] [main] org.hibernate.orm.jdbc.bind              : binding parameter (3:VARCHAR) <- [Admin]
2026-05-14T08:48:58.913+02:00 TRACE 50913 --- [e-shop-backend] [main] org.hibernate.orm.jdbc.bind              : binding parameter (4:VARCHAR) <- [$2a$10$8dU9zPAhEEUA6YMuhibJF.WCXbU2Q725.Wzga66nYYMgQj10vm97m]
2026-05-14T08:48:58.913+02:00 TRACE 50913 --- [e-shop-backend] [main] org.hibernate.orm.jdbc.bind              : binding parameter (5:VARCHAR) <- [ROLE_ADMINISTRATOR]
2026-05-14T08:48:58.913+02:00 TRACE 50913 --- [e-shop-backend] [main] org.hibernate.orm.jdbc.bind              : binding parameter (6:VARCHAR) <- [Admin]
2026-05-14T08:48:58.913+02:00 TRACE 50913 --- [e-shop-backend] [main] org.hibernate.orm.jdbc.bind              : binding parameter (7:TIMESTAMP) <- [2026-05-14T08:48:58.905020]
2026-05-14T08:48:58.913+02:00 TRACE 50913 --- [e-shop-backend] [main] org.hibernate.orm.jdbc.bind              : binding parameter (8:VARCHAR) <- [admin]
2026-05-14T08:49:00.011+02:00  INFO 50913 --- [e-shop-backend] [scheduling-1] c.e.e.j.MaterializedViewRefreshScheduler : Refreshing BOOKS_STATS_MV...
2026-05-14T08:49:00.037+02:00 DEBUG 50913 --- [e-shop-backend] [scheduling-1] org.hibernate.SQL                        : refresh materialized view books_stats_view
2026-05-14T08:49:00.042+02:00  INFO 50913 --- [e-shop-backend] [scheduling-1] c.e.e.j.MaterializedViewRefreshScheduler : BOOKS_STATS_MV successfully refreshed.
2026-05-14T08:49:17.220+02:00  INFO 50913 --- [e-shop-backend] [http-nio-8080-exec-1] o.a.c.c.C.[Tomcat].[localhost].[/]       : Initializing Spring DispatcherServlet 'dispatcherServlet'
2026-05-14T08:49:17.273+02:00 DEBUG 50913 --- [e-shop-backend] [http-nio-8080-exec-2] org.hibernate.SQL                        : select u1_0.id,u1_0.created_at,u1_0.email,u1_0.name,u1_0.password,u1_0.role,u1_0.surname,u1_0.updated_at,u1_0.username from users u1_0 where u1_0.username=?
2026-05-14T08:49:17.274+02:00 TRACE 50913 --- [e-shop-backend] [http-nio-8080-exec-2] org.hibernate.orm.jdbc.bind              : binding parameter (1:VARCHAR) <- [admin]
2026-05-14T08:49:17.277+02:00 DEBUG 50913 --- [e-shop-backend] [http-nio-8080-exec-2] org.hibernate.SQL                        : select sc1_0.id,sc1_0.created_at,sc1_0.updated_at,sc1_0.user_id from shopping_carts sc1_0 where sc1_0.user_id=?
2026-05-14T08:49:17.277+02:00 TRACE 50913 --- [e-shop-backend] [http-nio-8080-exec-2] org.hibernate.orm.jdbc.bind              : binding parameter (1:BIGINT) <- [7]
2026-05-14T08:49:17.398+02:00 DEBUG 50913 --- [e-shop-backend] [http-nio-8080-exec-4] org.hibernate.SQL                        : select u1_0.id,u1_0.created_at,u1_0.email,u1_0.name,u1_0.password,u1_0.role,u1_0.surname,u1_0.updated_at,u1_0.username from users u1_0 where u1_0.username=?
2026-05-14T08:49:17.398+02:00 TRACE 50913 --- [e-shop-backend] [http-nio-8080-exec-4] org.hibernate.orm.jdbc.bind              : binding parameter (1:VARCHAR) <- [admin]
2026-05-14T08:49:17.400+02:00 DEBUG 50913 --- [e-shop-backend] [http-nio-8080-exec-4] org.hibernate.SQL                        : select sc1_0.id,sc1_0.created_at,sc1_0.updated_at,sc1_0.user_id from shopping_carts sc1_0 where sc1_0.user_id=?
2026-05-14T08:49:17.400+02:00 TRACE 50913 --- [e-shop-backend] [http-nio-8080-exec-4] org.hibernate.orm.jdbc.bind              : binding parameter (1:BIGINT) <- [7]
2026-05-14T08:49:17.403+02:00 DEBUG 50913 --- [e-shop-backend] [http-nio-8080-exec-4] org.hibernate.SQL                        : select u1_0.id,u1_0.created_at,u1_0.email,u1_0.name,u1_0.password,u1_0.role,u1_0.surname,u1_0.updated_at,u1_0.username from users u1_0 where u1_0.username=?
2026-05-14T08:49:17.403+02:00 TRACE 50913 --- [e-shop-backend] [http-nio-8080-exec-4] org.hibernate.orm.jdbc.bind              : binding parameter (1:VARCHAR) <- [admin]
2026-05-14T08:49:17.405+02:00 DEBUG 50913 --- [e-shop-backend] [http-nio-8080-exec-4] org.hibernate.SQL                        : select sc1_0.id,sc1_0.created_at,sc1_0.updated_at,sc1_0.user_id from shopping_carts sc1_0 where sc1_0.user_id=?
2026-05-14T08:49:17.405+02:00 TRACE 50913 --- [e-shop-backend] [http-nio-8080-exec-4] org.hibernate.orm.jdbc.bind              : binding parameter (1:BIGINT) <- [7]
2026-05-14T08:49:19.634+02:00 DEBUG 50913 --- [e-shop-backend] [http-nio-8080-exec-9] org.hibernate.SQL                        : select u1_0.id,u1_0.created_at,u1_0.email,u1_0.name,u1_0.password,u1_0.role,u1_0.surname,u1_0.updated_at,u1_0.username from users u1_0 where u1_0.username=?
2026-05-14T08:49:19.634+02:00 DEBUG 50913 --- [e-shop-backend] [http-nio-8080-exec-10] org.hibernate.SQL                        : select u1_0.id,u1_0.created_at,u1_0.email,u1_0.name,u1_0.password,u1_0.role,u1_0.surname,u1_0.updated_at,u1_0.username from users u1_0 where u1_0.username=?
2026-05-14T08:49:19.637+02:00 TRACE 50913 --- [e-shop-backend] [http-nio-8080-exec-9] org.hibernate.orm.jdbc.bind              : binding parameter (1:VARCHAR) <- [admin]
2026-05-14T08:49:19.637+02:00 TRACE 50913 --- [e-shop-backend] [http-nio-8080-exec-10] org.hibernate.orm.jdbc.bind              : binding parameter (1:VARCHAR) <- [admin]
2026-05-14T08:49:19.639+02:00 DEBUG 50913 --- [e-shop-backend] [http-nio-8080-exec-9] org.hibernate.SQL                        : select sc1_0.id,sc1_0.created_at,sc1_0.updated_at,sc1_0.user_id from shopping_carts sc1_0 where sc1_0.user_id=?
2026-05-14T08:49:19.640+02:00 TRACE 50913 --- [e-shop-backend] [http-nio-8080-exec-9] org.hibernate.orm.jdbc.bind              : binding parameter (1:BIGINT) <- [7]
2026-05-14T08:49:19.640+02:00 DEBUG 50913 --- [e-shop-backend] [http-nio-8080-exec-10] org.hibernate.SQL                        : select sc1_0.id,sc1_0.created_at,sc1_0.updated_at,sc1_0.user_id from shopping_carts sc1_0 where sc1_0.user_id=?
2026-05-14T08:49:19.641+02:00 TRACE 50913 --- [e-shop-backend] [http-nio-8080-exec-10] org.hibernate.orm.jdbc.bind              : binding parameter (1:BIGINT) <- [7]
2026-05-14T08:49:19.660+02:00 DEBUG 50913 --- [e-shop-backend] [http-nio-8080-exec-10] org.hibernate.SQL                        : select a1_0.id,a1_0.country_id,a1_0.created_at,a1_0.name,a1_0.surname,a1_0.updated_at from authors a1_0
2026-05-14T08:49:19.661+02:00 DEBUG 50913 --- [e-shop-backend] [http-nio-8080-exec-9] org.hibernate.SQL                        : select b1_0.id,b1_0.author_id,a1_0.id,a1_0.country_id,c1_0.id,c1_0.continent,c1_0.name,a1_0.created_at,a1_0.name,a1_0.surname,a1_0.updated_at,b1_0.available_copies,b1_0.category,b1_0.created_at,b1_0.date_published,b1_0.name,b1_0.state,b1_0.updated_at from books b1_0 join authors a1_0 on a1_0.id=b1_0.author_id join countries c1_0 on c1_0.id=a1_0.country_id
2026-05-14T08:49:19.665+02:00 DEBUG 50913 --- [e-shop-backend] [http-nio-8080-exec-10] org.hibernate.SQL                        : select c1_0.id,c1_0.continent,c1_0.name from countries c1_0 where c1_0.id=?
2026-05-14T08:49:19.665+02:00 TRACE 50913 --- [e-shop-backend] [http-nio-8080-exec-10] org.hibernate.orm.jdbc.bind              : binding parameter (1:BIGINT) <- [1]
2026-05-14T08:49:19.666+02:00 DEBUG 50913 --- [e-shop-backend] [http-nio-8080-exec-10] org.hibernate.SQL                        : select c1_0.id,c1_0.continent,c1_0.name from countries c1_0 where c1_0.id=?
2026-05-14T08:49:19.667+02:00 TRACE 50913 --- [e-shop-backend] [http-nio-8080-exec-10] org.hibernate.orm.jdbc.bind              : binding parameter (1:BIGINT) <- [2]
2026-05-14T08:49:19.667+02:00 DEBUG 50913 --- [e-shop-backend] [http-nio-8080-exec-10] org.hibernate.SQL                        : select c1_0.id,c1_0.continent,c1_0.name from countries c1_0 where c1_0.id=?
2026-05-14T08:49:19.667+02:00 TRACE 50913 --- [e-shop-backend] [http-nio-8080-exec-10] org.hibernate.orm.jdbc.bind              : binding parameter (1:BIGINT) <- [3]
2026-05-14T08:49:19.668+02:00 DEBUG 50913 --- [e-shop-backend] [http-nio-8080-exec-10] org.hibernate.SQL                        : select c1_0.id,c1_0.continent,c1_0.name from countries c1_0 where c1_0.id=?
2026-05-14T08:49:19.668+02:00 TRACE 50913 --- [e-shop-backend] [http-nio-8080-exec-10] org.hibernate.orm.jdbc.bind              : binding parameter (1:BIGINT) <- [4]
2026-05-14T08:49:19.669+02:00 DEBUG 50913 --- [e-shop-backend] [http-nio-8080-exec-10] org.hibernate.SQL                        : select c1_0.id,c1_0.continent,c1_0.name from countries c1_0 where c1_0.id=?
2026-05-14T08:49:19.669+02:00 TRACE 50913 --- [e-shop-backend] [http-nio-8080-exec-10] org.hibernate.orm.jdbc.bind              : binding parameter (1:BIGINT) <- [5]
2026-05-14T08:49:19.675+02:00 DEBUG 50913 --- [e-shop-backend] [http-nio-8080-exec-1] org.hibernate.SQL                        : select u1_0.id,u1_0.created_at,u1_0.email,u1_0.name,u1_0.password,u1_0.role,u1_0.surname,u1_0.updated_at,u1_0.username from users u1_0 where u1_0.username=?
2026-05-14T08:49:19.675+02:00 DEBUG 50913 --- [e-shop-backend] [http-nio-8080-exec-2] org.hibernate.SQL                        : select u1_0.id,u1_0.created_at,u1_0.email,u1_0.name,u1_0.password,u1_0.role,u1_0.surname,u1_0.updated_at,u1_0.username from users u1_0 where u1_0.username=?
2026-05-14T08:49:19.676+02:00 TRACE 50913 --- [e-shop-backend] [http-nio-8080-exec-1] org.hibernate.orm.jdbc.bind              : binding parameter (1:VARCHAR) <- [admin]
2026-05-14T08:49:19.676+02:00 TRACE 50913 --- [e-shop-backend] [http-nio-8080-exec-2] org.hibernate.orm.jdbc.bind              : binding parameter (1:VARCHAR) <- [admin]
2026-05-14T08:49:19.677+02:00 DEBUG 50913 --- [e-shop-backend] [http-nio-8080-exec-1] org.hibernate.SQL                        : select sc1_0.id,sc1_0.created_at,sc1_0.updated_at,sc1_0.user_id from shopping_carts sc1_0 where sc1_0.user_id=?
2026-05-14T08:49:19.677+02:00 DEBUG 50913 --- [e-shop-backend] [http-nio-8080-exec-2] org.hibernate.SQL                        : select sc1_0.id,sc1_0.created_at,sc1_0.updated_at,sc1_0.user_id from shopping_carts sc1_0 where sc1_0.user_id=?
2026-05-14T08:49:19.677+02:00 TRACE 50913 --- [e-shop-backend] [http-nio-8080-exec-2] org.hibernate.orm.jdbc.bind              : binding parameter (1:BIGINT) <- [7]
2026-05-14T08:49:19.677+02:00 TRACE 50913 --- [e-shop-backend] [http-nio-8080-exec-1] org.hibernate.orm.jdbc.bind              : binding parameter (1:BIGINT) <- [7]
2026-05-14T08:49:19.680+02:00 DEBUG 50913 --- [e-shop-backend] [http-nio-8080-exec-1] org.hibernate.SQL                        : select a1_0.id,a1_0.country_id,a1_0.created_at,a1_0.name,a1_0.surname,a1_0.updated_at from authors a1_0
2026-05-14T08:49:19.680+02:00 DEBUG 50913 --- [e-shop-backend] [http-nio-8080-exec-2] org.hibernate.SQL                        : select b1_0.id,b1_0.author_id,a1_0.id,a1_0.country_id,c1_0.id,c1_0.continent,c1_0.name,a1_0.created_at,a1_0.name,a1_0.surname,a1_0.updated_at,b1_0.available_copies,b1_0.category,b1_0.created_at,b1_0.date_published,b1_0.name,b1_0.state,b1_0.updated_at from books b1_0 join authors a1_0 on a1_0.id=b1_0.author_id join countries c1_0 on c1_0.id=a1_0.country_id
2026-05-14T08:49:19.681+02:00 DEBUG 50913 --- [e-shop-backend] [http-nio-8080-exec-1] org.hibernate.SQL                        : select c1_0.id,c1_0.continent,c1_0.name from countries c1_0 where c1_0.id=?
2026-05-14T08:49:19.681+02:00 TRACE 50913 --- [e-shop-backend] [http-nio-8080-exec-1] org.hibernate.orm.jdbc.bind              : binding parameter (1:BIGINT) <- [1]
2026-05-14T08:49:19.682+02:00 DEBUG 50913 --- [e-shop-backend] [http-nio-8080-exec-1] org.hibernate.SQL                        : select c1_0.id,c1_0.continent,c1_0.name from countries c1_0 where c1_0.id=?
2026-05-14T08:49:19.682+02:00 TRACE 50913 --- [e-shop-backend] [http-nio-8080-exec-1] org.hibernate.orm.jdbc.bind              : binding parameter (1:BIGINT) <- [2]
2026-05-14T08:49:19.683+02:00 DEBUG 50913 --- [e-shop-backend] [http-nio-8080-exec-1] org.hibernate.SQL                        : select c1_0.id,c1_0.continent,c1_0.name from countries c1_0 where c1_0.id=?
2026-05-14T08:49:19.683+02:00 TRACE 50913 --- [e-shop-backend] [http-nio-8080-exec-1] org.hibernate.orm.jdbc.bind              : binding parameter (1:BIGINT) <- [3]
2026-05-14T08:49:19.684+02:00 DEBUG 50913 --- [e-shop-backend] [http-nio-8080-exec-1] org.hibernate.SQL                        : select c1_0.id,c1_0.continent,c1_0.name from countries c1_0 where c1_0.id=?
2026-05-14T08:49:19.684+02:00 TRACE 50913 --- [e-shop-backend] [http-nio-8080-exec-1] org.hibernate.orm.jdbc.bind              : binding parameter (1:BIGINT) <- [4]
2026-05-14T08:49:19.685+02:00 DEBUG 50913 --- [e-shop-backend] [http-nio-8080-exec-1] org.hibernate.SQL                        : select c1_0.id,c1_0.continent,c1_0.name from countries c1_0 where c1_0.id=?
2026-05-14T08:49:19.685+02:00 TRACE 50913 --- [e-shop-backend] [http-nio-8080-exec-1] org.hibernate.orm.jdbc.bind              : binding parameter (1:BIGINT) <- [5]
2026-05-14T08:49:21.164+02:00 DEBUG 50913 --- [e-shop-backend] [http-nio-8080-exec-3] org.hibernate.SQL                        : select u1_0.id,u1_0.created_at,u1_0.email,u1_0.name,u1_0.password,u1_0.role,u1_0.surname,u1_0.updated_at,u1_0.username from users u1_0 where u1_0.username=?
2026-05-14T08:49:21.165+02:00 TRACE 50913 --- [e-shop-backend] [http-nio-8080-exec-3] org.hibernate.orm.jdbc.bind              : binding parameter (1:VARCHAR) <- [admin]
2026-05-14T08:49:21.167+02:00 DEBUG 50913 --- [e-shop-backend] [http-nio-8080-exec-3] org.hibernate.SQL                        : select sc1_0.id,sc1_0.created_at,sc1_0.updated_at,sc1_0.user_id from shopping_carts sc1_0 where sc1_0.user_id=?
2026-05-14T08:49:21.167+02:00 TRACE 50913 --- [e-shop-backend] [http-nio-8080-exec-3] org.hibernate.orm.jdbc.bind              : binding parameter (1:BIGINT) <- [7]
2026-05-14T08:49:21.173+02:00 DEBUG 50913 --- [e-shop-backend] [http-nio-8080-exec-3] org.hibernate.SQL                        : select a1_0.id,a1_0.country_id,a1_0.created_at,a1_0.name,a1_0.surname,a1_0.updated_at from authors a1_0
2026-05-14T08:49:21.176+02:00 DEBUG 50913 --- [e-shop-backend] [http-nio-8080-exec-3] org.hibernate.SQL                        : select c1_0.id,c1_0.continent,c1_0.name from countries c1_0 where c1_0.id=?
2026-05-14T08:49:21.177+02:00 TRACE 50913 --- [e-shop-backend] [http-nio-8080-exec-3] org.hibernate.orm.jdbc.bind              : binding parameter (1:BIGINT) <- [1]
2026-05-14T08:49:21.179+02:00 DEBUG 50913 --- [e-shop-backend] [http-nio-8080-exec-3] org.hibernate.SQL                        : select c1_0.id,c1_0.continent,c1_0.name from countries c1_0 where c1_0.id=?
2026-05-14T08:49:21.179+02:00 TRACE 50913 --- [e-shop-backend] [http-nio-8080-exec-3] org.hibernate.orm.jdbc.bind              : binding parameter (1:BIGINT) <- [2]
2026-05-14T08:49:21.181+02:00 DEBUG 50913 --- [e-shop-backend] [http-nio-8080-exec-3] org.hibernate.SQL                        : select c1_0.id,c1_0.continent,c1_0.name from countries c1_0 where c1_0.id=?
2026-05-14T08:49:21.181+02:00 TRACE 50913 --- [e-shop-backend] [http-nio-8080-exec-3] org.hibernate.orm.jdbc.bind              : binding parameter (1:BIGINT) <- [3]
2026-05-14T08:49:21.183+02:00 DEBUG 50913 --- [e-shop-backend] [http-nio-8080-exec-3] org.hibernate.SQL                        : select c1_0.id,c1_0.continent,c1_0.name from countries c1_0 where c1_0.id=?
2026-05-14T08:49:21.184+02:00 TRACE 50913 --- [e-shop-backend] [http-nio-8080-exec-3] org.hibernate.orm.jdbc.bind              : binding parameter (1:BIGINT) <- [4]
2026-05-14T08:49:21.185+02:00 DEBUG 50913 --- [e-shop-backend] [http-nio-8080-exec-3] org.hibernate.SQL                        : select c1_0.id,c1_0.continent,c1_0.name from countries c1_0 where c1_0.id=?
2026-05-14T08:49:21.186+02:00 TRACE 50913 --- [e-shop-backend] [http-nio-8080-exec-3] org.hibernate.orm.jdbc.bind              : binding parameter (1:BIGINT) <- [5]
2026-05-14T08:49:21.194+02:00 DEBUG 50913 --- [e-shop-backend] [http-nio-8080-exec-4] org.hibernate.SQL                        : select u1_0.id,u1_0.created_at,u1_0.email,u1_0.name,u1_0.password,u1_0.role,u1_0.surname,u1_0.updated_at,u1_0.username from users u1_0 where u1_0.username=?
2026-05-14T08:49:21.195+02:00 TRACE 50913 --- [e-shop-backend] [http-nio-8080-exec-4] org.hibernate.orm.jdbc.bind              : binding parameter (1:VARCHAR) <- [admin]
2026-05-14T08:49:21.196+02:00 DEBUG 50913 --- [e-shop-backend] [http-nio-8080-exec-4] org.hibernate.SQL                        : select sc1_0.id,sc1_0.created_at,sc1_0.updated_at,sc1_0.user_id from shopping_carts sc1_0 where sc1_0.user_id=?
2026-05-14T08:49:21.196+02:00 TRACE 50913 --- [e-shop-backend] [http-nio-8080-exec-4] org.hibernate.orm.jdbc.bind              : binding parameter (1:BIGINT) <- [7]
2026-05-14T08:49:21.200+02:00 DEBUG 50913 --- [e-shop-backend] [http-nio-8080-exec-4] org.hibernate.SQL                        : select a1_0.id,a1_0.country_id,a1_0.created_at,a1_0.name,a1_0.surname,a1_0.updated_at from authors a1_0
2026-05-14T08:49:21.202+02:00 DEBUG 50913 --- [e-shop-backend] [http-nio-8080-exec-4] org.hibernate.SQL                        : select c1_0.id,c1_0.continent,c1_0.name from countries c1_0 where c1_0.id=?
2026-05-14T08:49:21.202+02:00 TRACE 50913 --- [e-shop-backend] [http-nio-8080-exec-4] org.hibernate.orm.jdbc.bind              : binding parameter (1:BIGINT) <- [1]
2026-05-14T08:49:21.203+02:00 DEBUG 50913 --- [e-shop-backend] [http-nio-8080-exec-4] org.hibernate.SQL                        : select c1_0.id,c1_0.continent,c1_0.name from countries c1_0 where c1_0.id=?
2026-05-14T08:49:21.203+02:00 TRACE 50913 --- [e-shop-backend] [http-nio-8080-exec-4] org.hibernate.orm.jdbc.bind              : binding parameter (1:BIGINT) <- [2]
2026-05-14T08:49:21.204+02:00 DEBUG 50913 --- [e-shop-backend] [http-nio-8080-exec-4] org.hibernate.SQL                        : select c1_0.id,c1_0.continent,c1_0.name from countries c1_0 where c1_0.id=?
2026-05-14T08:49:21.204+02:00 TRACE 50913 --- [e-shop-backend] [http-nio-8080-exec-4] org.hibernate.orm.jdbc.bind              : binding parameter (1:BIGINT) <- [3]
2026-05-14T08:49:21.205+02:00 DEBUG 50913 --- [e-shop-backend] [http-nio-8080-exec-4] org.hibernate.SQL                        : select c1_0.id,c1_0.continent,c1_0.name from countries c1_0 where c1_0.id=?
2026-05-14T08:49:21.206+02:00 TRACE 50913 --- [e-shop-backend] [http-nio-8080-exec-4] org.hibernate.orm.jdbc.bind              : binding parameter (1:BIGINT) <- [4]
2026-05-14T08:49:21.207+02:00 DEBUG 50913 --- [e-shop-backend] [http-nio-8080-exec-4] org.hibernate.SQL                        : select c1_0.id,c1_0.continent,c1_0.name from countries c1_0 where c1_0.id=?
2026-05-14T08:49:21.207+02:00 TRACE 50913 --- [e-shop-backend] [http-nio-8080-exec-4] org.hibernate.orm.jdbc.bind              : binding parameter (1:BIGINT) <- [5]
2026-05-14T08:49:25.069+02:00 DEBUG 50913 --- [e-shop-backend] [http-nio-8080-exec-5] org.hibernate.SQL                        : select u1_0.id,u1_0.created_at,u1_0.email,u1_0.name,u1_0.password,u1_0.role,u1_0.surname,u1_0.updated_at,u1_0.username from users u1_0 where u1_0.username=?
2026-05-14T08:49:25.070+02:00 TRACE 50913 --- [e-shop-backend] [http-nio-8080-exec-5] org.hibernate.orm.jdbc.bind              : binding parameter (1:VARCHAR) <- [admin]
2026-05-14T08:49:25.071+02:00 DEBUG 50913 --- [e-shop-backend] [http-nio-8080-exec-5] org.hibernate.SQL                        : select sc1_0.id,sc1_0.created_at,sc1_0.updated_at,sc1_0.user_id from shopping_carts sc1_0 where sc1_0.user_id=?
2026-05-14T08:49:25.072+02:00 TRACE 50913 --- [e-shop-backend] [http-nio-8080-exec-5] org.hibernate.orm.jdbc.bind              : binding parameter (1:BIGINT) <- [7]
2026-05-14T08:49:25.114+02:00 DEBUG 50913 --- [e-shop-backend] [http-nio-8080-exec-5] org.hibernate.SQL                        : select a1_0.id,a1_0.country_id,c1_0.id,c1_0.continent,c1_0.name,a1_0.created_at,a1_0.name,a1_0.surname,a1_0.updated_at from authors a1_0 join countries c1_0 on c1_0.id=a1_0.country_id where a1_0.id=?
2026-05-14T08:49:25.114+02:00 TRACE 50913 --- [e-shop-backend] [http-nio-8080-exec-5] org.hibernate.orm.jdbc.bind              : binding parameter (1:BIGINT) <- [1]
2026-05-14T08:49:25.117+02:00 DEBUG 50913 --- [e-shop-backend] [http-nio-8080-exec-5] org.hibernate.SQL                        : select b1_0.id,b1_0.author_id,a1_0.id,a1_0.country_id,c1_0.id,c1_0.continent,c1_0.name,a1_0.created_at,a1_0.name,a1_0.surname,a1_0.updated_at,b1_0.available_copies,b1_0.category,b1_0.created_at,b1_0.date_published,b1_0.name,b1_0.state,b1_0.updated_at from books b1_0 join authors a1_0 on a1_0.id=b1_0.author_id join countries c1_0 on c1_0.id=a1_0.country_id where b1_0.id=?
2026-05-14T08:49:25.117+02:00 TRACE 50913 --- [e-shop-backend] [http-nio-8080-exec-5] org.hibernate.orm.jdbc.bind              : binding parameter (1:BIGINT) <- [2]
2026-05-14T08:49:25.124+02:00 DEBUG 50913 --- [e-shop-backend] [http-nio-8080-exec-5] org.hibernate.SQL                        : update books set author_id=?,available_copies=?,category=?,date_published=?,name=?,state=?,updated_at=? where id=?
2026-05-14T08:49:25.124+02:00 TRACE 50913 --- [e-shop-backend] [http-nio-8080-exec-5] org.hibernate.orm.jdbc.bind              : binding parameter (1:BIGINT) <- [1]
2026-05-14T08:49:25.124+02:00 TRACE 50913 --- [e-shop-backend] [http-nio-8080-exec-5] org.hibernate.orm.jdbc.bind              : binding parameter (2:INTEGER) <- [3]
2026-05-14T08:49:25.124+02:00 TRACE 50913 --- [e-shop-backend] [http-nio-8080-exec-5] org.hibernate.orm.jdbc.bind              : binding parameter (3:VARCHAR) <- [THRILLER]
2026-05-14T08:49:25.124+02:00 TRACE 50913 --- [e-shop-backend] [http-nio-8080-exec-5] org.hibernate.orm.jdbc.bind              : binding parameter (4:TIMESTAMP) <- [null]
2026-05-14T08:49:25.124+02:00 TRACE 50913 --- [e-shop-backend] [http-nio-8080-exec-5] org.hibernate.orm.jdbc.bind              : binding parameter (5:VARCHAR) <- [It33]
2026-05-14T08:49:25.124+02:00 TRACE 50913 --- [e-shop-backend] [http-nio-8080-exec-5] org.hibernate.orm.jdbc.bind              : binding parameter (6:VARCHAR) <- [GOOD]
2026-05-14T08:49:25.125+02:00 TRACE 50913 --- [e-shop-backend] [http-nio-8080-exec-5] org.hibernate.orm.jdbc.bind              : binding parameter (7:TIMESTAMP) <- [2026-05-14T08:49:25.121495]
2026-05-14T08:49:25.125+02:00 TRACE 50913 --- [e-shop-backend] [http-nio-8080-exec-5] org.hibernate.orm.jdbc.bind              : binding parameter (8:BIGINT) <- [2]
2026-05-14T08:49:25.134+02:00 DEBUG 50913 --- [e-shop-backend] [http-nio-8080-exec-7] org.hibernate.SQL                        : select u1_0.id,u1_0.created_at,u1_0.email,u1_0.name,u1_0.password,u1_0.role,u1_0.surname,u1_0.updated_at,u1_0.username from users u1_0 where u1_0.username=?
2026-05-14T08:49:25.134+02:00 TRACE 50913 --- [e-shop-backend] [http-nio-8080-exec-7] org.hibernate.orm.jdbc.bind              : binding parameter (1:VARCHAR) <- [admin]
2026-05-14T08:49:25.135+02:00 DEBUG 50913 --- [e-shop-backend] [http-nio-8080-exec-7] org.hibernate.SQL                        : select sc1_0.id,sc1_0.created_at,sc1_0.updated_at,sc1_0.user_id from shopping_carts sc1_0 where sc1_0.user_id=?
2026-05-14T08:49:25.135+02:00 TRACE 50913 --- [e-shop-backend] [http-nio-8080-exec-7] org.hibernate.orm.jdbc.bind              : binding parameter (1:BIGINT) <- [7]
2026-05-14T08:49:25.138+02:00 DEBUG 50913 --- [e-shop-backend] [http-nio-8080-exec-7] org.hibernate.SQL                        : select b1_0.id,b1_0.author_id,a1_0.id,a1_0.country_id,c1_0.id,c1_0.continent,c1_0.name,a1_0.created_at,a1_0.name,a1_0.surname,a1_0.updated_at,b1_0.available_copies,b1_0.category,b1_0.created_at,b1_0.date_published,b1_0.name,b1_0.state,b1_0.updated_at from books b1_0 join authors a1_0 on a1_0.id=b1_0.author_id join countries c1_0 on c1_0.id=a1_0.country_id
2026-05-14T08:49:25.176+02:00 DEBUG 50913 --- [e-shop-backend] [http-nio-8080-exec-2] org.hibernate.SQL                        : select u1_0.id,u1_0.created_at,u1_0.email,u1_0.name,u1_0.password,u1_0.role,u1_0.surname,u1_0.updated_at,u1_0.username from users u1_0 where u1_0.username=?
2026-05-14T08:49:25.179+02:00 TRACE 50913 --- [e-shop-backend] [http-nio-8080-exec-2] org.hibernate.orm.jdbc.bind              : binding parameter (1:VARCHAR) <- [admin]
2026-05-14T08:49:25.181+02:00 DEBUG 50913 --- [e-shop-backend] [http-nio-8080-exec-2] org.hibernate.SQL                        : select sc1_0.id,sc1_0.created_at,sc1_0.updated_at,sc1_0.user_id from shopping_carts sc1_0 where sc1_0.user_id=?
2026-05-14T08:49:25.181+02:00 TRACE 50913 --- [e-shop-backend] [http-nio-8080-exec-2] org.hibernate.orm.jdbc.bind              : binding parameter (1:BIGINT) <- [7]
2026-05-14T08:49:25.184+02:00 DEBUG 50913 --- [e-shop-backend] [http-nio-8080-exec-2] org.hibernate.SQL                        : select a1_0.id,a1_0.country_id,a1_0.created_at,a1_0.name,a1_0.surname,a1_0.updated_at from authors a1_0
2026-05-14T08:49:25.185+02:00 DEBUG 50913 --- [e-shop-backend] [http-nio-8080-exec-2] org.hibernate.SQL                        : select c1_0.id,c1_0.continent,c1_0.name from countries c1_0 where c1_0.id=?
2026-05-14T08:49:25.185+02:00 TRACE 50913 --- [e-shop-backend] [http-nio-8080-exec-2] org.hibernate.orm.jdbc.bind              : binding parameter (1:BIGINT) <- [1]
2026-05-14T08:49:25.186+02:00 DEBUG 50913 --- [e-shop-backend] [http-nio-8080-exec-2] org.hibernate.SQL                        : select c1_0.id,c1_0.continent,c1_0.name from countries c1_0 where c1_0.id=?
2026-05-14T08:49:25.187+02:00 TRACE 50913 --- [e-shop-backend] [http-nio-8080-exec-2] org.hibernate.orm.jdbc.bind              : binding parameter (1:BIGINT) <- [2]
2026-05-14T08:49:25.187+02:00 DEBUG 50913 --- [e-shop-backend] [http-nio-8080-exec-2] org.hibernate.SQL                        : select c1_0.id,c1_0.continent,c1_0.name from countries c1_0 where c1_0.id=?
2026-05-14T08:49:25.187+02:00 TRACE 50913 --- [e-shop-backend] [http-nio-8080-exec-2] org.hibernate.orm.jdbc.bind              : binding parameter (1:BIGINT) <- [3]
2026-05-14T08:49:25.188+02:00 DEBUG 50913 --- [e-shop-backend] [http-nio-8080-exec-2] org.hibernate.SQL                        : select c1_0.id,c1_0.continent,c1_0.name from countries c1_0 where c1_0.id=?
2026-05-14T08:49:25.188+02:00 TRACE 50913 --- [e-shop-backend] [http-nio-8080-exec-2] org.hibernate.orm.jdbc.bind              : binding parameter (1:BIGINT) <- [4]
2026-05-14T08:49:25.188+02:00 DEBUG 50913 --- [e-shop-backend] [http-nio-8080-exec-2] org.hibernate.SQL                        : select c1_0.id,c1_0.continent,c1_0.name from countries c1_0 where c1_0.id=?
2026-05-14T08:49:25.189+02:00 TRACE 50913 --- [e-shop-backend] [http-nio-8080-exec-2] org.hibernate.orm.jdbc.bind              : binding parameter (1:BIGINT) <- [5]
2026-05-14T08:49:25.192+02:00 DEBUG 50913 --- [e-shop-backend] [http-nio-8080-exec-1] org.hibernate.SQL                        : select u1_0.id,u1_0.created_at,u1_0.email,u1_0.name,u1_0.password,u1_0.role,u1_0.surname,u1_0.updated_at,u1_0.username from users u1_0 where u1_0.username=?
2026-05-14T08:49:25.192+02:00 TRACE 50913 --- [e-shop-backend] [http-nio-8080-exec-1] org.hibernate.orm.jdbc.bind              : binding parameter (1:VARCHAR) <- [admin]
2026-05-14T08:49:25.193+02:00 DEBUG 50913 --- [e-shop-backend] [http-nio-8080-exec-1] org.hibernate.SQL                        : select sc1_0.id,sc1_0.created_at,sc1_0.updated_at,sc1_0.user_id from shopping_carts sc1_0 where sc1_0.user_id=?
2026-05-14T08:49:25.193+02:00 TRACE 50913 --- [e-shop-backend] [http-nio-8080-exec-1] org.hibernate.orm.jdbc.bind              : binding parameter (1:BIGINT) <- [7]
2026-05-14T08:49:25.195+02:00 DEBUG 50913 --- [e-shop-backend] [http-nio-8080-exec-1] org.hibernate.SQL                        : select a1_0.id,a1_0.country_id,a1_0.created_at,a1_0.name,a1_0.surname,a1_0.updated_at from authors a1_0
2026-05-14T08:49:25.196+02:00 DEBUG 50913 --- [e-shop-backend] [http-nio-8080-exec-1] org.hibernate.SQL                        : select c1_0.id,c1_0.continent,c1_0.name from countries c1_0 where c1_0.id=?
2026-05-14T08:49:25.196+02:00 TRACE 50913 --- [e-shop-backend] [http-nio-8080-exec-1] org.hibernate.orm.jdbc.bind              : binding parameter (1:BIGINT) <- [1]
2026-05-14T08:49:25.197+02:00 DEBUG 50913 --- [e-shop-backend] [http-nio-8080-exec-1] org.hibernate.SQL                        : select c1_0.id,c1_0.continent,c1_0.name from countries c1_0 where c1_0.id=?
2026-05-14T08:49:25.197+02:00 TRACE 50913 --- [e-shop-backend] [http-nio-8080-exec-1] org.hibernate.orm.jdbc.bind              : binding parameter (1:BIGINT) <- [2]
2026-05-14T08:49:25.197+02:00 DEBUG 50913 --- [e-shop-backend] [http-nio-8080-exec-1] org.hibernate.SQL                        : select c1_0.id,c1_0.continent,c1_0.name from countries c1_0 where c1_0.id=?
2026-05-14T08:49:25.197+02:00 TRACE 50913 --- [e-shop-backend] [http-nio-8080-exec-1] org.hibernate.orm.jdbc.bind              : binding parameter (1:BIGINT) <- [3]
2026-05-14T08:49:25.198+02:00 DEBUG 50913 --- [e-shop-backend] [http-nio-8080-exec-1] org.hibernate.SQL                        : select c1_0.id,c1_0.continent,c1_0.name from countries c1_0 where c1_0.id=?
2026-05-14T08:49:25.198+02:00 TRACE 50913 --- [e-shop-backend] [http-nio-8080-exec-1] org.hibernate.orm.jdbc.bind              : binding parameter (1:BIGINT) <- [4]
2026-05-14T08:49:25.198+02:00 DEBUG 50913 --- [e-shop-backend] [http-nio-8080-exec-1] org.hibernate.SQL                        : select c1_0.id,c1_0.continent,c1_0.name from countries c1_0 where c1_0.id=?
2026-05-14T08:49:25.198+02:00 TRACE 50913 --- [e-shop-backend] [http-nio-8080-exec-1] org.hibernate.orm.jdbc.bind              : binding parameter (1:BIGINT) <- [5]
2026-05-14T08:49:30.222+02:00 DEBUG 50913 --- [e-shop-backend] [http-nio-8080-exec-4] org.hibernate.SQL                        : select u1_0.id,u1_0.created_at,u1_0.email,u1_0.name,u1_0.password,u1_0.role,u1_0.surname,u1_0.updated_at,u1_0.username from users u1_0 where u1_0.username=?
2026-05-14T08:49:30.224+02:00 TRACE 50913 --- [e-shop-backend] [http-nio-8080-exec-4] org.hibernate.orm.jdbc.bind              : binding parameter (1:VARCHAR) <- [admin]
2026-05-14T08:49:30.225+02:00 DEBUG 50913 --- [e-shop-backend] [http-nio-8080-exec-4] org.hibernate.SQL                        : select sc1_0.id,sc1_0.created_at,sc1_0.updated_at,sc1_0.user_id from shopping_carts sc1_0 where sc1_0.user_id=?
2026-05-14T08:49:30.225+02:00 TRACE 50913 --- [e-shop-backend] [http-nio-8080-exec-4] org.hibernate.orm.jdbc.bind              : binding parameter (1:BIGINT) <- [7]
2026-05-14T08:49:30.232+02:00 DEBUG 50913 --- [e-shop-backend] [http-nio-8080-exec-4] org.hibernate.SQL                        : select b1_0.id,b1_0.author_id,a1_0.id,a1_0.country_id,c1_0.id,c1_0.continent,c1_0.name,a1_0.created_at,a1_0.name,a1_0.surname,a1_0.updated_at,b1_0.available_copies,b1_0.category,b1_0.created_at,b1_0.date_published,b1_0.name,b1_0.state,b1_0.updated_at from books b1_0 join authors a1_0 on a1_0.id=b1_0.author_id join countries c1_0 on c1_0.id=a1_0.country_id where b1_0.id=?
2026-05-14T08:49:30.232+02:00 TRACE 50913 --- [e-shop-backend] [http-nio-8080-exec-4] org.hibernate.orm.jdbc.bind              : binding parameter (1:BIGINT) <- [2]
2026-05-14T08:49:30.243+02:00 DEBUG 50913 --- [e-shop-backend] [http-nio-8080-exec-4] org.hibernate.SQL                        : delete from books where id=?
2026-05-14T08:49:30.244+02:00 TRACE 50913 --- [e-shop-backend] [http-nio-8080-exec-4] org.hibernate.orm.jdbc.bind              : binding parameter (1:BIGINT) <- [2]
2026-05-14T08:49:30.265+02:00 DEBUG 50913 --- [e-shop-backend] [http-nio-8080-exec-5] org.hibernate.SQL                        : select u1_0.id,u1_0.created_at,u1_0.email,u1_0.name,u1_0.password,u1_0.role,u1_0.surname,u1_0.updated_at,u1_0.username from users u1_0 where u1_0.username=?
2026-05-14T08:49:30.265+02:00 TRACE 50913 --- [e-shop-backend] [http-nio-8080-exec-5] org.hibernate.orm.jdbc.bind              : binding parameter (1:VARCHAR) <- [admin]
2026-05-14T08:49:30.267+02:00 DEBUG 50913 --- [e-shop-backend] [http-nio-8080-exec-5] org.hibernate.SQL                        : select sc1_0.id,sc1_0.created_at,sc1_0.updated_at,sc1_0.user_id from shopping_carts sc1_0 where sc1_0.user_id=?
2026-05-14T08:49:30.267+02:00 TRACE 50913 --- [e-shop-backend] [http-nio-8080-exec-5] org.hibernate.orm.jdbc.bind              : binding parameter (1:BIGINT) <- [7]
2026-05-14T08:49:30.273+02:00 DEBUG 50913 --- [e-shop-backend] [http-nio-8080-exec-5] org.hibernate.SQL                        : select b1_0.id,b1_0.author_id,a1_0.id,a1_0.country_id,c1_0.id,c1_0.continent,c1_0.name,a1_0.created_at,a1_0.name,a1_0.surname,a1_0.updated_at,b1_0.available_copies,b1_0.category,b1_0.created_at,b1_0.date_published,b1_0.name,b1_0.state,b1_0.updated_at from books b1_0 join authors a1_0 on a1_0.id=b1_0.author_id join countries c1_0 on c1_0.id=a1_0.country_id
2026-05-14T08:49:32.760+02:00 DEBUG 50913 --- [e-shop-backend] [http-nio-8080-exec-7] org.hibernate.SQL                        : select u1_0.id,u1_0.created_at,u1_0.email,u1_0.name,u1_0.password,u1_0.role,u1_0.surname,u1_0.updated_at,u1_0.username from users u1_0 where u1_0.username=?
2026-05-14T08:49:32.762+02:00 TRACE 50913 --- [e-shop-backend] [http-nio-8080-exec-7] org.hibernate.orm.jdbc.bind              : binding parameter (1:VARCHAR) <- [admin]
2026-05-14T08:49:32.764+02:00 DEBUG 50913 --- [e-shop-backend] [http-nio-8080-exec-7] org.hibernate.SQL                        : select sc1_0.id,sc1_0.created_at,sc1_0.updated_at,sc1_0.user_id from shopping_carts sc1_0 where sc1_0.user_id=?
2026-05-14T08:49:32.764+02:00 TRACE 50913 --- [e-shop-backend] [http-nio-8080-exec-7] org.hibernate.orm.jdbc.bind              : binding parameter (1:BIGINT) <- [7]
2026-05-14T08:49:32.774+02:00 DEBUG 50913 --- [e-shop-backend] [http-nio-8080-exec-7] org.hibernate.SQL                        : select b1_0.id,b1_0.author_id,b1_0.available_copies,b1_0.category,b1_0.created_at,b1_0.date_published,b1_0.name,b1_0.state,b1_0.updated_at from books b1_0 where b1_0.state=?
2026-05-14T08:49:32.775+02:00 TRACE 50913 --- [e-shop-backend] [http-nio-8080-exec-7] org.hibernate.orm.jdbc.bind              : binding parameter (1:VARCHAR) <- [GOOD]
2026-05-14T08:49:32.777+02:00 DEBUG 50913 --- [e-shop-backend] [http-nio-8080-exec-7] org.hibernate.SQL                        : select a1_0.id,a1_0.country_id,c1_0.id,c1_0.continent,c1_0.name,a1_0.created_at,a1_0.name,a1_0.surname,a1_0.updated_at from authors a1_0 join countries c1_0 on c1_0.id=a1_0.country_id where a1_0.id=?
2026-05-14T08:49:32.778+02:00 TRACE 50913 --- [e-shop-backend] [http-nio-8080-exec-7] org.hibernate.orm.jdbc.bind              : binding parameter (1:BIGINT) <- [1]
2026-05-14T08:49:32.780+02:00 DEBUG 50913 --- [e-shop-backend] [http-nio-8080-exec-7] org.hibernate.SQL                        : select a1_0.id,a1_0.country_id,c1_0.id,c1_0.continent,c1_0.name,a1_0.created_at,a1_0.name,a1_0.surname,a1_0.updated_at from authors a1_0 join countries c1_0 on c1_0.id=a1_0.country_id where a1_0.id=?
2026-05-14T08:49:32.780+02:00 TRACE 50913 --- [e-shop-backend] [http-nio-8080-exec-7] org.hibernate.orm.jdbc.bind              : binding parameter (1:BIGINT) <- [2]
2026-05-14T08:49:32.783+02:00 DEBUG 50913 --- [e-shop-backend] [http-nio-8080-exec-7] org.hibernate.SQL                        : select a1_0.id,a1_0.country_id,c1_0.id,c1_0.continent,c1_0.name,a1_0.created_at,a1_0.name,a1_0.surname,a1_0.updated_at from authors a1_0 join countries c1_0 on c1_0.id=a1_0.country_id where a1_0.id=?
2026-05-14T08:49:32.783+02:00 TRACE 50913 --- [e-shop-backend] [http-nio-8080-exec-7] org.hibernate.orm.jdbc.bind              : binding parameter (1:BIGINT) <- [3]
2026-05-14T08:49:32.785+02:00 DEBUG 50913 --- [e-shop-backend] [http-nio-8080-exec-7] org.hibernate.SQL                        : select a1_0.id,a1_0.country_id,c1_0.id,c1_0.continent,c1_0.name,a1_0.created_at,a1_0.name,a1_0.surname,a1_0.updated_at from authors a1_0 join countries c1_0 on c1_0.id=a1_0.country_id where a1_0.id=?
2026-05-14T08:49:32.786+02:00 TRACE 50913 --- [e-shop-backend] [http-nio-8080-exec-7] org.hibernate.orm.jdbc.bind              : binding parameter (1:BIGINT) <- [4]
2026-05-14T08:49:32.787+02:00 DEBUG 50913 --- [e-shop-backend] [http-nio-8080-exec-7] org.hibernate.SQL                        : select a1_0.id,a1_0.country_id,c1_0.id,c1_0.continent,c1_0.name,a1_0.created_at,a1_0.name,a1_0.surname,a1_0.updated_at from authors a1_0 join countries c1_0 on c1_0.id=a1_0.country_id where a1_0.id=?
2026-05-14T08:49:32.787+02:00 TRACE 50913 --- [e-shop-backend] [http-nio-8080-exec-7] org.hibernate.orm.jdbc.bind              : binding parameter (1:BIGINT) <- [5]
2026-05-14T08:49:33.230+02:00 DEBUG 50913 --- [e-shop-backend] [http-nio-8080-exec-10] org.hibernate.SQL                        : select u1_0.id,u1_0.created_at,u1_0.email,u1_0.name,u1_0.password,u1_0.role,u1_0.surname,u1_0.updated_at,u1_0.username from users u1_0 where u1_0.username=?
2026-05-14T08:49:33.233+02:00 TRACE 50913 --- [e-shop-backend] [http-nio-8080-exec-10] org.hibernate.orm.jdbc.bind              : binding parameter (1:VARCHAR) <- [admin]
2026-05-14T08:49:33.235+02:00 DEBUG 50913 --- [e-shop-backend] [http-nio-8080-exec-10] org.hibernate.SQL                        : select sc1_0.id,sc1_0.created_at,sc1_0.updated_at,sc1_0.user_id from shopping_carts sc1_0 where sc1_0.user_id=?
2026-05-14T08:49:33.235+02:00 TRACE 50913 --- [e-shop-backend] [http-nio-8080-exec-10] org.hibernate.orm.jdbc.bind              : binding parameter (1:BIGINT) <- [7]
2026-05-14T08:49:33.240+02:00 DEBUG 50913 --- [e-shop-backend] [http-nio-8080-exec-10] org.hibernate.SQL                        : select b1_0.id,b1_0.author_id,b1_0.available_copies,b1_0.category,b1_0.created_at,b1_0.date_published,b1_0.name,b1_0.state,b1_0.updated_at from books b1_0 where b1_0.state=?
2026-05-14T08:49:33.240+02:00 TRACE 50913 --- [e-shop-backend] [http-nio-8080-exec-10] org.hibernate.orm.jdbc.bind              : binding parameter (1:VARCHAR) <- [BAD]
2026-05-14T08:49:33.242+02:00 DEBUG 50913 --- [e-shop-backend] [http-nio-8080-exec-10] org.hibernate.SQL                        : select a1_0.id,a1_0.country_id,c1_0.id,c1_0.continent,c1_0.name,a1_0.created_at,a1_0.name,a1_0.surname,a1_0.updated_at from authors a1_0 join countries c1_0 on c1_0.id=a1_0.country_id where a1_0.id=?
2026-05-14T08:49:33.242+02:00 TRACE 50913 --- [e-shop-backend] [http-nio-8080-exec-10] org.hibernate.orm.jdbc.bind              : binding parameter (1:BIGINT) <- [3]
2026-05-14T08:49:33.245+02:00 DEBUG 50913 --- [e-shop-backend] [http-nio-8080-exec-10] org.hibernate.SQL                        : select a1_0.id,a1_0.country_id,c1_0.id,c1_0.continent,c1_0.name,a1_0.created_at,a1_0.name,a1_0.surname,a1_0.updated_at from authors a1_0 join countries c1_0 on c1_0.id=a1_0.country_id where a1_0.id=?
2026-05-14T08:49:33.245+02:00 TRACE 50913 --- [e-shop-backend] [http-nio-8080-exec-10] org.hibernate.orm.jdbc.bind              : binding parameter (1:BIGINT) <- [5]
2026-05-14T08:49:33.801+02:00 DEBUG 50913 --- [e-shop-backend] [http-nio-8080-exec-2] org.hibernate.SQL                        : select u1_0.id,u1_0.created_at,u1_0.email,u1_0.name,u1_0.password,u1_0.role,u1_0.surname,u1_0.updated_at,u1_0.username from users u1_0 where u1_0.username=?
2026-05-14T08:49:33.803+02:00 TRACE 50913 --- [e-shop-backend] [http-nio-8080-exec-2] org.hibernate.orm.jdbc.bind              : binding parameter (1:VARCHAR) <- [admin]
2026-05-14T08:49:33.805+02:00 DEBUG 50913 --- [e-shop-backend] [http-nio-8080-exec-2] org.hibernate.SQL                        : select sc1_0.id,sc1_0.created_at,sc1_0.updated_at,sc1_0.user_id from shopping_carts sc1_0 where sc1_0.user_id=?
2026-05-14T08:49:33.805+02:00 TRACE 50913 --- [e-shop-backend] [http-nio-8080-exec-2] org.hibernate.orm.jdbc.bind              : binding parameter (1:BIGINT) <- [7]
2026-05-14T08:49:33.814+02:00 DEBUG 50913 --- [e-shop-backend] [http-nio-8080-exec-2] org.hibernate.SQL                        : select b1_0.id,b1_0.author_id,a1_0.id,a1_0.country_id,c1_0.id,c1_0.continent,c1_0.name,a1_0.created_at,a1_0.name,a1_0.surname,a1_0.updated_at,b1_0.available_copies,b1_0.category,b1_0.created_at,b1_0.date_published,b1_0.name,b1_0.state,b1_0.updated_at from books b1_0 join authors a1_0 on a1_0.id=b1_0.author_id join countries c1_0 on c1_0.id=a1_0.country_id
2026-05-14T08:49:44.308+02:00 DEBUG 50913 --- [e-shop-backend] [http-nio-8080-exec-3] org.hibernate.SQL                        : select u1_0.id,u1_0.created_at,u1_0.email,u1_0.name,u1_0.password,u1_0.role,u1_0.surname,u1_0.updated_at,u1_0.username from users u1_0 where u1_0.username=?
2026-05-14T08:49:44.312+02:00 TRACE 50913 --- [e-shop-backend] [http-nio-8080-exec-3] org.hibernate.orm.jdbc.bind              : binding parameter (1:VARCHAR) <- [trajce]
2026-05-14T08:49:44.313+02:00 DEBUG 50913 --- [e-shop-backend] [http-nio-8080-exec-3] org.hibernate.SQL                        : select sc1_0.id,sc1_0.created_at,sc1_0.updated_at,sc1_0.user_id from shopping_carts sc1_0 where sc1_0.user_id=?
2026-05-14T08:49:44.314+02:00 TRACE 50913 --- [e-shop-backend] [http-nio-8080-exec-3] org.hibernate.orm.jdbc.bind              : binding parameter (1:BIGINT) <- [6]
2026-05-14T08:49:44.416+02:00 DEBUG 50913 --- [e-shop-backend] [http-nio-8080-exec-6] org.hibernate.SQL                        : select u1_0.id,u1_0.created_at,u1_0.email,u1_0.name,u1_0.password,u1_0.role,u1_0.surname,u1_0.updated_at,u1_0.username from users u1_0 where u1_0.username=?
2026-05-14T08:49:44.416+02:00 TRACE 50913 --- [e-shop-backend] [http-nio-8080-exec-6] org.hibernate.orm.jdbc.bind              : binding parameter (1:VARCHAR) <- [trajce]
2026-05-14T08:49:44.418+02:00 DEBUG 50913 --- [e-shop-backend] [http-nio-8080-exec-6] org.hibernate.SQL                        : select sc1_0.id,sc1_0.created_at,sc1_0.updated_at,sc1_0.user_id from shopping_carts sc1_0 where sc1_0.user_id=?
2026-05-14T08:49:44.418+02:00 TRACE 50913 --- [e-shop-backend] [http-nio-8080-exec-6] org.hibernate.orm.jdbc.bind              : binding parameter (1:BIGINT) <- [6]
2026-05-14T08:49:44.420+02:00 DEBUG 50913 --- [e-shop-backend] [http-nio-8080-exec-6] org.hibernate.SQL                        : select u1_0.id,u1_0.created_at,u1_0.email,u1_0.name,u1_0.password,u1_0.role,u1_0.surname,u1_0.updated_at,u1_0.username from users u1_0 where u1_0.username=?
2026-05-14T08:49:44.420+02:00 TRACE 50913 --- [e-shop-backend] [http-nio-8080-exec-6] org.hibernate.orm.jdbc.bind              : binding parameter (1:VARCHAR) <- [trajce]
2026-05-14T08:49:44.421+02:00 DEBUG 50913 --- [e-shop-backend] [http-nio-8080-exec-6] org.hibernate.SQL                        : select sc1_0.id,sc1_0.created_at,sc1_0.updated_at,sc1_0.user_id from shopping_carts sc1_0 where sc1_0.user_id=?
2026-05-14T08:49:44.421+02:00 TRACE 50913 --- [e-shop-backend] [http-nio-8080-exec-6] org.hibernate.orm.jdbc.bind              : binding parameter (1:BIGINT) <- [6]
2026-05-14T08:49:47.688+02:00 DEBUG 50913 --- [e-shop-backend] [http-nio-8080-exec-10] org.hibernate.SQL                        : select u1_0.id,u1_0.created_at,u1_0.email,u1_0.name,u1_0.password,u1_0.role,u1_0.surname,u1_0.updated_at,u1_0.username from users u1_0 where u1_0.username=?
2026-05-14T08:49:47.688+02:00 DEBUG 50913 --- [e-shop-backend] [http-nio-8080-exec-2] org.hibernate.SQL                        : select u1_0.id,u1_0.created_at,u1_0.email,u1_0.name,u1_0.password,u1_0.role,u1_0.surname,u1_0.updated_at,u1_0.username from users u1_0 where u1_0.username=?
2026-05-14T08:49:47.691+02:00 TRACE 50913 --- [e-shop-backend] [http-nio-8080-exec-10] org.hibernate.orm.jdbc.bind              : binding parameter (1:VARCHAR) <- [trajce]
2026-05-14T08:49:47.691+02:00 TRACE 50913 --- [e-shop-backend] [http-nio-8080-exec-2] org.hibernate.orm.jdbc.bind              : binding parameter (1:VARCHAR) <- [trajce]
2026-05-14T08:49:47.692+02:00 DEBUG 50913 --- [e-shop-backend] [http-nio-8080-exec-2] org.hibernate.SQL                        : select sc1_0.id,sc1_0.created_at,sc1_0.updated_at,sc1_0.user_id from shopping_carts sc1_0 where sc1_0.user_id=?
2026-05-14T08:49:47.692+02:00 DEBUG 50913 --- [e-shop-backend] [http-nio-8080-exec-10] org.hibernate.SQL                        : select sc1_0.id,sc1_0.created_at,sc1_0.updated_at,sc1_0.user_id from shopping_carts sc1_0 where sc1_0.user_id=?
2026-05-14T08:49:47.693+02:00 TRACE 50913 --- [e-shop-backend] [http-nio-8080-exec-2] org.hibernate.orm.jdbc.bind              : binding parameter (1:BIGINT) <- [6]
2026-05-14T08:49:47.693+02:00 TRACE 50913 --- [e-shop-backend] [http-nio-8080-exec-10] org.hibernate.orm.jdbc.bind              : binding parameter (1:BIGINT) <- [6]
2026-05-14T08:49:47.700+02:00 DEBUG 50913 --- [e-shop-backend] [http-nio-8080-exec-2] org.hibernate.SQL                        : select a1_0.id,a1_0.country_id,a1_0.created_at,a1_0.name,a1_0.surname,a1_0.updated_at from authors a1_0
2026-05-14T08:49:47.700+02:00 DEBUG 50913 --- [e-shop-backend] [http-nio-8080-exec-10] org.hibernate.SQL                        : select b1_0.id,b1_0.author_id,a1_0.id,a1_0.country_id,c1_0.id,c1_0.continent,c1_0.name,a1_0.created_at,a1_0.name,a1_0.surname,a1_0.updated_at,b1_0.available_copies,b1_0.category,b1_0.created_at,b1_0.date_published,b1_0.name,b1_0.state,b1_0.updated_at from books b1_0 join authors a1_0 on a1_0.id=b1_0.author_id join countries c1_0 on c1_0.id=a1_0.country_id
2026-05-14T08:49:47.704+02:00 DEBUG 50913 --- [e-shop-backend] [http-nio-8080-exec-2] org.hibernate.SQL                        : select c1_0.id,c1_0.continent,c1_0.name from countries c1_0 where c1_0.id=?
2026-05-14T08:49:47.704+02:00 TRACE 50913 --- [e-shop-backend] [http-nio-8080-exec-2] org.hibernate.orm.jdbc.bind              : binding parameter (1:BIGINT) <- [1]
2026-05-14T08:49:47.707+02:00 DEBUG 50913 --- [e-shop-backend] [http-nio-8080-exec-2] org.hibernate.SQL                        : select c1_0.id,c1_0.continent,c1_0.name from countries c1_0 where c1_0.id=?
2026-05-14T08:49:47.707+02:00 TRACE 50913 --- [e-shop-backend] [http-nio-8080-exec-2] org.hibernate.orm.jdbc.bind              : binding parameter (1:BIGINT) <- [2]
2026-05-14T08:49:47.708+02:00 DEBUG 50913 --- [e-shop-backend] [http-nio-8080-exec-2] org.hibernate.SQL                        : select c1_0.id,c1_0.continent,c1_0.name from countries c1_0 where c1_0.id=?
2026-05-14T08:49:47.709+02:00 TRACE 50913 --- [e-shop-backend] [http-nio-8080-exec-2] org.hibernate.orm.jdbc.bind              : binding parameter (1:BIGINT) <- [3]
2026-05-14T08:49:47.711+02:00 DEBUG 50913 --- [e-shop-backend] [http-nio-8080-exec-2] org.hibernate.SQL                        : select c1_0.id,c1_0.continent,c1_0.name from countries c1_0 where c1_0.id=?
2026-05-14T08:49:47.711+02:00 TRACE 50913 --- [e-shop-backend] [http-nio-8080-exec-2] org.hibernate.orm.jdbc.bind              : binding parameter (1:BIGINT) <- [4]
2026-05-14T08:49:47.712+02:00 DEBUG 50913 --- [e-shop-backend] [http-nio-8080-exec-1] org.hibernate.SQL                        : select u1_0.id,u1_0.created_at,u1_0.email,u1_0.name,u1_0.password,u1_0.role,u1_0.surname,u1_0.updated_at,u1_0.username from users u1_0 where u1_0.username=?
2026-05-14T08:49:47.712+02:00 TRACE 50913 --- [e-shop-backend] [http-nio-8080-exec-1] org.hibernate.orm.jdbc.bind              : binding parameter (1:VARCHAR) <- [trajce]
2026-05-14T08:49:47.713+02:00 DEBUG 50913 --- [e-shop-backend] [http-nio-8080-exec-2] org.hibernate.SQL                        : select c1_0.id,c1_0.continent,c1_0.name from countries c1_0 where c1_0.id=?
2026-05-14T08:49:47.713+02:00 TRACE 50913 --- [e-shop-backend] [http-nio-8080-exec-2] org.hibernate.orm.jdbc.bind              : binding parameter (1:BIGINT) <- [5]
2026-05-14T08:49:47.713+02:00 DEBUG 50913 --- [e-shop-backend] [http-nio-8080-exec-1] org.hibernate.SQL                        : select sc1_0.id,sc1_0.created_at,sc1_0.updated_at,sc1_0.user_id from shopping_carts sc1_0 where sc1_0.user_id=?
2026-05-14T08:49:47.713+02:00 TRACE 50913 --- [e-shop-backend] [http-nio-8080-exec-1] org.hibernate.orm.jdbc.bind              : binding parameter (1:BIGINT) <- [6]
2026-05-14T08:49:47.717+02:00 DEBUG 50913 --- [e-shop-backend] [http-nio-8080-exec-3] org.hibernate.SQL                        : select u1_0.id,u1_0.created_at,u1_0.email,u1_0.name,u1_0.password,u1_0.role,u1_0.surname,u1_0.updated_at,u1_0.username from users u1_0 where u1_0.username=?
2026-05-14T08:49:47.717+02:00 TRACE 50913 --- [e-shop-backend] [http-nio-8080-exec-3] org.hibernate.orm.jdbc.bind              : binding parameter (1:VARCHAR) <- [trajce]
2026-05-14T08:49:47.718+02:00 DEBUG 50913 --- [e-shop-backend] [http-nio-8080-exec-1] org.hibernate.SQL                        : select b1_0.id,b1_0.author_id,a1_0.id,a1_0.country_id,c1_0.id,c1_0.continent,c1_0.name,a1_0.created_at,a1_0.name,a1_0.surname,a1_0.updated_at,b1_0.available_copies,b1_0.category,b1_0.created_at,b1_0.date_published,b1_0.name,b1_0.state,b1_0.updated_at from books b1_0 join authors a1_0 on a1_0.id=b1_0.author_id join countries c1_0 on c1_0.id=a1_0.country_id
2026-05-14T08:49:47.718+02:00 DEBUG 50913 --- [e-shop-backend] [http-nio-8080-exec-3] org.hibernate.SQL                        : select sc1_0.id,sc1_0.created_at,sc1_0.updated_at,sc1_0.user_id from shopping_carts sc1_0 where sc1_0.user_id=?
2026-05-14T08:49:47.718+02:00 TRACE 50913 --- [e-shop-backend] [http-nio-8080-exec-3] org.hibernate.orm.jdbc.bind              : binding parameter (1:BIGINT) <- [6]
2026-05-14T08:49:47.721+02:00 DEBUG 50913 --- [e-shop-backend] [http-nio-8080-exec-3] org.hibernate.SQL                        : select a1_0.id,a1_0.country_id,a1_0.created_at,a1_0.name,a1_0.surname,a1_0.updated_at from authors a1_0
2026-05-14T08:49:47.721+02:00 DEBUG 50913 --- [e-shop-backend] [http-nio-8080-exec-3] org.hibernate.SQL                        : select c1_0.id,c1_0.continent,c1_0.name from countries c1_0 where c1_0.id=?
2026-05-14T08:49:47.721+02:00 TRACE 50913 --- [e-shop-backend] [http-nio-8080-exec-3] org.hibernate.orm.jdbc.bind              : binding parameter (1:BIGINT) <- [1]
2026-05-14T08:49:47.722+02:00 DEBUG 50913 --- [e-shop-backend] [http-nio-8080-exec-3] org.hibernate.SQL                        : select c1_0.id,c1_0.continent,c1_0.name from countries c1_0 where c1_0.id=?
2026-05-14T08:49:47.722+02:00 TRACE 50913 --- [e-shop-backend] [http-nio-8080-exec-3] org.hibernate.orm.jdbc.bind              : binding parameter (1:BIGINT) <- [2]
2026-05-14T08:49:47.722+02:00 DEBUG 50913 --- [e-shop-backend] [http-nio-8080-exec-3] org.hibernate.SQL                        : select c1_0.id,c1_0.continent,c1_0.name from countries c1_0 where c1_0.id=?
2026-05-14T08:49:47.722+02:00 TRACE 50913 --- [e-shop-backend] [http-nio-8080-exec-3] org.hibernate.orm.jdbc.bind              : binding parameter (1:BIGINT) <- [3]
2026-05-14T08:49:47.723+02:00 DEBUG 50913 --- [e-shop-backend] [http-nio-8080-exec-3] org.hibernate.SQL                        : select c1_0.id,c1_0.continent,c1_0.name from countries c1_0 where c1_0.id=?
2026-05-14T08:49:47.723+02:00 TRACE 50913 --- [e-shop-backend] [http-nio-8080-exec-3] org.hibernate.orm.jdbc.bind              : binding parameter (1:BIGINT) <- [4]
2026-05-14T08:49:47.724+02:00 DEBUG 50913 --- [e-shop-backend] [http-nio-8080-exec-3] org.hibernate.SQL                        : select c1_0.id,c1_0.continent,c1_0.name from countries c1_0 where c1_0.id=?
2026-05-14T08:49:47.724+02:00 TRACE 50913 --- [e-shop-backend] [http-nio-8080-exec-3] org.hibernate.orm.jdbc.bind              : binding parameter (1:BIGINT) <- [5]
2026-05-14T08:49:48.749+02:00 DEBUG 50913 --- [e-shop-backend] [http-nio-8080-exec-4] org.hibernate.SQL                        : select u1_0.id,u1_0.created_at,u1_0.email,u1_0.name,u1_0.password,u1_0.role,u1_0.surname,u1_0.updated_at,u1_0.username from users u1_0 where u1_0.username=?
2026-05-14T08:49:48.751+02:00 TRACE 50913 --- [e-shop-backend] [http-nio-8080-exec-4] org.hibernate.orm.jdbc.bind              : binding parameter (1:VARCHAR) <- [trajce]
2026-05-14T08:49:48.752+02:00 DEBUG 50913 --- [e-shop-backend] [http-nio-8080-exec-4] org.hibernate.SQL                        : select sc1_0.id,sc1_0.created_at,sc1_0.updated_at,sc1_0.user_id from shopping_carts sc1_0 where sc1_0.user_id=?
2026-05-14T08:49:48.752+02:00 TRACE 50913 --- [e-shop-backend] [http-nio-8080-exec-4] org.hibernate.orm.jdbc.bind              : binding parameter (1:BIGINT) <- [6]
2026-05-14T08:49:48.758+02:00 DEBUG 50913 --- [e-shop-backend] [http-nio-8080-exec-4] org.hibernate.SQL                        : select a1_0.id,a1_0.country_id,a1_0.created_at,a1_0.name,a1_0.surname,a1_0.updated_at from authors a1_0
2026-05-14T08:49:48.760+02:00 DEBUG 50913 --- [e-shop-backend] [http-nio-8080-exec-4] org.hibernate.SQL                        : select c1_0.id,c1_0.continent,c1_0.name from countries c1_0 where c1_0.id=?
2026-05-14T08:49:48.761+02:00 TRACE 50913 --- [e-shop-backend] [http-nio-8080-exec-4] org.hibernate.orm.jdbc.bind              : binding parameter (1:BIGINT) <- [1]
2026-05-14T08:49:48.762+02:00 DEBUG 50913 --- [e-shop-backend] [http-nio-8080-exec-4] org.hibernate.SQL                        : select c1_0.id,c1_0.continent,c1_0.name from countries c1_0 where c1_0.id=?
2026-05-14T08:49:48.762+02:00 TRACE 50913 --- [e-shop-backend] [http-nio-8080-exec-4] org.hibernate.orm.jdbc.bind              : binding parameter (1:BIGINT) <- [2]
2026-05-14T08:49:48.763+02:00 DEBUG 50913 --- [e-shop-backend] [http-nio-8080-exec-4] org.hibernate.SQL                        : select c1_0.id,c1_0.continent,c1_0.name from countries c1_0 where c1_0.id=?
2026-05-14T08:49:48.764+02:00 TRACE 50913 --- [e-shop-backend] [http-nio-8080-exec-4] org.hibernate.orm.jdbc.bind              : binding parameter (1:BIGINT) <- [3]
2026-05-14T08:49:48.765+02:00 DEBUG 50913 --- [e-shop-backend] [http-nio-8080-exec-4] org.hibernate.SQL                        : select c1_0.id,c1_0.continent,c1_0.name from countries c1_0 where c1_0.id=?
2026-05-14T08:49:48.765+02:00 TRACE 50913 --- [e-shop-backend] [http-nio-8080-exec-4] org.hibernate.orm.jdbc.bind              : binding parameter (1:BIGINT) <- [4]
2026-05-14T08:49:48.767+02:00 DEBUG 50913 --- [e-shop-backend] [http-nio-8080-exec-4] org.hibernate.SQL                        : select c1_0.id,c1_0.continent,c1_0.name from countries c1_0 where c1_0.id=?
2026-05-14T08:49:48.767+02:00 TRACE 50913 --- [e-shop-backend] [http-nio-8080-exec-4] org.hibernate.orm.jdbc.bind              : binding parameter (1:BIGINT) <- [5]
2026-05-14T08:49:48.773+02:00 DEBUG 50913 --- [e-shop-backend] [http-nio-8080-exec-4] org.hibernate.SQL                        : select u1_0.id,u1_0.created_at,u1_0.email,u1_0.name,u1_0.password,u1_0.role,u1_0.surname,u1_0.updated_at,u1_0.username from users u1_0 where u1_0.username=?
2026-05-14T08:49:48.773+02:00 TRACE 50913 --- [e-shop-backend] [http-nio-8080-exec-4] org.hibernate.orm.jdbc.bind              : binding parameter (1:VARCHAR) <- [trajce]
2026-05-14T08:49:48.774+02:00 DEBUG 50913 --- [e-shop-backend] [http-nio-8080-exec-4] org.hibernate.SQL                        : select sc1_0.id,sc1_0.created_at,sc1_0.updated_at,sc1_0.user_id from shopping_carts sc1_0 where sc1_0.user_id=?
2026-05-14T08:49:48.774+02:00 TRACE 50913 --- [e-shop-backend] [http-nio-8080-exec-4] org.hibernate.orm.jdbc.bind              : binding parameter (1:BIGINT) <- [6]
2026-05-14T08:49:48.778+02:00 DEBUG 50913 --- [e-shop-backend] [http-nio-8080-exec-4] org.hibernate.SQL                        : select a1_0.id,a1_0.country_id,a1_0.created_at,a1_0.name,a1_0.surname,a1_0.updated_at from authors a1_0
2026-05-14T08:49:48.779+02:00 DEBUG 50913 --- [e-shop-backend] [http-nio-8080-exec-4] org.hibernate.SQL                        : select c1_0.id,c1_0.continent,c1_0.name from countries c1_0 where c1_0.id=?
2026-05-14T08:49:48.779+02:00 TRACE 50913 --- [e-shop-backend] [http-nio-8080-exec-4] org.hibernate.orm.jdbc.bind              : binding parameter (1:BIGINT) <- [1]
2026-05-14T08:49:48.780+02:00 DEBUG 50913 --- [e-shop-backend] [http-nio-8080-exec-4] org.hibernate.SQL                        : select c1_0.id,c1_0.continent,c1_0.name from countries c1_0 where c1_0.id=?
2026-05-14T08:49:48.781+02:00 TRACE 50913 --- [e-shop-backend] [http-nio-8080-exec-4] org.hibernate.orm.jdbc.bind              : binding parameter (1:BIGINT) <- [2]
2026-05-14T08:49:48.782+02:00 DEBUG 50913 --- [e-shop-backend] [http-nio-8080-exec-4] org.hibernate.SQL                        : select c1_0.id,c1_0.continent,c1_0.name from countries c1_0 where c1_0.id=?
2026-05-14T08:49:48.782+02:00 TRACE 50913 --- [e-shop-backend] [http-nio-8080-exec-4] org.hibernate.orm.jdbc.bind              : binding parameter (1:BIGINT) <- [3]
2026-05-14T08:49:48.783+02:00 DEBUG 50913 --- [e-shop-backend] [http-nio-8080-exec-4] org.hibernate.SQL                        : select c1_0.id,c1_0.continent,c1_0.name from countries c1_0 where c1_0.id=?
2026-05-14T08:49:48.783+02:00 TRACE 50913 --- [e-shop-backend] [http-nio-8080-exec-4] org.hibernate.orm.jdbc.bind              : binding parameter (1:BIGINT) <- [4]
2026-05-14T08:49:48.784+02:00 DEBUG 50913 --- [e-shop-backend] [http-nio-8080-exec-4] org.hibernate.SQL                        : select c1_0.id,c1_0.continent,c1_0.name from countries c1_0 where c1_0.id=?
2026-05-14T08:49:48.784+02:00 TRACE 50913 --- [e-shop-backend] [http-nio-8080-exec-4] org.hibernate.orm.jdbc.bind              : binding parameter (1:BIGINT) <- [5]
2026-05-14T08:49:51.848+02:00 DEBUG 50913 --- [e-shop-backend] [http-nio-8080-exec-7] org.hibernate.SQL                        : select u1_0.id,u1_0.created_at,u1_0.email,u1_0.name,u1_0.password,u1_0.role,u1_0.surname,u1_0.updated_at,u1_0.username from users u1_0 where u1_0.username=?
2026-05-14T08:49:51.851+02:00 TRACE 50913 --- [e-shop-backend] [http-nio-8080-exec-7] org.hibernate.orm.jdbc.bind              : binding parameter (1:VARCHAR) <- [trajce]
2026-05-14T08:49:51.852+02:00 DEBUG 50913 --- [e-shop-backend] [http-nio-8080-exec-7] org.hibernate.SQL                        : select sc1_0.id,sc1_0.created_at,sc1_0.updated_at,sc1_0.user_id from shopping_carts sc1_0 where sc1_0.user_id=?
2026-05-14T08:49:51.852+02:00 TRACE 50913 --- [e-shop-backend] [http-nio-8080-exec-7] org.hibernate.orm.jdbc.bind              : binding parameter (1:BIGINT) <- [6]
2026-05-14T08:49:52.595+02:00 DEBUG 50913 --- [e-shop-backend] [http-nio-8080-exec-8] org.hibernate.SQL                        : select u1_0.id,u1_0.created_at,u1_0.email,u1_0.name,u1_0.password,u1_0.role,u1_0.surname,u1_0.updated_at,u1_0.username from users u1_0 where u1_0.username=?
2026-05-14T08:49:52.598+02:00 TRACE 50913 --- [e-shop-backend] [http-nio-8080-exec-8] org.hibernate.orm.jdbc.bind              : binding parameter (1:VARCHAR) <- [trajce]
2026-05-14T08:49:52.600+02:00 DEBUG 50913 --- [e-shop-backend] [http-nio-8080-exec-8] org.hibernate.SQL                        : select sc1_0.id,sc1_0.created_at,sc1_0.updated_at,sc1_0.user_id from shopping_carts sc1_0 where sc1_0.user_id=?
2026-05-14T08:49:52.600+02:00 TRACE 50913 --- [e-shop-backend] [http-nio-8080-exec-8] org.hibernate.orm.jdbc.bind              : binding parameter (1:BIGINT) <- [6]
2026-05-14T08:49:52.606+02:00 DEBUG 50913 --- [e-shop-backend] [http-nio-8080-exec-8] org.hibernate.SQL                        : select a1_0.id,a1_0.country_id,a1_0.created_at,a1_0.name,a1_0.surname,a1_0.updated_at from authors a1_0
2026-05-14T08:49:52.607+02:00 DEBUG 50913 --- [e-shop-backend] [http-nio-8080-exec-8] org.hibernate.SQL                        : select c1_0.id,c1_0.continent,c1_0.name from countries c1_0 where c1_0.id=?
2026-05-14T08:49:52.608+02:00 TRACE 50913 --- [e-shop-backend] [http-nio-8080-exec-8] org.hibernate.orm.jdbc.bind              : binding parameter (1:BIGINT) <- [1]
2026-05-14T08:49:52.609+02:00 DEBUG 50913 --- [e-shop-backend] [http-nio-8080-exec-8] org.hibernate.SQL                        : select c1_0.id,c1_0.continent,c1_0.name from countries c1_0 where c1_0.id=?
2026-05-14T08:49:52.609+02:00 TRACE 50913 --- [e-shop-backend] [http-nio-8080-exec-8] org.hibernate.orm.jdbc.bind              : binding parameter (1:BIGINT) <- [2]
2026-05-14T08:49:52.610+02:00 DEBUG 50913 --- [e-shop-backend] [http-nio-8080-exec-8] org.hibernate.SQL                        : select c1_0.id,c1_0.continent,c1_0.name from countries c1_0 where c1_0.id=?
2026-05-14T08:49:52.610+02:00 TRACE 50913 --- [e-shop-backend] [http-nio-8080-exec-8] org.hibernate.orm.jdbc.bind              : binding parameter (1:BIGINT) <- [3]
2026-05-14T08:49:52.611+02:00 DEBUG 50913 --- [e-shop-backend] [http-nio-8080-exec-8] org.hibernate.SQL                        : select c1_0.id,c1_0.continent,c1_0.name from countries c1_0 where c1_0.id=?
2026-05-14T08:49:52.611+02:00 TRACE 50913 --- [e-shop-backend] [http-nio-8080-exec-8] org.hibernate.orm.jdbc.bind              : binding parameter (1:BIGINT) <- [4]
2026-05-14T08:49:52.612+02:00 DEBUG 50913 --- [e-shop-backend] [http-nio-8080-exec-8] org.hibernate.SQL                        : select c1_0.id,c1_0.continent,c1_0.name from countries c1_0 where c1_0.id=?
2026-05-14T08:49:52.613+02:00 TRACE 50913 --- [e-shop-backend] [http-nio-8080-exec-8] org.hibernate.orm.jdbc.bind              : binding parameter (1:BIGINT) <- [5]
2026-05-14T08:49:52.618+02:00 DEBUG 50913 --- [e-shop-backend] [http-nio-8080-exec-5] org.hibernate.SQL                        : select u1_0.id,u1_0.created_at,u1_0.email,u1_0.name,u1_0.password,u1_0.role,u1_0.surname,u1_0.updated_at,u1_0.username from users u1_0 where u1_0.username=?
2026-05-14T08:49:52.619+02:00 TRACE 50913 --- [e-shop-backend] [http-nio-8080-exec-5] org.hibernate.orm.jdbc.bind              : binding parameter (1:VARCHAR) <- [trajce]
2026-05-14T08:49:52.620+02:00 DEBUG 50913 --- [e-shop-backend] [http-nio-8080-exec-5] org.hibernate.SQL                        : select sc1_0.id,sc1_0.created_at,sc1_0.updated_at,sc1_0.user_id from shopping_carts sc1_0 where sc1_0.user_id=?
2026-05-14T08:49:52.621+02:00 TRACE 50913 --- [e-shop-backend] [http-nio-8080-exec-5] org.hibernate.orm.jdbc.bind              : binding parameter (1:BIGINT) <- [6]
2026-05-14T08:49:52.625+02:00 DEBUG 50913 --- [e-shop-backend] [http-nio-8080-exec-5] org.hibernate.SQL                        : select a1_0.id,a1_0.country_id,a1_0.created_at,a1_0.name,a1_0.surname,a1_0.updated_at from authors a1_0
2026-05-14T08:49:52.627+02:00 DEBUG 50913 --- [e-shop-backend] [http-nio-8080-exec-5] org.hibernate.SQL                        : select c1_0.id,c1_0.continent,c1_0.name from countries c1_0 where c1_0.id=?
2026-05-14T08:49:52.627+02:00 TRACE 50913 --- [e-shop-backend] [http-nio-8080-exec-5] org.hibernate.orm.jdbc.bind              : binding parameter (1:BIGINT) <- [1]
2026-05-14T08:49:52.628+02:00 DEBUG 50913 --- [e-shop-backend] [http-nio-8080-exec-5] org.hibernate.SQL                        : select c1_0.id,c1_0.continent,c1_0.name from countries c1_0 where c1_0.id=?
2026-05-14T08:49:52.628+02:00 TRACE 50913 --- [e-shop-backend] [http-nio-8080-exec-5] org.hibernate.orm.jdbc.bind              : binding parameter (1:BIGINT) <- [2]
2026-05-14T08:49:52.629+02:00 DEBUG 50913 --- [e-shop-backend] [http-nio-8080-exec-5] org.hibernate.SQL                        : select c1_0.id,c1_0.continent,c1_0.name from countries c1_0 where c1_0.id=?
2026-05-14T08:49:52.629+02:00 TRACE 50913 --- [e-shop-backend] [http-nio-8080-exec-5] org.hibernate.orm.jdbc.bind              : binding parameter (1:BIGINT) <- [3]
2026-05-14T08:49:52.630+02:00 DEBUG 50913 --- [e-shop-backend] [http-nio-8080-exec-5] org.hibernate.SQL                        : select c1_0.id,c1_0.continent,c1_0.name from countries c1_0 where c1_0.id=?
2026-05-14T08:49:52.630+02:00 TRACE 50913 --- [e-shop-backend] [http-nio-8080-exec-5] org.hibernate.orm.jdbc.bind              : binding parameter (1:BIGINT) <- [4]
2026-05-14T08:49:52.631+02:00 DEBUG 50913 --- [e-shop-backend] [http-nio-8080-exec-5] org.hibernate.SQL                        : select c1_0.id,c1_0.continent,c1_0.name from countries c1_0 where c1_0.id=?
2026-05-14T08:49:52.631+02:00 TRACE 50913 --- [e-shop-backend] [http-nio-8080-exec-5] org.hibernate.orm.jdbc.bind              : binding parameter (1:BIGINT) <- [5]
2026-05-14T08:50:00.005+02:00  INFO 50913 --- [e-shop-backend] [scheduling-1] c.e.e.j.MaterializedViewRefreshScheduler : Refreshing BOOKS_STATS_MV...
2026-05-14T08:50:00.007+02:00 DEBUG 50913 --- [e-shop-backend] [scheduling-1] org.hibernate.SQL                        : refresh materialized view books_stats_view
2026-05-14T08:50:00.011+02:00  INFO 50913 --- [e-shop-backend] [scheduling-1] c.e.e.j.MaterializedViewRefreshScheduler : BOOKS_STATS_MV successfully refreshed.
2026-05-14T08:51:00.005+02:00  INFO 50913 --- [e-shop-backend] [scheduling-1] c.e.e.j.MaterializedViewRefreshScheduler : Refreshing BOOKS_STATS_MV...
2026-05-14T08:51:00.009+02:00 DEBUG 50913 --- [e-shop-backend] [scheduling-1] org.hibernate.SQL                        : refresh materialized view books_stats_view
2026-05-14T08:51:00.016+02:00  INFO 50913 --- [e-shop-backend] [scheduling-1] c.e.e.j.MaterializedViewRefreshScheduler : BOOKS_STATS_MV successfully refreshed.
2026-05-14T08:52:00.032+02:00  INFO 50913 --- [e-shop-backend] [scheduling-1] c.e.e.j.MaterializedViewRefreshScheduler : Refreshing BOOKS_STATS_MV...
2026-05-14T08:52:00.033+02:00 DEBUG 50913 --- [e-shop-backend] [scheduling-1] org.hibernate.SQL                        : refresh materialized view books_stats_view
2026-05-14T08:52:00.037+02:00  INFO 50913 --- [e-shop-backend] [scheduling-1] c.e.e.j.MaterializedViewRefreshScheduler : BOOKS_STATS_MV successfully refreshed.
